2026-09-23 10:04:11,771 [INFO] Starting flight producer -> localhost:9092 (topic: flight-events)
2026-09-23 10:04:11,771 [INFO] Produced SG551 | CCU -> BOM | status=ON_TIME delay=0min
2026-09-23 10:04:12,775 [INFO] Produced QP232 | HYD -> BOM | status=ON_TIME delay=0min
2026-09-23 10:04:13,780 [INFO] Produced UK853 | BOM -> BLR | status=ON_TIME delay=0min
2026-09-23 10:04:14,781 [INFO] Produced 6E845 | HYD -> CCU | status=ON_TIME delay=0min
2026-09-23 10:04:15,786 [INFO] Produced QP535 | BLR -> HYD | status=ON_TIME delay=0min
2026-09-23 10:04:16,787 [INFO] Produced I5426 | BOM -> HYD | status=ON_TIME delay=0min
2026-09-23 10:04:17,792 [INFO] Produced 6E408 | MAA -> BOM | status=ON_TIME delay=0min
2026-09-23 10:04:18,797 [INFO] Produced 6E686 | DEL -> MAA | status=DELAYED delay=107min
2026-09-23 10:04:19,803 [INFO] Produced I5934 | HYD -> DEL | status=ON_TIME delay=0min
2026-09-23 10:04:20,807 [INFO] Produced SG125 | BOM -> CCU | status=DELAYED delay=71min
2026-09-23 10:04:21,809 [INFO] Produced AI861 | CCU -> BLR | status=ON_TIME delay=0min
2026-09-23 10:04:22,809 [INFO] Produced UK330 | MAA -> BOM | status=ON_TIME delay=0min
2026-09-23 10:04:23,811 [INFO] Produced 6E820 | HYD -> CCU | status=DELAYED delay=3min
2026-09-23 10:04:24,813 [INFO] Produced I5237 | BOM -> MAA | status=DELAYED delay=33min
2026-09-23 10:04:25,816 [INFO] Produced SG351 | CCU -> BLR | status=DELAYED delay=46min
2026-09-23 10:04:26,817 [INFO] Produced QP618 | MAA -> CCU | status=DELAYED delay=73min
2026-09-23 10:04:27,822 [INFO] Produced AI344 | BOM -> CCU | status=DELAYED delay=79min
2026-09-23 10:04:28,827 [INFO] Produced 6E466 | DEL -> HYD | status=ON_TIME delay=0min
2026-09-23 10:04:29,832 [INFO] Produced AI483 | DEL -> HYD | status=ON_TIME delay=0min
2026-09-23 10:04:30,834 [INFO] Produced AI481 | BOM -> HYD | status=ON_TIME delay=0min
2026-09-23 10:04:31,835 [INFO] Produced 6E624 | CCU -> HYD | status=DELAYED delay=34min
2026-09-23 10:04:32,840 [INFO] Produced UK412 | BLR -> CCU | status=ON_TIME delay=0min
2026-09-23 10:04:33,842 [INFO] Produced SG832 | CCU -> BOM | status=DELAYED delay=111min
2026-09-23 10:04:34,842 [INFO] Produced SG147 | HYD -> MAA | status=ON_TIME delay=0min
2026-09-23 10:04:35,847 [INFO] Produced 6E314 | BOM -> MAA | status=ON_TIME delay=0min
2026-09-23 10:04:36,849 [INFO] Produced UK988 | DEL -> HYD | status=ON_TIME delay=0min
2026-09-23 10:04:37,852 [INFO] Produced SG254 | BLR -> CCU | status=DELAYED delay=84min
2026-09-23 10:04:38,857 [INFO] Produced QP540 | MAA -> DEL | status=ON_TIME delay=0min
2026-09-23 10:04:39,858 [INFO] Produced I5361 | CCU -> BOM | status=ON_TIME delay=0min
2026-09-23 10:04:40,860 [INFO] Produced I5264 | MAA -> DEL | status=CANCELLED delay=0min
2026-09-23 10:04:41,865 [INFO] Produced SG690 | BOM -> DEL | status=ON_TIME delay=0min
2026-09-23 10:04:42,868 [INFO] Produced I5117 | CCU -> MAA | status=CANCELLED delay=0min
2026-09-23 10:04:43,870 [INFO] Produced AI664 | BOM -> CCU | status=ON_TIME delay=0min
2026-09-23 10:04:44,873 [INFO] Produced AI773 | BLR -> HYD | status=ON_TIME delay=0min
2026-09-23 10:04:45,878 [INFO] Produced I5529 | MAA -> DEL | status=DELAYED delay=58min
2026-09-23 10:04:46,881 [INFO] Produced AI120 | CCU -> DEL | status=ON_TIME delay=0min
2026-09-23 10:04:47,886 [INFO] Produced AI257 | BOM -> HYD | status=ON_TIME delay=0min
2026-09-23 10:04:48,886 [INFO] Produced 6E762 | CCU -> MAA | status=ON_TIME delay=0min
2026-09-23 10:04:49,890 [INFO] Produced SG135 | DEL -> BOM | status=ON_TIME delay=0min
2026-09-23 10:04:50,891 [INFO] Produced QP597 | BLR -> HYD | status=DELAYED delay=62min
2026-09-23 10:04:51,896 [INFO] Produced UK635 | BLR -> HYD | status=ON_TIME delay=0min
2026-09-23 10:04:52,897 [INFO] Produced UK330 | MAA -> BOM | status=DELAYED delay=46min
2026-09-23 10:04:53,902 [INFO] Produced UK788 | CCU -> DEL | status=DELAYED delay=56min
2026-09-23 10:04:54,902 [INFO] Produced UK734 | HYD -> BLR | status=ON_TIME delay=0min
2026-09-23 10:04:55,905 [INFO] Produced I5242 | BOM -> MAA | status=ON_TIME delay=0min
2026-09-23 10:04:56,907 [INFO] Produced AI669 | MAA -> DEL | status=ON_TIME delay=0min
2026-09-23 10:04:57,911 [INFO] Produced QP342 | DEL -> BLR | status=DELAYED delay=46min
2026-09-23 10:04:58,913 [INFO] Produced QP524 | CCU -> MAA | status=ON_TIME delay=0min
2026-09-23 10:04:59,915 [INFO] Produced AI134 | DEL -> HYD | status=ON_TIME delay=0min
2026-09-23 10:05:00,917 [INFO] Produced I5287 | MAA -> DEL | status=DELAYED delay=25min
2026-09-23 10:05:01,920 [INFO] Produced SG755 | MAA -> DEL | status=ON_TIME delay=0min
2026-09-23 10:05:02,922 [INFO] Produced UK517 | MAA -> DEL | status=ON_TIME delay=0min
2026-09-23 10:05:03,927 [INFO] Produced I5854 | CCU -> MAA | status=ON_TIME delay=0min
2026-09-23 10:05:04,932 [INFO] Produced I5597 | BLR -> HYD | status=DELAYED delay=30min
2026-09-23 10:05:05,937 [INFO] Produced SG675 | BOM -> MAA | status=DELAYED delay=94min
2026-09-23 10:05:06,942 [INFO] Produced AI665 | HYD -> BLR | status=DELAYED delay=85min
2026-09-23 10:05:07,947 [INFO] Produced QP846 | DEL -> BOM | status=DELAYED delay=4min
2026-09-23 10:05:08,952 [INFO] Produced I5171 | DEL -> MAA | status=ON_TIME delay=0min
2026-09-23 10:05:09,955 [INFO] Produced SG705 | CCU -> MAA | status=DELAYED delay=64min
2026-09-23 10:05:10,959 [INFO] Produced AI872 | DEL -> CCU | status=ON_TIME delay=0min
2026-09-23 10:05:11,961 [INFO] Produced AI831 | BOM -> DEL | status=ON_TIME delay=0min
2026-09-23 10:05:12,964 [INFO] Produced AI730 | CCU -> BOM | status=ON_TIME delay=0min
2026-09-23 10:05:13,968 [INFO] Produced QP263 | DEL -> MAA | status=DELAYED delay=8min
2026-09-23 10:05:14,973 [INFO] Produced QP683 | CCU -> MAA | status=CANCELLED delay=0min
2026-09-23 10:05:15,975 [INFO] Produced 6E491 | CCU -> MAA | status=DELAYED delay=34min
2026-09-23 10:05:16,977 [INFO] Produced SG359 | CCU -> BLR | status=DELAYED delay=74min
2026-09-23 10:05:17,979 [INFO] Produced I5927 | HYD -> BOM | status=CANCELLED delay=0min
2026-09-23 10:05:18,984 [INFO] Produced 6E880 | DEL -> HYD | status=ON_TIME delay=0min
2026-09-23 10:05:19,984 [INFO] Produced 6E468 | HYD -> BOM | status=ON_TIME delay=0min
2026-09-23 10:05:20,987 [INFO] Produced UK125 | MAA -> CCU | status=ON_TIME delay=0min
2026-09-23 10:05:21,991 [INFO] Produced UK528 | HYD -> MAA | status=DELAYED delay=115min
2026-09-23 10:05:22,996 [INFO] Produced SG478 | BOM -> CCU | status=DELAYED delay=51min
2026-09-23 10:05:23,998 [INFO] Produced AI300 | BLR -> BOM | status=DELAYED delay=27min
2026-09-23 10:05:25,004 [INFO] Produced QP720 | HYD -> CCU | status=DELAYED delay=4min
2026-09-23 10:05:26,007 [INFO] Produced 6E310 | DEL -> MAA | status=ON_TIME delay=0min
2026-09-23 10:05:27,009 [INFO] Produced SG206 | DEL -> MAA | status=ON_TIME delay=0min
2026-09-23 10:05:28,014 [INFO] Produced AI560 | MAA -> CCU | status=DELAYED delay=9min
2026-09-23 10:05:29,017 [INFO] Produced UK905 | MAA -> BLR | status=DELAYED delay=31min
2026-09-23 10:05:30,022 [INFO] Produced QP703 | CCU -> HYD | status=ON_TIME delay=0min
2026-09-23 10:05:31,023 [INFO] Produced UK139 | CCU -> BOM | status=ON_TIME delay=0min
2026-09-23 10:05:32,027 [INFO] Produced SG781 | DEL -> MAA | status=ON_TIME delay=0min
2026-09-23 10:05:33,030 [INFO] Produced UK513 | HYD -> MAA | status=ON_TIME delay=0min
2026-09-23 10:05:34,031 [INFO] Produced QP993 | MAA -> DEL | status=ON_TIME delay=0min
2026-09-23 10:05:35,033 [INFO] Produced QP494 | BOM -> CCU | status=ON_TIME delay=0min
2026-09-23 10:05:36,033 [INFO] Produced SG488 | BOM -> HYD | status=DELAYED delay=25min
2026-09-23 10:05:37,038 [INFO] Produced UK357 | CCU -> BOM | status=ON_TIME delay=0min
2026-09-23 10:05:38,041 [INFO] Produced SG213 | MAA -> BLR | status=DELAYED delay=46min
2026-09-23 10:05:39,045 [INFO] Produced UK482 | HYD -> BLR | status=ON_TIME delay=0min
2026-09-23 10:05:40,051 [INFO] Produced 6E552 | DEL -> BLR | status=ON_TIME delay=0min
2026-09-23 10:05:41,055 [INFO] Produced 6E246 | CCU -> MAA | status=ON_TIME delay=0min
2026-09-23 10:05:42,056 [INFO] Produced AI237 | CCU -> DEL | status=ON_TIME delay=0min
2026-09-23 10:05:43,059 [INFO] Produced AI294 | BOM -> DEL | status=DELAYED delay=112min
2026-09-23 10:05:44,061 [INFO] Produced UK557 | BLR -> DEL | status=ON_TIME delay=0min
2026-09-23 10:05:45,065 [INFO] Produced QP905 | MAA -> HYD | status=DELAYED delay=117min
2026-09-23 10:05:46,070 [INFO] Produced 6E286 | DEL -> CCU | status=DELAYED delay=6min
2026-09-23 10:05:47,075 [INFO] Produced 6E508 | CCU -> MAA | status=ON_TIME delay=0min
2026-09-23 10:05:48,081 [INFO] Produced AI999 | MAA -> BLR | status=ON_TIME delay=0min
2026-09-23 10:05:49,082 [INFO] Produced QP805 | BLR -> BOM | status=ON_TIME delay=0min
2026-09-23 10:05:50,085 [INFO] Produced 6E928 | DEL -> MAA | status=ON_TIME delay=0min
2026-09-23 10:05:51,090 [INFO] Produced 6E640 | BLR -> MAA | status=ON_TIME delay=0min
2026-09-23 10:05:52,090 [INFO] Produced QP888 | CCU -> HYD | status=ON_TIME delay=0min
2026-09-23 10:05:53,096 [INFO] Produced I5743 | DEL -> BOM | status=ON_TIME delay=0min
2026-09-23 10:05:54,101 [INFO] Produced AI360 | BOM -> HYD | status=ON_TIME delay=0min
2026-09-23 10:05:55,104 [INFO] Produced SG482 | BOM -> BLR | status=DELAYED delay=5min
2026-09-23 10:05:56,108 [INFO] Produced UK239 | MAA -> DEL | status=DELAYED delay=45min
2026-09-23 10:05:57,113 [INFO] Produced I5253 | HYD -> MAA | status=ON_TIME delay=0min
2026-09-23 10:05:58,114 [INFO] Produced AI547 | DEL -> BOM | status=ON_TIME delay=0min
2026-09-23 10:05:59,120 [INFO] Produced UK345 | CCU -> HYD | status=ON_TIME delay=0min
2026-09-23 10:06:00,124 [INFO] Produced SG136 | BOM -> DEL | status=ON_TIME delay=0min
2026-09-23 10:06:01,125 [INFO] Produced QP183 | HYD -> CCU | status=ON_TIME delay=0min
2026-09-23 10:06:02,129 [INFO] Produced SG174 | BLR -> CCU | status=ON_TIME delay=0min
2026-09-23 10:06:03,131 [INFO] Produced SG229 | CCU -> BLR | status=DELAYED delay=1min
2026-09-23 10:06:04,131 [INFO] Produced SG465 | BOM -> BLR | status=ON_TIME delay=0min
2026-09-23 10:06:05,132 [INFO] Produced SG834 | BOM -> HYD | status=ON_TIME delay=0min
2026-09-23 10:06:06,137 [INFO] Produced I5948 | DEL -> BOM | status=ON_TIME delay=0min
2026-09-23 10:06:07,142 [INFO] Produced QP844 | CCU -> HYD | status=ON_TIME delay=0min
2026-09-23 10:06:08,143 [INFO] Produced SG272 | DEL -> MAA | status=ON_TIME delay=0min
2026-09-23 10:06:09,144 [INFO] Produced AI306 | CCU -> DEL | status=CANCELLED delay=0min
2026-09-23 10:06:10,145 [INFO] Produced 6E313 | CCU -> BOM | status=ON_TIME delay=0min
2026-09-23 10:06:11,150 [INFO] Produced 6E220 | CCU -> MAA | status=ON_TIME delay=0min
2026-09-23 10:06:12,153 [INFO] Produced AI837 | HYD -> BLR | status=DELAYED delay=22min
2026-09-23 10:06:13,157 [INFO] Produced SG422 | CCU -> BOM | status=ON_TIME delay=0min
2026-09-23 10:06:14,158 [INFO] Produced UK186 | HYD -> CCU | status=ON_TIME delay=0min
2026-09-23 10:06:15,159 [INFO] Produced SG416 | MAA -> BLR | status=ON_TIME delay=0min
2026-09-23 10:06:16,162 [INFO] Produced AI183 | BLR -> DEL | status=ON_TIME delay=0min
2026-09-23 10:06:17,164 [INFO] Produced UK205 | MAA -> BOM | status=ON_TIME delay=0min
2026-09-23 10:06:18,167 [INFO] Produced 6E476 | DEL -> HYD | status=DELAYED delay=104min
2026-09-23 10:06:19,172 [INFO] Produced UK185 | BOM -> CCU | status=ON_TIME delay=0min
2026-09-23 10:06:20,177 [INFO] Produced UK396 | DEL -> BLR | status=ON_TIME delay=0min
2026-09-23 10:06:21,183 [INFO] Produced I5585 | BOM -> MAA | status=DELAYED delay=33min
2026-09-23 10:06:22,183 [INFO] Produced UK261 | BLR -> BOM | status=ON_TIME delay=0min
2026-09-23 10:06:23,186 [INFO] Produced UK612 | CCU -> BLR | status=DELAYED delay=92min
2026-09-23 10:06:24,191 [INFO] Produced UK774 | BLR -> HYD | status=ON_TIME delay=0min
2026-09-23 10:06:25,197 [INFO] Produced 6E608 | BOM -> DEL | status=ON_TIME delay=0min
2026-09-23 10:06:26,197 [INFO] Produced QP439 | MAA -> BOM | status=DELAYED delay=70min
2026-09-23 10:06:27,199 [INFO] Produced 6E546 | BLR -> CCU | status=ON_TIME delay=0min
2026-09-23 10:06:28,204 [INFO] Produced 6E807 | BLR -> HYD | status=ON_TIME delay=0min
2026-09-23 10:06:29,217 [INFO] Produced SG948 | CCU -> MAA | status=ON_TIME delay=0min
2026-09-23 10:06:30,222 [INFO] Produced I5557 | DEL -> HYD | status=DELAYED delay=105min
2026-09-23 10:06:31,224 [INFO] Produced AI887 | BLR -> DEL | status=ON_TIME delay=0min
2026-09-23 10:06:32,226 [INFO] Produced UK856 | HYD -> BOM | status=ON_TIME delay=0min
2026-09-23 10:06:33,230 [INFO] Produced QP566 | BOM -> MAA | status=DELAYED delay=63min
2026-09-23 10:06:34,231 [INFO] Produced SG358 | BLR -> DEL | status=DELAYED delay=54min
2026-09-23 10:06:35,237 [INFO] Produced QP945 | BOM -> DEL | status=CANCELLED delay=0min
2026-09-23 10:06:36,238 [INFO] Produced I5895 | BLR -> DEL | status=DELAYED delay=59min
2026-09-23 10:06:37,241 [INFO] Produced QP772 | BOM -> MAA | status=ON_TIME delay=0min
2026-09-23 10:06:38,247 [INFO] Produced AI454 | MAA -> HYD | status=ON_TIME delay=0min
2026-09-23 10:06:39,249 [INFO] Produced SG588 | BOM -> HYD | status=DELAYED delay=66min
2026-09-23 10:06:40,252 [INFO] Produced I5684 | HYD -> BLR | status=CANCELLED delay=0min
2026-09-23 10:06:41,257 [INFO] Produced QP829 | MAA -> HYD | status=ON_TIME delay=0min
2026-09-23 10:06:42,261 [INFO] Produced SG646 | BOM -> DEL | status=DELAYED delay=28min
2026-09-23 10:06:43,262 [INFO] Produced UK540 | BOM -> DEL | status=ON_TIME delay=0min
2026-09-23 10:06:44,263 [INFO] Produced QP917 | BOM -> HYD | status=ON_TIME delay=0min
2026-09-23 10:06:45,264 [INFO] Produced I5430 | HYD -> MAA | status=DELAYED delay=35min
2026-09-23 10:06:46,265 [INFO] Produced SG870 | DEL -> BOM | status=ON_TIME delay=0min
2026-09-23 10:06:47,266 [INFO] Produced SG744 | DEL -> HYD | status=ON_TIME delay=0min
2026-09-23 10:06:48,268 [INFO] Produced SG410 | DEL -> BLR | status=DELAYED delay=68min
2026-09-23 10:06:49,271 [INFO] Produced QP267 | HYD -> DEL | status=ON_TIME delay=0min
2026-09-23 10:06:50,273 [INFO] Produced AI514 | MAA -> DEL | status=DELAYED delay=83min
2026-09-23 10:06:51,274 [INFO] Produced SG820 | CCU -> DEL | status=ON_TIME delay=0min
2026-09-23 10:06:52,275 [INFO] Produced 6E563 | CCU -> DEL | status=DELAYED delay=5min
2026-09-23 10:06:53,276 [INFO] Produced QP940 | HYD -> BLR | status=ON_TIME delay=0min
2026-09-23 10:06:54,282 [INFO] Produced AI955 | BLR -> BOM | status=DELAYED delay=21min
2026-09-23 10:06:55,284 [INFO] Produced AI588 | HYD -> DEL | status=CANCELLED delay=0min
2026-09-23 10:06:56,285 [INFO] Produced QP351 | BOM -> HYD | status=ON_TIME delay=0min
2026-09-23 10:06:57,290 [INFO] Produced AI767 | CCU -> DEL | status=ON_TIME delay=0min
2026-09-23 10:06:58,291 [INFO] Produced QP746 | BOM -> DEL | status=ON_TIME delay=0min
2026-09-23 10:06:59,292 [INFO] Produced UK890 | MAA -> DEL | status=DELAYED delay=28min
2026-09-23 10:07:00,295 [INFO] Produced QP352 | CCU -> BOM | status=DELAYED delay=45min
2026-09-23 10:07:01,300 [INFO] Produced QP233 | BOM -> BLR | status=ON_TIME delay=0min
2026-09-23 10:07:02,303 [INFO] Produced QP876 | HYD -> MAA | status=DELAYED delay=68min
2026-09-23 10:07:03,304 [INFO] Produced AI824 | BOM -> HYD | status=DELAYED delay=38min
2026-09-23 10:07:04,306 [INFO] Produced UK245 | CCU -> MAA | status=ON_TIME delay=0min
2026-09-23 10:07:05,311 [INFO] Produced QP211 | DEL -> BLR | status=ON_TIME delay=0min
2026-09-23 10:07:06,316 [INFO] Produced QP142 | HYD -> CCU | status=ON_TIME delay=0min
2026-09-23 10:07:07,317 [INFO] Produced AI294 | CCU -> HYD | status=ON_TIME delay=0min
2026-09-23 10:07:08,320 [INFO] Produced QP749 | HYD -> DEL | status=ON_TIME delay=0min
2026-09-23 10:07:09,321 [INFO] Produced UK767 | CCU -> HYD | status=DELAYED delay=30min
2026-09-23 10:07:10,322 [INFO] Produced I5187 | BLR -> HYD | status=ON_TIME delay=0min
2026-09-23 10:07:11,324 [INFO] Produced AI486 | HYD -> BOM | status=ON_TIME delay=0min
2026-09-23 10:07:12,329 [INFO] Produced AI485 | MAA -> CCU | status=ON_TIME delay=0min
2026-09-23 10:07:13,332 [INFO] Produced 6E451 | BLR -> HYD | status=ON_TIME delay=0min
2026-09-23 10:07:14,334 [INFO] Produced QP264 | CCU -> DEL | status=ON_TIME delay=0min
2026-09-23 10:07:15,339 [INFO] Produced UK478 | BOM -> BLR | status=DELAYED delay=58min
2026-09-23 10:07:16,344 [INFO] Produced SG478 | BLR -> BOM | status=ON_TIME delay=0min
2026-09-23 10:07:17,349 [INFO] Produced 6E165 | HYD -> BOM | status=ON_TIME delay=0min
2026-09-23 10:07:18,350 [INFO] Produced SG164 | BLR -> MAA | status=ON_TIME delay=0min
2026-09-23 10:07:19,351 [INFO] Produced I5700 | HYD -> CCU | status=DELAYED delay=62min
2026-09-23 10:07:20,356 [INFO] Produced QP427 | HYD -> MAA | status=ON_TIME delay=0min
2026-09-23 10:07:21,360 [INFO] Produced SG955 | HYD -> MAA | status=DELAYED delay=84min
2026-09-23 10:07:22,365 [INFO] Produced QP199 | CCU -> DEL | status=ON_TIME delay=0min
2026-09-23 10:07:23,370 [INFO] Produced QP584 | MAA -> BOM | status=DELAYED delay=40min
2026-09-23 10:07:24,371 [INFO] Produced UK310 | HYD -> BOM | status=ON_TIME delay=0min
2026-09-23 10:07:25,372 [INFO] Produced SG572 | BLR -> HYD | status=ON_TIME delay=0min
2026-09-23 10:07:26,373 [INFO] Produced I5466 | DEL -> BLR | status=ON_TIME delay=0min
2026-09-23 10:07:27,374 [INFO] Produced SG306 | BOM -> HYD | status=ON_TIME delay=0min
2026-09-23 10:07:28,375 [INFO] Produced I5608 | CCU -> MAA | status=ON_TIME delay=0min
2026-09-23 10:07:29,377 [INFO] Produced QP226 | BOM -> CCU | status=ON_TIME delay=0min
2026-09-23 10:07:30,382 [INFO] Produced UK132 | BLR -> CCU | status=DELAYED delay=29min
2026-09-23 10:07:31,383 [INFO] Produced SG266 | CCU -> BOM | status=ON_TIME delay=0min
2026-09-23 10:07:32,388 [INFO] Produced UK607 | BOM -> HYD | status=DELAYED delay=32min
2026-09-23 10:07:33,393 [INFO] Produced SG549 | HYD -> BOM | status=ON_TIME delay=0min
2026-09-23 10:07:34,398 [INFO] Produced I5188 | DEL -> MAA | status=DELAYED delay=71min
2026-09-23 10:07:35,403 [INFO] Produced QP603 | CCU -> MAA | status=ON_TIME delay=0min
2026-09-23 10:07:36,408 [INFO] Produced 6E990 | MAA -> BOM | status=ON_TIME delay=0min
2026-09-23 10:07:37,411 [INFO] Produced QP513 | MAA -> CCU | status=ON_TIME delay=0min
2026-09-23 10:07:38,416 [INFO] Produced AI621 | CCU -> BLR | status=DELAYED delay=84min
2026-09-23 10:07:39,421 [INFO] Produced QP150 | HYD -> BOM | status=CANCELLED delay=0min
2026-09-23 10:07:40,423 [INFO] Produced I5136 | CCU -> DEL | status=DELAYED delay=38min
2026-09-23 10:07:41,426 [INFO] Produced UK398 | MAA -> BOM | status=ON_TIME delay=0min
2026-09-23 10:07:42,427 [INFO] Produced 6E527 | HYD -> DEL | status=ON_TIME delay=0min
2026-09-23 10:07:43,431 [INFO] Produced UK549 | MAA -> HYD | status=CANCELLED delay=0min
2026-09-23 10:07:44,435 [INFO] Produced UK539 | HYD -> MAA | status=ON_TIME delay=0min
2026-09-23 10:07:45,440 [INFO] Produced SG425 | CCU -> HYD | status=DELAYED delay=44min
2026-09-23 10:07:46,445 [INFO] Produced 6E415 | BOM -> CCU | status=ON_TIME delay=0min
2026-09-23 10:07:47,451 [INFO] Produced UK405 | HYD -> MAA | status=ON_TIME delay=0min
2026-09-23 10:07:48,456 [INFO] Produced QP734 | MAA -> HYD | status=ON_TIME delay=0min
2026-09-23 10:07:49,460 [INFO] Produced UK912 | HYD -> MAA | status=DELAYED delay=21min
2026-09-23 10:07:50,463 [INFO] Produced I5899 | MAA -> HYD | status=ON_TIME delay=0min
2026-09-23 10:07:51,467 [INFO] Produced 6E113 | HYD -> BOM | status=ON_TIME delay=0min
2026-09-23 10:07:52,472 [INFO] Produced QP976 | DEL -> CCU | status=ON_TIME delay=0min
2026-09-23 10:07:53,474 [INFO] Produced I5842 | DEL -> MAA | status=ON_TIME delay=0min
2026-09-23 10:07:54,477 [INFO] Produced SG957 | BOM -> CCU | status=ON_TIME delay=0min
2026-09-23 10:07:55,479 [INFO] Produced 6E161 | HYD -> BOM | status=ON_TIME delay=0min
2026-09-23 10:07:56,485 [INFO] Produced SG496 | MAA -> BOM | status=DELAYED delay=67min
2026-09-23 10:07:57,490 [INFO] Produced 6E988 | CCU -> MAA | status=CANCELLED delay=0min
2026-09-23 10:07:58,495 [INFO] Produced I5285 | BLR -> MAA | status=ON_TIME delay=0min
2026-09-23 10:07:59,496 [INFO] Produced SG781 | HYD -> DEL | status=ON_TIME delay=0min
2026-09-23 10:08:00,499 [INFO] Produced 6E372 | BLR -> DEL | status=DELAYED delay=85min
2026-09-23 10:08:01,501 [INFO] Produced QP716 | HYD -> MAA | status=DELAYED delay=110min
2026-09-23 10:08:02,506 [INFO] Produced AI173 | BOM -> HYD | status=ON_TIME delay=0min
2026-09-23 10:08:03,511 [INFO] Produced AI411 | BOM -> BLR | status=CANCELLED delay=0min
2026-09-23 10:08:04,516 [INFO] Produced SG354 | BLR -> MAA | status=DELAYED delay=67min
2026-09-23 10:08:05,520 [INFO] Produced UK622 | DEL -> BOM | status=ON_TIME delay=0min
2026-09-23 10:08:06,525 [INFO] Produced I5661 | CCU -> BOM | status=DELAYED delay=67min
2026-09-23 10:08:07,530 [INFO] Produced I5399 | BOM -> HYD | status=CANCELLED delay=0min
2026-09-23 10:08:08,531 [INFO] Produced I5565 | BLR -> HYD | status=DELAYED delay=60min
2026-09-23 10:08:09,533 [INFO] Produced UK886 | MAA -> CCU | status=ON_TIME delay=0min
2026-09-23 10:08:10,538 [INFO] Produced QP954 | MAA -> CCU | status=ON_TIME delay=0min
2026-09-23 10:08:11,540 [INFO] Produced QP895 | BOM -> MAA | status=ON_TIME delay=0min
2026-09-23 10:08:12,544 [INFO] Produced AI250 | DEL -> HYD | status=DELAYED delay=91min
2026-09-23 10:08:13,547 [INFO] Produced AI234 | HYD -> DEL | status=ON_TIME delay=0min
2026-09-23 10:08:14,548 [INFO] Produced QP204 | CCU -> BLR | status=ON_TIME delay=0min
2026-09-23 10:08:15,550 [INFO] Produced UK637 | CCU -> MAA | status=ON_TIME delay=0min
2026-09-23 10:08:16,551 [INFO] Produced QP288 | BOM -> CCU | status=ON_TIME delay=0min
2026-09-23 10:08:17,554 [INFO] Produced UK400 | CCU -> DEL | status=ON_TIME delay=0min
2026-09-23 10:08:18,554 [INFO] Produced 6E596 | BOM -> HYD | status=DELAYED delay=10min
2026-09-23 10:08:19,559 [INFO] Produced QP650 | CCU -> DEL | status=DELAYED delay=80min
2026-09-23 10:08:20,564 [INFO] Produced 6E175 | MAA -> HYD | status=DELAYED delay=51min
2026-09-23 10:08:21,567 [INFO] Produced UK824 | BLR -> HYD | status=ON_TIME delay=0min
2026-09-23 10:08:22,570 [INFO] Produced AI362 | DEL -> CCU | status=DELAYED delay=93min
2026-09-23 10:08:23,575 [INFO] Produced SG236 | HYD -> MAA | status=ON_TIME delay=0min
2026-09-23 10:08:24,576 [INFO] Produced AI521 | DEL -> MAA | status=DELAYED delay=85min
2026-09-23 10:08:25,581 [INFO] Produced AI537 | MAA -> BLR | status=DELAYED delay=9min
2026-09-23 10:08:26,582 [INFO] Produced I5370 | MAA -> CCU | status=DELAYED delay=44min
2026-09-23 10:08:27,583 [INFO] Produced AI115 | MAA -> BOM | status=DELAYED delay=74min
2026-09-23 10:08:28,584 [INFO] Produced 6E325 | DEL -> BLR | status=CANCELLED delay=0min
2026-09-23 10:08:29,586 [INFO] Produced UK817 | MAA -> DEL | status=CANCELLED delay=0min
2026-09-23 10:08:30,591 [INFO] Produced SG514 | BOM -> BLR | status=DELAYED delay=96min
2026-09-23 10:08:31,594 [INFO] Produced AI850 | BLR -> HYD | status=ON_TIME delay=0min
2026-09-23 10:08:32,599 [INFO] Produced SG578 | HYD -> BLR | status=ON_TIME delay=0min
2026-09-23 10:08:33,604 [INFO] Produced UK619 | HYD -> BOM | status=ON_TIME delay=0min
2026-09-23 10:08:34,606 [INFO] Produced UK919 | CCU -> HYD | status=ON_TIME delay=0min
2026-09-23 10:08:35,611 [INFO] Produced 6E311 | BOM -> BLR | status=ON_TIME delay=0min
2026-09-23 10:08:36,616 [INFO] Produced UK113 | BOM -> BLR | status=ON_TIME delay=0min
2026-09-23 10:08:37,619 [INFO] Produced SG703 | MAA -> BLR | status=ON_TIME delay=0min
2026-09-23 10:08:38,622 [INFO] Produced I5649 | CCU -> DEL | status=ON_TIME delay=0min
2026-09-23 10:08:39,627 [INFO] Produced I5265 | MAA -> BOM | status=DELAYED delay=81min
2026-09-23 10:08:40,632 [INFO] Produced 6E786 | MAA -> DEL | status=ON_TIME delay=0min
2026-09-23 10:08:41,633 [INFO] Produced SG204 | HYD -> MAA | status=DELAYED delay=75min
2026-09-23 10:08:42,638 [INFO] Produced I5498 | BOM -> DEL | status=DELAYED delay=2min
2026-09-23 10:08:43,643 [INFO] Produced I5817 | HYD -> MAA | status=ON_TIME delay=0min
2026-09-23 10:08:44,648 [INFO] Produced QP910 | DEL -> BOM | status=ON_TIME delay=0min
2026-09-23 10:08:45,654 [INFO] Produced UK909 | CCU -> BLR | status=ON_TIME delay=0min
2026-09-23 10:08:46,654 [INFO] Produced SG584 | DEL -> BOM | status=DELAYED delay=37min
2026-09-23 10:08:47,656 [INFO] Produced QP356 | BLR -> DEL | status=ON_TIME delay=0min
2026-09-23 10:08:48,657 [INFO] Produced 6E628 | BLR -> BOM | status=ON_TIME delay=0min
2026-09-23 10:08:49,660 [INFO] Produced QP873 | HYD -> BLR | status=ON_TIME delay=0min
2026-09-23 10:08:50,660 [INFO] Produced UK572 | BOM -> DEL | status=DELAYED delay=66min
2026-09-23 10:08:51,661 [INFO] Produced 6E446 | BLR -> HYD | status=DELAYED delay=70min
2026-09-23 10:08:52,664 [INFO] Produced AI701 | CCU -> BOM | status=DELAYED delay=68min
2026-09-23 10:08:53,670 [INFO] Produced SG783 | BLR -> BOM | status=ON_TIME delay=0min
2026-09-23 10:08:54,670 [INFO] Produced AI846 | BLR -> HYD | status=ON_TIME delay=0min
2026-09-23 10:08:55,671 [INFO] Produced SG931 | BLR -> HYD | status=DELAYED delay=33min
2026-09-23 10:08:56,674 [INFO] Produced QP498 | BLR -> MAA | status=ON_TIME delay=0min
2026-09-23 10:08:57,674 [INFO] Produced SG782 | BLR -> CCU | status=DELAYED delay=109min
2026-09-23 10:08:58,679 [INFO] Produced 6E208 | MAA -> BLR | status=DELAYED delay=87min
2026-09-23 10:08:59,680 [INFO] Produced QP835 | HYD -> BOM | status=CANCELLED delay=0min
2026-09-23 10:09:00,682 [INFO] Produced I5181 | CCU -> BOM | status=DELAYED delay=36min
2026-09-23 10:09:01,683 [INFO] Produced QP164 | BLR -> MAA | status=ON_TIME delay=0min
2026-09-23 10:09:02,689 [INFO] Produced UK430 | DEL -> BLR | status=DELAYED delay=39min
2026-09-23 10:09:03,694 [INFO] Produced QP561 | HYD -> BOM | status=ON_TIME delay=0min
2026-09-23 10:09:04,699 [INFO] Produced I5441 | CCU -> HYD | status=ON_TIME delay=0min
2026-09-23 10:09:05,704 [INFO] Produced AI709 | MAA -> HYD | status=ON_TIME delay=0min
2026-09-23 10:09:06,708 [INFO] Produced I5680 | CCU -> BOM | status=ON_TIME delay=0min
2026-09-23 10:09:07,710 [INFO] Produced I5944 | HYD -> BLR | status=ON_TIME delay=0min
2026-09-23 10:09:08,715 [INFO] Produced I5810 | HYD -> CCU | status=ON_TIME delay=0min
2026-09-23 10:09:09,719 [INFO] Produced I5595 | BLR -> BOM | status=ON_TIME delay=0min
2026-09-23 10:09:10,721 [INFO] Produced I5927 | DEL -> CCU | status=DELAYED delay=96min
2026-09-23 10:09:11,722 [INFO] Produced AI246 | DEL -> BLR | status=ON_TIME delay=0min
2026-09-23 10:09:12,727 [INFO] Produced UK852 | CCU -> BLR | status=ON_TIME delay=0min
2026-09-23 10:09:13,733 [INFO] Produced UK616 | DEL -> HYD | status=ON_TIME delay=0min
2026-09-23 10:09:14,736 [INFO] Produced 6E509 | HYD -> BOM | status=ON_TIME delay=0min
2026-09-23 10:09:15,741 [INFO] Produced QP302 | HYD -> MAA | status=DELAYED delay=26min
2026-09-23 10:09:16,745 [INFO] Produced AI356 | HYD -> BOM | status=DELAYED delay=18min
2026-09-23 10:09:17,748 [INFO] Produced SG254 | BOM -> CCU | status=ON_TIME delay=0min
2026-09-23 10:09:18,753 [INFO] Produced I5975 | CCU -> MAA | status=DELAYED delay=116min
2026-09-23 10:09:19,757 [INFO] Produced QP453 | CCU -> BOM | status=DELAYED delay=96min
2026-09-23 10:09:20,757 [INFO] Produced AI803 | BLR -> CCU | status=DELAYED delay=4min
2026-09-23 10:09:21,758 [INFO] Produced 6E989 | BOM -> DEL | status=DELAYED delay=103min
2026-09-23 10:09:22,763 [INFO] Produced AI358 | HYD -> BOM | status=DELAYED delay=10min
2026-09-23 10:09:23,768 [INFO] Produced AI752 | BOM -> CCU | status=ON_TIME delay=0min
2026-09-23 10:09:24,773 [INFO] Produced SG309 | DEL -> BLR | status=DELAYED delay=75min
2026-09-23 10:09:25,779 [INFO] Produced AI384 | CCU -> DEL | status=DELAYED delay=91min
2026-09-23 10:09:26,780 [INFO] Produced SG401 | BLR -> HYD | status=DELAYED delay=114min
2026-09-23 10:09:27,781 [INFO] Produced UK851 | HYD -> DEL | status=ON_TIME delay=0min
2026-09-23 10:09:28,786 [INFO] Produced 6E260 | BOM -> HYD | status=ON_TIME delay=0min
2026-09-23 10:09:29,788 [INFO] Produced SG328 | HYD -> DEL | status=DELAYED delay=34min
2026-09-23 10:09:30,790 [INFO] Produced AI332 | DEL -> CCU | status=DELAYED delay=14min
2026-09-23 10:09:31,793 [INFO] Produced SG918 | CCU -> BLR | status=ON_TIME delay=0min
2026-09-23 10:09:32,798 [INFO] Produced I5820 | DEL -> HYD | status=ON_TIME delay=0min
2026-09-23 10:09:33,803 [INFO] Produced 6E239 | CCU -> HYD | status=DELAYED delay=58min
2026-09-23 10:09:34,806 [INFO] Produced 6E750 | HYD -> BLR | status=ON_TIME delay=0min
2026-09-23 10:09:35,807 [INFO] Produced 6E482 | CCU -> HYD | status=ON_TIME delay=0min
2026-09-23 10:09:36,812 [INFO] Produced UK590 | MAA -> BLR | status=ON_TIME delay=0min
2026-09-23 10:09:37,815 [INFO] Produced UK524 | MAA -> BOM | status=ON_TIME delay=0min
2026-09-23 10:09:38,820 [INFO] Produced SG789 | DEL -> HYD | status=DELAYED delay=89min
2026-09-23 10:09:39,825 [INFO] Produced I5329 | BOM -> CCU | status=ON_TIME delay=0min
2026-09-23 10:09:40,826 [INFO] Produced 6E203 | BLR -> DEL | status=ON_TIME delay=0min
2026-09-23 10:09:41,831 [INFO] Produced UK634 | MAA -> CCU | status=ON_TIME delay=0min
2026-09-23 10:09:42,836 [INFO] Produced 6E812 | BLR -> CCU | status=ON_TIME delay=0min
2026-09-23 10:09:43,842 [INFO] Produced AI929 | BLR -> DEL | status=ON_TIME delay=0min
2026-09-23 10:09:44,842 [INFO] Produced QP927 | BLR -> BOM | status=ON_TIME delay=0min
2026-09-23 10:09:45,842 [INFO] Produced QP324 | MAA -> BOM | status=DELAYED delay=47min
2026-09-23 10:09:46,846 [INFO] Produced 6E763 | DEL -> CCU | status=ON_TIME delay=0min
2026-09-23 10:09:47,847 [INFO] Produced QP216 | DEL -> MAA | status=ON_TIME delay=0min
2026-09-23 10:09:48,849 [INFO] Produced I5576 | CCU -> BOM | status=ON_TIME delay=0min
2026-09-23 10:09:49,854 [INFO] Produced UK290 | BLR -> HYD | status=ON_TIME delay=0min
2026-09-23 10:09:50,856 [INFO] Produced 6E702 | CCU -> BLR | status=ON_TIME delay=0min
2026-09-23 10:09:51,857 [INFO] Produced SG921 | BLR -> MAA | status=ON_TIME delay=0min
2026-09-23 10:09:52,857 [INFO] Produced I5771 | HYD -> CCU | status=CANCELLED delay=0min
2026-09-23 10:09:53,862 [INFO] Produced I5771 | HYD -> CCU | status=CANCELLED delay=0min
2026-09-23 10:09:54,865 [INFO] Produced 6E172 | DEL -> CCU | status=DELAYED delay=80min
2026-09-23 10:09:55,871 [INFO] Produced I5970 | HYD -> BOM | status=DELAYED delay=98min
2026-09-23 10:09:56,872 [INFO] Produced I5592 | CCU -> BLR | status=DELAYED delay=75min
2026-09-23 10:09:57,873 [INFO] Produced AI284 | MAA -> BLR | status=ON_TIME delay=0min
2026-09-23 10:09:58,878 [INFO] Produced AI545 | CCU -> BLR | status=ON_TIME delay=0min
2026-09-23 10:09:59,883 [INFO] Produced UK360 | BOM -> BLR | status=DELAYED delay=60min
2026-09-23 10:10:00,888 [INFO] Produced QP723 | CCU -> DEL | status=DELAYED delay=98min
2026-09-23 10:10:01,889 [INFO] Produced QP700 | BLR -> HYD | status=ON_TIME delay=0min
2026-09-23 10:10:02,894 [INFO] Produced QP644 | BLR -> BOM | status=ON_TIME delay=0min
2026-09-23 10:10:03,896 [INFO] Produced UK824 | HYD -> BLR | status=ON_TIME delay=0min
2026-09-23 10:10:04,898 [INFO] Produced AI883 | DEL -> BLR | status=ON_TIME delay=0min
2026-09-23 10:10:05,903 [INFO] Produced I5460 | BLR -> BOM | status=ON_TIME delay=0min
2026-09-23 10:10:06,908 [INFO] Produced AI827 | BLR -> DEL | status=ON_TIME delay=0min
2026-09-23 10:10:07,908 [INFO] Produced I5430 | DEL -> CCU | status=DELAYED delay=54min
2026-09-23 10:10:08,913 [INFO] Produced I5718 | CCU -> DEL | status=ON_TIME delay=0min
2026-09-23 10:10:09,919 [INFO] Produced I5930 | BOM -> DEL | status=ON_TIME delay=0min
2026-09-23 10:10:10,924 [INFO] Produced I5127 | HYD -> BLR | status=ON_TIME delay=0min
2026-09-23 10:10:11,929 [INFO] Produced QP739 | MAA -> CCU | status=ON_TIME delay=0min
2026-09-23 10:10:12,929 [INFO] Produced AI934 | CCU -> MAA | status=DELAYED delay=45min
2026-09-23 10:10:13,935 [INFO] Produced 6E989 | BLR -> DEL | status=ON_TIME delay=0min
2026-09-23 10:10:14,938 [INFO] Produced 6E935 | CCU -> HYD | status=ON_TIME delay=0min
2026-09-23 10:10:15,939 [INFO] Produced AI889 | DEL -> CCU | status=DELAYED delay=110min
2026-09-23 10:10:16,944 [INFO] Produced AI574 | CCU -> DEL | status=DELAYED delay=70min
2026-09-23 10:10:17,949 [INFO] Produced I5246 | MAA -> BLR | status=ON_TIME delay=0min
2026-09-23 10:10:18,949 [INFO] Produced QP580 | BLR -> CCU | status=DELAYED delay=115min
2026-09-23 10:10:19,952 [INFO] Produced 6E658 | BOM -> CCU | status=ON_TIME delay=0min
2026-09-23 10:10:20,954 [INFO] Produced QP582 | MAA -> HYD | status=CANCELLED delay=0min
2026-09-23 10:10:21,955 [INFO] Produced SG501 | HYD -> BOM | status=CANCELLED delay=0min
2026-09-23 10:10:22,957 [INFO] Produced I5605 | MAA -> CCU | status=ON_TIME delay=0min
2026-09-23 10:10:23,960 [INFO] Produced AI222 | CCU -> MAA | status=ON_TIME delay=0min
2026-09-23 10:10:24,963 [INFO] Produced UK209 | MAA -> HYD | status=ON_TIME delay=0min
2026-09-23 10:10:25,968 [INFO] Produced QP787 | MAA -> BLR | status=DELAYED delay=95min
2026-09-23 10:10:26,970 [INFO] Produced UK967 | BOM -> DEL | status=DELAYED delay=87min
2026-09-23 10:10:27,971 [INFO] Produced I5901 | BOM -> MAA | status=ON_TIME delay=0min
2026-09-23 10:10:28,974 [INFO] Produced I5561 | DEL -> CCU | status=ON_TIME delay=0min
2026-09-23 10:10:29,979 [INFO] Produced UK543 | BOM -> BLR | status=ON_TIME delay=0min
2026-09-23 10:10:30,980 [INFO] Produced SG978 | BLR -> HYD | status=ON_TIME delay=0min
2026-09-23 10:10:31,983 [INFO] Produced 6E802 | BOM -> DEL | status=ON_TIME delay=0min
2026-09-23 10:10:32,988 [INFO] Produced QP602 | BLR -> HYD | status=CANCELLED delay=0min
2026-09-23 10:10:33,989 [INFO] Produced UK538 | BOM -> HYD | status=DELAYED delay=114min
2026-09-23 10:10:34,990 [INFO] Produced UK336 | MAA -> BLR | status=DELAYED delay=88min
2026-09-23 10:10:35,991 [INFO] Produced I5462 | CCU -> BOM | status=DELAYED delay=23min
2026-09-23 10:10:36,996 [INFO] Produced AI708 | CCU -> HYD | status=ON_TIME delay=0min
2026-09-23 10:10:37,999 [INFO] Produced SG522 | DEL -> BOM | status=ON_TIME delay=0min
2026-09-23 10:10:39,000 [INFO] Produced UK918 | MAA -> HYD | status=ON_TIME delay=0min
2026-09-23 10:10:40,004 [INFO] Produced QP634 | BLR -> HYD | status=ON_TIME delay=0min
2026-09-23 10:10:41,005 [INFO] Produced I5399 | BOM -> BLR | status=ON_TIME delay=0min
2026-09-23 10:10:42,007 [INFO] Produced I5972 | CCU -> BLR | status=ON_TIME delay=0min
2026-09-23 10:10:43,012 [INFO] Produced QP601 | CCU -> BOM | status=ON_TIME delay=0min
2026-09-23 10:10:44,016 [INFO] Produced UK194 | CCU -> MAA | status=ON_TIME delay=0min
2026-09-23 10:10:45,019 [INFO] Produced I5799 | CCU -> MAA | status=ON_TIME delay=0min
2026-09-23 10:10:46,024 [INFO] Produced AI352 | HYD -> CCU | status=DELAYED delay=105min
2026-09-23 10:10:47,026 [INFO] Produced QP875 | BOM -> CCU | status=ON_TIME delay=0min
2026-09-23 10:10:48,031 [INFO] Produced QP554 | BOM -> BLR | status=ON_TIME delay=0min
2026-09-23 10:10:49,035 [INFO] Produced QP133 | BLR -> CCU | status=ON_TIME delay=0min
2026-09-23 10:10:50,038 [INFO] Produced I5279 | CCU -> HYD | status=ON_TIME delay=0min
2026-09-23 10:10:51,043 [INFO] Produced QP284 | MAA -> HYD | status=ON_TIME delay=0min
2026-09-23 10:10:52,048 [INFO] Produced I5405 | BOM -> HYD | status=CANCELLED delay=0min
2026-09-23 10:10:53,049 [INFO] Produced QP421 | MAA -> HYD | status=ON_TIME delay=0min
2026-09-23 10:10:54,052 [INFO] Produced I5460 | MAA -> CCU | status=ON_TIME delay=0min
2026-09-23 10:10:55,055 [INFO] Produced UK921 | MAA -> HYD | status=ON_TIME delay=0min
2026-09-23 10:10:56,059 [INFO] Produced QP882 | DEL -> HYD | status=ON_TIME delay=0min
2026-09-23 10:10:57,063 [INFO] Produced 6E518 | HYD -> BOM | status=ON_TIME delay=0min
2026-09-23 10:10:58,066 [INFO] Produced SG392 | BLR -> DEL | status=DELAYED delay=36min
2026-09-23 10:10:59,071 [INFO] Produced SG158 | CCU -> DEL | status=DELAYED delay=88min
2026-09-23 10:11:00,074 [INFO] Produced I5517 | BLR -> DEL | status=DELAYED delay=87min
2026-09-23 10:11:01,079 [INFO] Produced UK575 | CCU -> MAA | status=DELAYED delay=87min
2026-09-23 10:11:02,079 [INFO] Produced 6E147 | DEL -> HYD | status=ON_TIME delay=0min
2026-09-23 10:11:03,084 [INFO] Produced AI526 | BOM -> MAA | status=ON_TIME delay=0min
2026-09-23 10:11:04,088 [INFO] Produced 6E635 | MAA -> BLR | status=ON_TIME delay=0min
2026-09-23 10:11:05,093 [INFO] Produced I5357 | BLR -> HYD | status=ON_TIME delay=0min
2026-09-23 10:11:06,098 [INFO] Produced I5308 | BOM -> CCU | status=CANCELLED delay=0min
2026-09-23 10:11:07,103 [INFO] Produced AI385 | HYD -> BLR | status=DELAYED delay=82min
2026-09-23 10:11:08,108 [INFO] Produced I5729 | BOM -> CCU | status=DELAYED delay=37min
2026-09-23 10:11:09,112 [INFO] Produced SG795 | HYD -> BOM | status=DELAYED delay=115min
2026-09-23 10:11:10,117 [INFO] Produced QP753 | HYD -> BLR | status=DELAYED delay=9min
2026-09-23 10:11:11,122 [INFO] Produced UK842 | BOM -> BLR | status=ON_TIME delay=0min
2026-09-23 10:11:12,127 [INFO] Produced 6E375 | BLR -> DEL | status=ON_TIME delay=0min
2026-09-23 10:11:13,132 [INFO] Produced AI890 | HYD -> CCU | status=DELAYED delay=80min
2026-09-23 10:11:14,137 [INFO] Produced UK741 | MAA -> DEL | status=CANCELLED delay=0min
2026-09-23 10:11:15,142 [INFO] Produced SG746 | MAA -> BOM | status=DELAYED delay=117min
2026-09-23 10:11:16,145 [INFO] Produced SG801 | BOM -> MAA | status=DELAYED delay=12min
2026-09-23 10:11:17,150 [INFO] Produced UK636 | DEL -> MAA | status=DELAYED delay=45min
2026-09-23 10:11:18,155 [INFO] Produced I5576 | HYD -> BLR | status=ON_TIME delay=0min
2026-09-23 10:11:19,156 [INFO] Produced 6E705 | BOM -> HYD | status=DELAYED delay=73min
2026-09-23 10:11:20,158 [INFO] Produced UK601 | MAA -> BOM | status=DELAYED delay=98min
2026-09-23 10:11:21,158 [INFO] Produced UK800 | CCU -> HYD | status=ON_TIME delay=0min
2026-09-23 10:11:22,159 [INFO] Produced AI349 | HYD -> BLR | status=DELAYED delay=63min
2026-09-23 10:11:23,160 [INFO] Produced 6E940 | BOM -> CCU | status=ON_TIME delay=0min
2026-09-23 10:11:24,162 [INFO] Produced AI535 | DEL -> BLR | status=ON_TIME delay=0min
2026-09-23 10:11:25,167 [INFO] Produced 6E627 | CCU -> DEL | status=ON_TIME delay=0min
2026-09-23 10:11:26,171 [INFO] Produced 6E647 | MAA -> HYD | status=ON_TIME delay=0min
2026-09-23 10:11:27,175 [INFO] Produced I5672 | BOM -> HYD | status=ON_TIME delay=0min
2026-09-23 10:11:28,179 [INFO] Produced AI491 | BLR -> MAA | status=ON_TIME delay=0min
2026-09-23 10:11:29,185 [INFO] Produced UK801 | CCU -> HYD | status=ON_TIME delay=0min
2026-09-23 10:11:30,187 [INFO] Produced UK629 | MAA -> HYD | status=DELAYED delay=96min
2026-09-23 10:11:31,190 [INFO] Produced UK986 | BLR -> BOM | status=DELAYED delay=13min
2026-09-23 10:11:32,192 [INFO] Produced QP102 | BLR -> HYD | status=DELAYED delay=104min
2026-09-23 10:11:33,198 [INFO] Produced 6E495 | CCU -> BOM | status=ON_TIME delay=0min
2026-09-23 10:11:34,199 [INFO] Produced QP509 | CCU -> BLR | status=DELAYED delay=50min
2026-09-23 10:11:35,203 [INFO] Produced SG547 | HYD -> BLR | status=ON_TIME delay=0min
2026-09-23 10:11:36,204 [INFO] Produced 6E524 | MAA -> BOM | status=DELAYED delay=86min
2026-09-23 10:11:37,206 [INFO] Produced UK770 | CCU -> BLR | status=DELAYED delay=42min
2026-09-23 10:11:38,210 [INFO] Produced QP771 | BOM -> BLR | status=ON_TIME delay=0min
2026-09-23 10:11:39,212 [INFO] Produced AI523 | CCU -> BLR | status=ON_TIME delay=0min
2026-09-23 10:11:40,213 [INFO] Produced AI831 | CCU -> DEL | status=DELAYED delay=20min
2026-09-23 10:11:41,213 [INFO] Produced AI860 | CCU -> HYD | status=ON_TIME delay=0min
2026-09-23 10:11:42,215 [INFO] Produced QP364 | HYD -> MAA | status=ON_TIME delay=0min
2026-09-23 10:11:43,220 [INFO] Produced SG247 | CCU -> MAA | status=DELAYED delay=94min
2026-09-23 10:11:44,225 [INFO] Produced I5711 | DEL -> BOM | status=ON_TIME delay=0min
2026-09-23 10:11:45,230 [INFO] Produced QP626 | DEL -> MAA | status=DELAYED delay=11min
2026-09-23 10:11:46,231 [INFO] Produced QP828 | BLR -> BOM | status=DELAYED delay=15min
2026-09-23 10:11:47,233 [INFO] Produced UK869 | DEL -> MAA | status=DELAYED delay=71min
2026-09-23 10:11:48,235 [INFO] Produced UK249 | CCU -> BLR | status=ON_TIME delay=0min
2026-09-23 10:11:49,241 [INFO] Produced QP594 | BLR -> HYD | status=ON_TIME delay=0min
2026-09-23 10:11:50,245 [INFO] Produced SG766 | BLR -> DEL | status=DELAYED delay=18min
2026-09-23 10:11:51,250 [INFO] Produced UK656 | BLR -> BOM | status=ON_TIME delay=0min
2026-09-23 10:11:52,256 [INFO] Produced I5561 | MAA -> CCU | status=CANCELLED delay=0min
2026-09-23 10:11:53,261 [INFO] Produced I5230 | BOM -> DEL | status=DELAYED delay=98min
2026-09-23 10:11:54,266 [INFO] Produced SG856 | BOM -> DEL | status=ON_TIME delay=0min
2026-09-23 10:11:55,271 [INFO] Produced SG100 | DEL -> HYD | status=DELAYED delay=100min
2026-09-23 10:11:56,277 [INFO] Produced 6E334 | MAA -> BLR | status=DELAYED delay=107min
2026-09-23 10:11:57,279 [INFO] Produced AI589 | BLR -> HYD | status=DELAYED delay=85min
2026-09-23 10:11:58,284 [INFO] Produced SG271 | CCU -> BLR | status=ON_TIME delay=0min
2026-09-23 10:11:59,288 [INFO] Produced UK992 | CCU -> HYD | status=ON_TIME delay=0min
2026-09-23 10:12:00,290 [INFO] Produced UK299 | CCU -> MAA | status=DELAYED delay=54min
2026-09-23 10:12:01,294 [INFO] Produced 6E549 | DEL -> MAA | status=ON_TIME delay=0min
2026-09-23 10:12:02,299 [INFO] Produced UK686 | CCU -> BOM | status=ON_TIME delay=0min
2026-09-23 10:12:03,304 [INFO] Produced 6E823 | DEL -> MAA | status=DELAYED delay=65min
2026-09-23 10:12:04,309 [INFO] Produced AI252 | HYD -> BOM | status=ON_TIME delay=0min
2026-09-23 10:12:05,312 [INFO] Produced SG759 | MAA -> BLR | status=ON_TIME delay=0min
2026-09-23 10:12:06,318 [INFO] Produced UK123 | MAA -> DEL | status=ON_TIME delay=0min
2026-09-23 10:12:07,323 [INFO] Produced 6E818 | HYD -> DEL | status=ON_TIME delay=0min
2026-09-23 10:12:08,328 [INFO] Produced SG169 | BOM -> BLR | status=ON_TIME delay=0min
2026-09-23 10:12:09,329 [INFO] Produced I5147 | DEL -> BOM | status=ON_TIME delay=0min
2026-09-23 10:12:10,329 [INFO] Produced 6E432 | CCU -> MAA | status=ON_TIME delay=0min
2026-09-23 10:12:11,335 [INFO] Produced SG347 | BOM -> DEL | status=ON_TIME delay=0min
2026-09-23 10:12:12,340 [INFO] Produced QP993 | BLR -> DEL | status=ON_TIME delay=0min
2026-09-23 10:12:13,345 [INFO] Produced QP674 | HYD -> BLR | status=ON_TIME delay=0min
2026-09-23 10:12:14,346 [INFO] Produced UK450 | HYD -> DEL | status=ON_TIME delay=0min
2026-09-23 10:12:15,347 [INFO] Produced QP723 | BOM -> MAA | status=ON_TIME delay=0min
2026-09-23 10:12:16,352 [INFO] Produced 6E387 | BOM -> HYD | status=ON_TIME delay=0min
2026-09-23 10:12:17,356 [INFO] Produced UK648 | HYD -> CCU | status=ON_TIME delay=0min
2026-09-23 10:12:18,357 [INFO] Produced I5763 | CCU -> DEL | status=CANCELLED delay=0min
2026-09-23 10:12:19,360 [INFO] Produced UK294 | CCU -> DEL | status=ON_TIME delay=0min
2026-09-23 10:12:20,363 [INFO] Produced UK630 | BLR -> MAA | status=ON_TIME delay=0min
2026-09-23 10:12:21,368 [INFO] Produced UK220 | BLR -> BOM | status=ON_TIME delay=0min
2026-09-23 10:12:22,370 [INFO] Produced QP866 | BOM -> CCU | status=ON_TIME delay=0min
2026-09-23 10:12:23,376 [INFO] Produced UK183 | BLR -> HYD | status=ON_TIME delay=0min
2026-09-23 10:12:24,378 [INFO] Produced 6E405 | BLR -> DEL | status=ON_TIME delay=0min
2026-09-23 10:12:25,383 [INFO] Produced QP276 | BLR -> DEL | status=ON_TIME delay=0min
2026-09-23 10:12:26,386 [INFO] Produced SG338 | DEL -> BLR | status=ON_TIME delay=0min
2026-09-23 10:12:27,392 [INFO] Produced 6E199 | MAA -> BLR | status=ON_TIME delay=0min
2026-09-23 10:12:28,396 [INFO] Produced AI306 | MAA -> HYD | status=DELAYED delay=108min
2026-09-23 10:12:29,398 [INFO] Produced SG198 | DEL -> CCU | status=ON_TIME delay=0min
2026-09-23 10:12:30,402 [INFO] Produced SG687 | BLR -> HYD | status=ON_TIME delay=0min
2026-09-23 10:12:31,407 [INFO] Produced AI238 | BLR -> MAA | status=ON_TIME delay=0min
2026-09-23 10:12:32,407 [INFO] Produced 6E933 | DEL -> HYD | status=ON_TIME delay=0min
2026-09-23 10:12:33,412 [INFO] Produced 6E565 | MAA -> BLR | status=ON_TIME delay=0min
2026-09-23 10:12:34,417 [INFO] Produced UK163 | BOM -> DEL | status=ON_TIME delay=0min
2026-09-23 10:12:35,421 [INFO] Produced QP275 | CCU -> MAA | status=ON_TIME delay=0min
2026-09-23 10:12:36,422 [INFO] Produced QP709 | DEL -> MAA | status=DELAYED delay=120min
2026-09-23 10:12:37,424 [INFO] Produced AI682 | CCU -> BOM | status=ON_TIME delay=0min
2026-09-23 10:12:38,426 [INFO] Produced 6E825 | MAA -> HYD | status=ON_TIME delay=0min
2026-09-23 10:12:39,431 [INFO] Produced UK677 | DEL -> BOM | status=ON_TIME delay=0min
2026-09-23 10:12:40,436 [INFO] Produced I5740 | MAA -> BLR | status=ON_TIME delay=0min
2026-09-23 10:12:41,437 [INFO] Produced 6E192 | BOM -> MAA | status=DELAYED delay=43min
2026-09-23 10:12:42,442 [INFO] Produced I5105 | BOM -> HYD | status=CANCELLED delay=0min
2026-09-23 10:12:43,443 [INFO] Produced SG364 | DEL -> MAA | status=ON_TIME delay=0min
2026-09-23 10:12:44,445 [INFO] Produced I5686 | HYD -> MAA | status=ON_TIME delay=0min
2026-09-23 10:12:45,446 [INFO] Produced SG353 | DEL -> BOM | status=ON_TIME delay=0min
2026-09-23 10:12:46,447 [INFO] Produced UK841 | CCU -> BLR | status=DELAYED delay=28min
2026-09-23 10:12:47,449 [INFO] Produced SG423 | DEL -> MAA | status=ON_TIME delay=0min
2026-09-23 10:12:48,454 [INFO] Produced 6E170 | CCU -> MAA | status=ON_TIME delay=0min
2026-09-23 10:12:49,459 [INFO] Produced SG195 | MAA -> HYD | status=ON_TIME delay=0min
2026-09-23 10:12:50,460 [INFO] Produced SG603 | DEL -> BLR | status=CANCELLED delay=0min
2026-09-23 10:12:51,462 [INFO] Produced SG418 | HYD -> BLR | status=ON_TIME delay=0min
2026-09-23 10:12:52,464 [INFO] Produced UK818 | CCU -> MAA | status=DELAYED delay=68min
2026-09-23 10:12:53,464 [INFO] Produced I5753 | MAA -> BOM | status=DELAYED delay=32min
2026-09-23 10:12:54,469 [INFO] Produced I5200 | CCU -> HYD | status=ON_TIME delay=0min
2026-09-23 10:12:55,473 [INFO] Produced I5236 | MAA -> HYD | status=DELAYED delay=107min
2026-09-23 10:12:56,478 [INFO] Produced 6E100 | BOM -> MAA | status=ON_TIME delay=0min
2026-09-23 10:12:57,482 [INFO] Produced SG387 | HYD -> CCU | status=DELAYED delay=91min
2026-09-23 10:12:58,487 [INFO] Produced AI653 | DEL -> BLR | status=ON_TIME delay=0min
2026-09-23 10:12:59,489 [INFO] Produced I5597 | MAA -> HYD | status=DELAYED delay=65min
2026-09-23 10:13:00,494 [INFO] Produced AI914 | DEL -> CCU | status=DELAYED delay=95min
2026-09-23 10:13:01,500 [INFO] Produced UK456 | DEL -> BLR | status=ON_TIME delay=0min
2026-09-23 10:13:02,503 [INFO] Produced 6E171 | BOM -> CCU | status=ON_TIME delay=0min
2026-09-23 10:13:03,509 [INFO] Produced I5242 | BOM -> DEL | status=ON_TIME delay=0min
2026-09-23 10:13:04,511 [INFO] Produced UK645 | CCU -> HYD | status=ON_TIME delay=0min
2026-09-23 10:13:05,513 [INFO] Produced UK652 | DEL -> HYD | status=ON_TIME delay=0min
2026-09-23 10:13:06,514 [INFO] Produced UK213 | BOM -> MAA | status=ON_TIME delay=0min
2026-09-23 10:13:07,517 [INFO] Produced 6E205 | CCU -> DEL | status=ON_TIME delay=0min
2026-09-23 10:13:08,520 [INFO] Produced AI571 | MAA -> BOM | status=ON_TIME delay=0min
2026-09-23 10:13:09,523 [INFO] Produced I5484 | BLR -> CCU | status=DELAYED delay=34min
2026-09-23 10:13:10,528 [INFO] Produced UK800 | HYD -> MAA | status=ON_TIME delay=0min
2026-09-23 10:13:11,530 [INFO] Produced SG121 | BOM -> MAA | status=ON_TIME delay=0min
2026-09-23 10:13:12,531 [INFO] Produced QP588 | HYD -> CCU | status=DELAYED delay=69min
2026-09-23 10:13:13,532 [INFO] Produced AI215 | DEL -> HYD | status=DELAYED delay=2min
2026-09-23 10:13:14,536 [INFO] Produced QP903 | HYD -> BLR | status=ON_TIME delay=0min
2026-09-23 10:13:15,537 [INFO] Produced UK656 | HYD -> MAA | status=ON_TIME delay=0min
2026-09-23 10:13:16,539 [INFO] Produced AI658 | CCU -> DEL | status=ON_TIME delay=0min
2026-09-23 10:13:17,539 [INFO] Produced SG486 | BOM -> HYD | status=ON_TIME delay=0min
2026-09-23 10:13:18,544 [INFO] Produced UK955 | BLR -> BOM | status=DELAYED delay=119min
2026-09-23 10:13:19,546 [INFO] Produced I5755 | CCU -> BLR | status=DELAYED delay=14min
2026-09-23 10:13:20,547 [INFO] Produced I5562 | DEL -> HYD | status=DELAYED delay=68min
2026-09-23 10:13:21,553 [INFO] Produced 6E352 | HYD -> BLR | status=DELAYED delay=88min
2026-09-23 10:13:22,554 [INFO] Produced SG663 | DEL -> HYD | status=DELAYED delay=15min
2026-09-23 10:13:23,560 [INFO] Produced UK758 | HYD -> DEL | status=DELAYED delay=64min
2026-09-23 10:13:24,561 [INFO] Produced AI487 | HYD -> CCU | status=DELAYED delay=82min
2026-09-23 10:13:25,562 [INFO] Produced AI553 | BLR -> CCU | status=ON_TIME delay=0min
2026-09-23 10:13:26,563 [INFO] Produced I5774 | CCU -> BLR | status=ON_TIME delay=0min
2026-09-23 10:13:27,569 [INFO] Produced I5410 | MAA -> HYD | status=ON_TIME delay=0min
2026-09-23 10:13:28,572 [INFO] Produced 6E207 | DEL -> BOM | status=ON_TIME delay=0min
2026-09-23 10:13:29,573 [INFO] Produced I5552 | CCU -> HYD | status=CANCELLED delay=0min
2026-09-23 10:13:30,575 [INFO] Produced I5337 | DEL -> MAA | status=ON_TIME delay=0min
2026-09-23 10:13:31,579 [INFO] Produced QP877 | BLR -> MAA | status=ON_TIME delay=0min
2026-09-23 10:13:32,582 [INFO] Produced 6E353 | HYD -> MAA | status=DELAYED delay=88min
2026-09-23 10:13:33,585 [INFO] Produced UK632 | CCU -> BLR | status=ON_TIME delay=0min
2026-09-23 10:13:34,586 [INFO] Produced UK520 | MAA -> DEL | status=DELAYED delay=55min
2026-09-23 10:13:35,588 [INFO] Produced UK903 | MAA -> CCU | status=DELAYED delay=93min
2026-09-23 10:13:36,593 [INFO] Produced QP217 | DEL -> HYD | status=ON_TIME delay=0min
2026-09-23 10:13:37,598 [INFO] Produced I5683 | HYD -> MAA | status=ON_TIME delay=0min
2026-09-23 10:13:38,600 [INFO] Produced AI889 | HYD -> CCU | status=DELAYED delay=6min
2026-09-23 10:13:39,604 [INFO] Produced 6E151 | DEL -> HYD | status=DELAYED delay=52min
2026-09-23 10:13:40,607 [INFO] Produced I5278 | BOM -> DEL | status=ON_TIME delay=0min
2026-09-23 10:13:41,612 [INFO] Produced SG590 | MAA -> CCU | status=DELAYED delay=27min
2026-09-23 10:13:42,614 [INFO] Produced I5270 | DEL -> CCU | status=ON_TIME delay=0min
2026-09-23 10:13:43,620 [INFO] Produced I5682 | MAA -> BOM | status=ON_TIME delay=0min
2026-09-23 10:13:44,623 [INFO] Produced AI186 | BLR -> MAA | status=ON_TIME delay=0min
2026-09-23 10:13:45,625 [INFO] Produced 6E540 | CCU -> BOM | status=ON_TIME delay=0min
2026-09-23 10:13:46,628 [INFO] Produced AI777 | CCU -> BOM | status=DELAYED delay=100min
2026-09-23 10:13:47,632 [INFO] Produced AI127 | DEL -> BLR | status=ON_TIME delay=0min
2026-09-23 10:13:48,637 [INFO] Produced 6E595 | DEL -> CCU | status=ON_TIME delay=0min
2026-09-23 10:13:49,638 [INFO] Produced 6E126 | MAA -> CCU | status=ON_TIME delay=0min
2026-09-23 10:13:50,639 [INFO] Produced QP624 | BLR -> BOM | status=ON_TIME delay=0min
2026-09-23 10:13:51,644 [INFO] Produced SG556 | CCU -> DEL | status=CANCELLED delay=0min
2026-09-23 10:13:52,649 [INFO] Produced 6E107 | DEL -> MAA | status=ON_TIME delay=0min
2026-09-23 10:13:53,652 [INFO] Produced I5801 | CCU -> BLR | status=ON_TIME delay=0min
2026-09-23 10:13:54,654 [INFO] Produced SG816 | BOM -> HYD | status=ON_TIME delay=0min
2026-09-23 10:13:55,654 [INFO] Produced SG798 | DEL -> MAA | status=DELAYED delay=28min
2026-09-23 10:13:56,657 [INFO] Produced QP566 | MAA -> HYD | status=DELAYED delay=55min
2026-09-23 10:13:57,662 [INFO] Produced QP742 | BOM -> MAA | status=DELAYED delay=100min
2026-09-23 10:13:58,665 [INFO] Produced SG562 | MAA -> DEL | status=DELAYED delay=113min
2026-09-23 10:13:59,670 [INFO] Produced I5996 | HYD -> BOM | status=ON_TIME delay=0min
2026-09-23 10:14:00,675 [INFO] Produced AI195 | CCU -> BOM | status=DELAYED delay=110min
2026-09-23 10:14:01,680 [INFO] Produced 6E946 | HYD -> DEL | status=ON_TIME delay=0min
2026-09-23 10:14:02,684 [INFO] Produced I5610 | BOM -> HYD | status=DELAYED delay=27min
2026-09-23 10:14:03,686 [INFO] Produced QP705 | BOM -> BLR | status=DELAYED delay=3min
2026-09-23 10:14:04,691 [INFO] Produced 6E440 | CCU -> BOM | status=DELAYED delay=23min
2026-09-23 10:14:05,696 [INFO] Produced SG997 | BLR -> DEL | status=ON_TIME delay=0min
2026-09-23 10:14:06,701 [INFO] Produced 6E501 | HYD -> DEL | status=DELAYED delay=57min
2026-09-23 10:14:07,707 [INFO] Produced UK503 | DEL -> CCU | status=DELAYED delay=117min
2026-09-23 10:14:08,711 [INFO] Produced AI730 | DEL -> CCU | status=ON_TIME delay=0min
2026-09-23 10:14:09,712 [INFO] Produced SG467 | MAA -> CCU | status=ON_TIME delay=0min
2026-09-23 10:14:10,713 [INFO] Produced QP923 | HYD -> MAA | status=DELAYED delay=67min
2026-09-23 10:14:11,718 [INFO] Produced AI976 | CCU -> BOM | status=ON_TIME delay=0min
2026-09-23 10:14:12,723 [INFO] Produced QP915 | CCU -> DEL | status=ON_TIME delay=0min
2026-09-23 10:14:13,723 [INFO] Produced I5813 | HYD -> CCU | status=ON_TIME delay=0min
2026-09-23 10:14:14,728 [INFO] Produced AI991 | BLR -> MAA | status=DELAYED delay=59min
2026-09-23 10:14:15,731 [INFO] Produced 6E475 | BLR -> MAA | status=ON_TIME delay=0min
2026-09-23 10:14:16,735 [INFO] Produced I5773 | BOM -> CCU | status=ON_TIME delay=0min
2026-09-23 10:14:17,736 [INFO] Produced I5293 | BLR -> CCU | status=DELAYED delay=40min
2026-09-23 10:14:18,741 [INFO] Produced QP633 | BOM -> BLR | status=ON_TIME delay=0min
2026-09-23 10:14:19,741 [INFO] Produced SG816 | MAA -> CCU | status=ON_TIME delay=0min
2026-09-23 10:14:20,745 [INFO] Produced QP334 | HYD -> BOM | status=ON_TIME delay=0min
2026-09-23 10:14:21,745 [INFO] Produced AI291 | BOM -> CCU | status=ON_TIME delay=0min
2026-09-23 10:14:22,750 [INFO] Produced AI318 | BOM -> MAA | status=ON_TIME delay=0min
2026-09-23 10:14:23,753 [INFO] Produced UK294 | MAA -> DEL | status=DELAYED delay=110min
2026-09-23 10:14:24,754 [INFO] Produced SG813 | DEL -> MAA | status=ON_TIME delay=0min
2026-09-23 10:14:25,759 [INFO] Produced I5315 | BLR -> BOM | status=DELAYED delay=20min
2026-09-23 10:14:26,764 [INFO] Produced QP348 | HYD -> MAA | status=DELAYED delay=6min
2026-09-23 10:14:27,767 [INFO] Produced UK893 | HYD -> CCU | status=ON_TIME delay=0min
2026-09-23 10:14:28,771 [INFO] Produced AI790 | BLR -> MAA | status=CANCELLED delay=0min
2026-09-23 10:14:29,776 [INFO] Produced AI312 | BOM -> HYD | status=ON_TIME delay=0min
2026-09-23 10:14:30,781 [INFO] Produced I5371 | MAA -> BLR | status=DELAYED delay=28min
2026-09-23 10:14:31,786 [INFO] Produced I5262 | MAA -> BOM | status=DELAYED delay=63min
2026-09-23 10:14:32,787 [INFO] Produced AI654 | MAA -> BOM | status=CANCELLED delay=0min
2026-09-23 10:14:33,788 [INFO] Produced AI164 | BLR -> MAA | status=ON_TIME delay=0min
2026-09-23 10:14:34,793 [INFO] Produced SG335 | BOM -> DEL | status=ON_TIME delay=0min
2026-09-23 10:14:35,798 [INFO] Produced 6E130 | CCU -> BOM | status=DELAYED delay=75min
2026-09-23 10:14:36,802 [INFO] Produced SG799 | BLR -> DEL | status=DELAYED delay=38min
2026-09-23 10:14:37,806 [INFO] Produced UK353 | BLR -> BOM | status=DELAYED delay=83min
2026-09-23 10:14:38,811 [INFO] Produced SG672 | BLR -> DEL | status=ON_TIME delay=0min
2026-09-23 10:14:39,815 [INFO] Produced UK403 | CCU -> BLR | status=ON_TIME delay=0min
2026-09-23 10:14:40,820 [INFO] Produced QP787 | MAA -> CCU | status=ON_TIME delay=0min
2026-09-23 10:14:41,821 [INFO] Produced UK324 | CCU -> BOM | status=ON_TIME delay=0min
2026-09-23 10:14:42,826 [INFO] Produced QP567 | BLR -> BOM | status=CANCELLED delay=0min
2026-09-23 10:14:43,832 [INFO] Produced UK987 | MAA -> BLR | status=DELAYED delay=46min
2026-09-23 10:14:44,832 [INFO] Produced QP200 | DEL -> MAA | status=ON_TIME delay=0min
2026-09-23 10:14:45,836 [INFO] Produced QP492 | BLR -> DEL | status=DELAYED delay=114min
2026-09-23 10:14:46,838 [INFO] Produced AI973 | BLR -> CCU | status=ON_TIME delay=0min
2026-09-23 10:14:47,838 [INFO] Produced I5628 | CCU -> BLR | status=DELAYED delay=94min
2026-09-23 10:14:48,844 [INFO] Produced UK910 | BLR -> HYD | status=ON_TIME delay=0min
2026-09-23 10:14:49,848 [INFO] Produced AI827 | CCU -> HYD | status=DELAYED delay=58min
2026-09-23 10:14:50,854 [INFO] Produced I5804 | BOM -> DEL | status=DELAYED delay=120min
2026-09-23 10:14:51,855 [INFO] Produced QP541 | DEL -> HYD | status=ON_TIME delay=0min
2026-09-23 10:14:52,858 [INFO] Produced 6E280 | CCU -> DEL | status=ON_TIME delay=0min
2026-09-23 10:14:53,863 [INFO] Produced 6E314 | CCU -> DEL | status=ON_TIME delay=0min
2026-09-23 10:14:54,864 [INFO] Produced QP755 | HYD -> CCU | status=ON_TIME delay=0min
2026-09-23 10:14:55,866 [INFO] Produced AI763 | BLR -> DEL | status=CANCELLED delay=0min
2026-09-23 10:14:56,871 [INFO] Produced AI740 | DEL -> MAA | status=ON_TIME delay=0min
2026-09-23 10:14:57,871 [INFO] Produced 6E423 | BOM -> HYD | status=ON_TIME delay=0min
2026-09-23 10:14:58,877 [INFO] Produced QP450 | MAA -> BLR | status=DELAYED delay=4min
2026-09-23 10:14:59,882 [INFO] Produced 6E160 | BLR -> MAA | status=ON_TIME delay=0min
2026-09-23 10:15:00,883 [INFO] Produced UK397 | HYD -> MAA | status=ON_TIME delay=0min
2026-09-23 10:15:01,887 [INFO] Produced AI362 | BLR -> BOM | status=ON_TIME delay=0min
2026-09-23 10:15:02,893 [INFO] Produced QP694 | MAA -> BOM | status=ON_TIME delay=0min
2026-09-23 10:15:03,896 [INFO] Produced I5463 | CCU -> BLR | status=ON_TIME delay=0min
2026-09-23 10:15:04,900 [INFO] Produced QP815 | HYD -> DEL | status=ON_TIME delay=0min
2026-09-23 10:15:05,905 [INFO] Produced SG565 | BOM -> CCU | status=DELAYED delay=41min
2026-09-23 10:15:06,910 [INFO] Produced UK889 | DEL -> BOM | status=ON_TIME delay=0min
2026-09-23 10:15:07,915 [INFO] Produced QP103 | MAA -> BOM | status=ON_TIME delay=0min
2026-09-23 10:15:08,916 [INFO] Produced I5828 | BOM -> HYD | status=DELAYED delay=34min
2026-09-23 10:15:09,919 [INFO] Produced 6E722 | CCU -> MAA | status=ON_TIME delay=0min
2026-09-23 10:15:10,922 [INFO] Produced UK143 | CCU -> MAA | status=ON_TIME delay=0min
2026-09-23 10:15:11,922 [INFO] Produced QP747 | HYD -> CCU | status=ON_TIME delay=0min
2026-09-23 10:15:12,925 [INFO] Produced AI729 | CCU -> BLR | status=ON_TIME delay=0min
2026-09-23 10:15:13,930 [INFO] Produced UK273 | HYD -> CCU | status=ON_TIME delay=0min
2026-09-23 10:15:14,932 [INFO] Produced SG783 | CCU -> BLR | status=ON_TIME delay=0min
2026-09-23 10:15:15,934 [INFO] Produced SG185 | BLR -> HYD | status=ON_TIME delay=0min
2026-09-23 10:15:16,938 [INFO] Produced 6E682 | BOM -> DEL | status=DELAYED delay=23min
2026-09-23 10:15:17,944 [INFO] Produced UK381 | MAA -> DEL | status=DELAYED delay=43min
2026-09-23 10:15:18,946 [INFO] Produced QP452 | MAA -> DEL | status=ON_TIME delay=0min
2026-09-23 10:15:19,951 [INFO] Produced I5886 | BLR -> CCU | status=DELAYED delay=1min
2026-09-23 10:15:20,953 [INFO] Produced I5858 | MAA -> HYD | status=ON_TIME delay=0min
2026-09-23 10:15:21,956 [INFO] Produced UK767 | DEL -> CCU | status=ON_TIME delay=0min
2026-09-23 10:15:22,961 [INFO] Produced SG418 | HYD -> BLR | status=DELAYED delay=14min
2026-09-23 10:15:23,966 [INFO] Produced QP775 | BOM -> BLR | status=DELAYED delay=15min
2026-09-23 10:15:24,971 [INFO] Produced UK611 | DEL -> BLR | status=ON_TIME delay=0min
2026-09-23 10:15:25,977 [INFO] Produced UK171 | MAA -> HYD | status=ON_TIME delay=0min
2026-09-23 10:15:26,981 [INFO] Produced 6E460 | BOM -> DEL | status=DELAYED delay=17min
2026-09-23 10:15:27,982 [INFO] Produced I5612 | BLR -> CCU | status=ON_TIME delay=0min
2026-09-23 10:15:28,982 [INFO] Produced I5797 | BLR -> BOM | status=DELAYED delay=95min
2026-09-23 10:15:29,984 [INFO] Produced AI543 | DEL -> CCU | status=DELAYED delay=93min
2026-09-23 10:15:30,988 [INFO] Produced UK334 | MAA -> BLR | status=ON_TIME delay=0min
2026-09-23 10:15:31,989 [INFO] Produced UK559 | DEL -> HYD | status=DELAYED delay=19min
2026-09-23 10:15:32,994 [INFO] Produced UK206 | MAA -> CCU | status=ON_TIME delay=0min
2026-09-23 10:15:33,999 [INFO] Produced UK225 | BLR -> BOM | status=CANCELLED delay=0min
2026-09-23 10:15:35,003 [INFO] Produced AI147 | BLR -> DEL | status=DELAYED delay=17min
2026-09-23 10:15:36,006 [INFO] Produced QP335 | BLR -> BOM | status=DELAYED delay=76min
2026-09-23 10:15:37,011 [INFO] Produced SG155 | BOM -> DEL | status=ON_TIME delay=0min
2026-09-23 10:15:38,012 [INFO] Produced QP518 | CCU -> MAA | status=ON_TIME delay=0min
2026-09-23 10:15:39,013 [INFO] Produced 6E480 | MAA -> DEL | status=DELAYED delay=89min
2026-09-23 10:15:40,018 [INFO] Produced QP874 | MAA -> BOM | status=ON_TIME delay=0min
2026-09-23 10:15:41,019 [INFO] Produced 6E328 | BOM -> BLR | status=ON_TIME delay=0min
2026-09-23 10:15:42,022 [INFO] Produced 6E598 | BLR -> HYD | status=DELAYED delay=58min
2026-09-23 10:15:43,023 [INFO] Produced AI930 | CCU -> BLR | status=ON_TIME delay=0min
2026-09-23 10:15:44,024 [INFO] Produced I5486 | MAA -> BOM | status=ON_TIME delay=0min
2026-09-23 10:15:45,025 [INFO] Produced UK748 | BLR -> HYD | status=ON_TIME delay=0min
2026-09-23 10:15:46,028 [INFO] Produced UK552 | MAA -> BOM | status=ON_TIME delay=0min
2026-09-23 10:15:47,032 [INFO] Produced QP547 | BOM -> MAA | status=ON_TIME delay=0min
2026-09-23 10:15:48,034 [INFO] Produced SG560 | BLR -> BOM | status=ON_TIME delay=0min
2026-09-23 10:15:49,036 [INFO] Produced AI686 | DEL -> MAA | status=DELAYED delay=73min
2026-09-23 10:15:50,040 [INFO] Produced QP243 | HYD -> CCU | status=DELAYED delay=56min
2026-09-23 10:15:51,041 [INFO] Produced UK581 | BOM -> HYD | status=ON_TIME delay=0min
2026-09-23 10:15:52,047 [INFO] Produced I5482 | MAA -> BLR | status=DELAYED delay=111min
2026-09-23 10:15:53,049 [INFO] Produced I5804 | BOM -> MAA | status=DELAYED delay=40min
2026-09-23 10:15:54,054 [INFO] Produced QP695 | HYD -> DEL | status=CANCELLED delay=0min
2026-09-23 10:15:55,058 [INFO] Produced I5814 | MAA -> BOM | status=ON_TIME delay=0min
2026-09-23 10:15:56,063 [INFO] Produced QP430 | HYD -> MAA | status=DELAYED delay=115min
2026-09-23 10:15:57,068 [INFO] Produced AI639 | MAA -> CCU | status=ON_TIME delay=0min
2026-09-23 10:15:58,071 [INFO] Produced UK685 | CCU -> MAA | status=ON_TIME delay=0min
2026-09-23 10:15:59,076 [INFO] Produced QP434 | BLR -> MAA | status=CANCELLED delay=0min
2026-09-23 10:16:00,081 [INFO] Produced QP434 | HYD -> CCU | status=DELAYED delay=89min
2026-09-23 10:16:01,081 [INFO] Produced QP873 | HYD -> BLR | status=ON_TIME delay=0min
2026-09-23 10:16:02,086 [INFO] Produced AI541 | CCU -> MAA | status=ON_TIME delay=0min
2026-09-23 10:16:03,091 [INFO] Produced SG514 | BOM -> HYD | status=ON_TIME delay=0min
2026-09-23 10:16:04,096 [INFO] Produced SG214 | BOM -> BLR | status=CANCELLED delay=0min
2026-09-23 10:16:05,101 [INFO] Produced 6E239 | HYD -> CCU | status=ON_TIME delay=0min
2026-09-23 10:16:06,106 [INFO] Produced SG533 | BOM -> DEL | status=ON_TIME delay=0min
2026-09-23 10:16:07,111 [INFO] Produced UK614 | CCU -> HYD | status=ON_TIME delay=0min
2026-09-23 10:16:08,117 [INFO] Produced SG670 | HYD -> CCU | status=ON_TIME delay=0min
2026-09-23 10:16:09,121 [INFO] Produced 6E544 | MAA -> DEL | status=DELAYED delay=119min
2026-09-23 10:16:10,126 [INFO] Produced SG489 | BLR -> DEL | status=DELAYED delay=12min
2026-09-23 10:16:11,127 [INFO] Produced QP448 | CCU -> HYD | status=DELAYED delay=96min
2026-09-23 10:16:12,130 [INFO] Produced QP169 | DEL -> CCU | status=ON_TIME delay=0min
2026-09-23 10:16:13,135 [INFO] Produced SG509 | MAA -> BOM | status=ON_TIME delay=0min
2026-09-23 10:16:14,138 [INFO] Produced UK211 | HYD -> MAA | status=DELAYED delay=9min
2026-09-23 10:16:15,143 [INFO] Produced UK957 | CCU -> HYD | status=ON_TIME delay=0min
2026-09-23 10:16:16,148 [INFO] Produced UK945 | DEL -> BLR | status=CANCELLED delay=0min
2026-09-23 10:16:17,153 [INFO] Produced UK148 | CCU -> BLR | status=ON_TIME delay=0min
2026-09-23 10:16:18,158 [INFO] Produced UK192 | BOM -> BLR | status=ON_TIME delay=0min
2026-09-23 10:16:19,163 [INFO] Produced QP549 | CCU -> DEL | status=ON_TIME delay=0min
2026-09-23 10:16:20,164 [INFO] Produced AI915 | CCU -> MAA | status=ON_TIME delay=0min
2026-09-23 10:16:21,169 [INFO] Produced 6E511 | MAA -> HYD | status=DELAYED delay=28min
2026-09-23 10:16:22,171 [INFO] Produced AI752 | DEL -> MAA | status=ON_TIME delay=0min
2026-09-23 10:16:23,174 [INFO] Produced 6E569 | MAA -> CCU | status=DELAYED delay=58min
2026-09-23 10:16:24,179 [INFO] Produced 6E416 | HYD -> MAA | status=ON_TIME delay=0min
2026-09-23 10:16:25,184 [INFO] Produced AI733 | DEL -> HYD | status=ON_TIME delay=0min
2026-09-23 10:16:26,189 [INFO] Produced SG601 | HYD -> BOM | status=DELAYED delay=101min
2026-09-23 10:16:27,189 [INFO] Produced 6E247 | BLR -> DEL | status=DELAYED delay=85min
2026-09-23 10:16:28,194 [INFO] Produced AI219 | CCU -> BOM | status=ON_TIME delay=0min
2026-09-23 10:16:29,198 [INFO] Produced SG367 | BOM -> HYD | status=DELAYED delay=7min
2026-09-23 10:16:30,203 [INFO] Produced SG855 | BLR -> CCU | status=ON_TIME delay=0min
2026-09-23 10:16:31,208 [INFO] Produced UK678 | CCU -> DEL | status=ON_TIME delay=0min
2026-09-23 10:16:32,212 [INFO] Produced 6E346 | MAA -> BLR | status=ON_TIME delay=0min
2026-09-23 10:16:33,212 [INFO] Produced I5897 | DEL -> MAA | status=ON_TIME delay=0min
2026-09-23 10:16:34,213 [INFO] Produced 6E673 | BLR -> HYD | status=ON_TIME delay=0min
2026-09-23 10:16:35,217 [INFO] Produced AI287 | DEL -> BOM | status=DELAYED delay=109min
2026-09-23 10:16:36,222 [INFO] Produced I5349 | HYD -> BLR | status=ON_TIME delay=0min
2026-09-23 10:16:37,223 [INFO] Produced SG226 | CCU -> HYD | status=DELAYED delay=12min
2026-09-23 10:16:38,227 [INFO] Produced SG492 | BOM -> MAA | status=ON_TIME delay=0min
2026-09-23 10:16:39,230 [INFO] Produced QP443 | MAA -> DEL | status=ON_TIME delay=0min
2026-09-23 10:16:40,232 [INFO] Produced UK219 | CCU -> BLR | status=ON_TIME delay=0min
2026-09-23 10:16:41,236 [INFO] Produced SG470 | HYD -> CCU | status=ON_TIME delay=0min
2026-09-23 10:16:42,242 [INFO] Produced QP579 | BOM -> HYD | status=DELAYED delay=60min
2026-09-23 10:16:43,246 [INFO] Produced QP953 | DEL -> BOM | status=DELAYED delay=14min
2026-09-23 10:16:44,248 [INFO] Produced UK821 | MAA -> CCU | status=ON_TIME delay=0min
2026-09-23 10:16:45,249 [INFO] Produced SG220 | BLR -> BOM | status=DELAYED delay=104min
2026-09-23 10:16:46,251 [INFO] Produced SG476 | BOM -> DEL | status=DELAYED delay=86min
2026-09-23 10:16:47,255 [INFO] Produced SG287 | HYD -> BOM | status=ON_TIME delay=0min
2026-09-23 10:16:48,257 [INFO] Produced AI550 | MAA -> CCU | status=DELAYED delay=82min
2026-09-23 10:16:49,262 [INFO] Produced AI706 | BLR -> MAA | status=DELAYED delay=1min
2026-09-23 10:16:50,265 [INFO] Produced UK878 | BLR -> MAA | status=ON_TIME delay=0min
2026-09-23 10:16:51,267 [INFO] Produced I5463 | DEL -> CCU | status=ON_TIME delay=0min
2026-09-23 10:16:52,271 [INFO] Produced QP169 | DEL -> CCU | status=ON_TIME delay=0min
2026-09-23 10:16:53,272 [INFO] Produced UK952 | MAA -> DEL | status=ON_TIME delay=0min
2026-09-23 10:16:54,273 [INFO] Produced SG880 | DEL -> MAA | status=DELAYED delay=119min
2026-09-23 10:16:55,278 [INFO] Produced QP839 | HYD -> BLR | status=ON_TIME delay=0min
2026-09-23 10:16:56,282 [INFO] Produced I5808 | CCU -> BLR | status=ON_TIME delay=0min
2026-09-23 10:16:57,287 [INFO] Produced UK947 | HYD -> MAA | status=DELAYED delay=16min
2026-09-23 10:16:58,292 [INFO] Produced QP738 | DEL -> MAA | status=ON_TIME delay=0min
2026-09-23 10:16:59,297 [INFO] Produced AI955 | BLR -> BOM | status=ON_TIME delay=0min
2026-09-23 10:17:00,302 [INFO] Produced UK925 | BLR -> HYD | status=ON_TIME delay=0min
2026-09-23 10:17:01,307 [INFO] Produced AI745 | HYD -> BLR | status=DELAYED delay=50min
2026-09-23 10:17:02,309 [INFO] Produced UK525 | BOM -> DEL | status=ON_TIME delay=0min
2026-09-23 10:17:03,315 [INFO] Produced UK464 | BLR -> BOM | status=DELAYED delay=6min
2026-09-23 10:17:04,320 [INFO] Produced QP980 | BLR -> HYD | status=DELAYED delay=69min
2026-09-23 10:17:05,321 [INFO] Produced UK625 | BOM -> CCU | status=ON_TIME delay=0min
2026-09-23 10:17:06,326 [INFO] Produced 6E780 | BLR -> BOM | status=DELAYED delay=112min
2026-09-23 10:17:07,329 [INFO] Produced I5701 | HYD -> DEL | status=ON_TIME delay=0min
2026-09-23 10:17:08,329 [INFO] Produced UK379 | BLR -> HYD | status=ON_TIME delay=0min
2026-09-23 10:17:09,331 [INFO] Produced 6E866 | BOM -> CCU | status=CANCELLED delay=0min
2026-09-23 10:17:10,337 [INFO] Produced UK685 | HYD -> DEL | status=DELAYED delay=88min
2026-09-23 10:17:11,339 [INFO] Produced QP560 | DEL -> BLR | status=DELAYED delay=40min
2026-09-23 10:17:12,344 [INFO] Produced 6E570 | BOM -> BLR | status=DELAYED delay=65min
2026-09-23 10:17:13,346 [INFO] Produced AI692 | CCU -> BOM | status=ON_TIME delay=0min
2026-09-23 10:17:14,351 [INFO] Produced 6E736 | BOM -> BLR | status=DELAYED delay=73min
2026-09-23 10:17:15,357 [INFO] Produced SG290 | CCU -> BLR | status=ON_TIME delay=0min
2026-09-23 10:17:16,362 [INFO] Produced UK336 | CCU -> DEL | status=DELAYED delay=100min
2026-09-23 10:17:17,368 [INFO] Produced 6E839 | BLR -> CCU | status=DELAYED delay=57min
2026-09-23 10:17:18,370 [INFO] Produced I5372 | BOM -> DEL | status=DELAYED delay=73min
2026-09-23 10:17:19,372 [INFO] Produced QP970 | BLR -> MAA | status=DELAYED delay=43min
2026-09-23 10:17:20,378 [INFO] Produced 6E284 | CCU -> HYD | status=DELAYED delay=51min
2026-09-23 10:17:21,381 [INFO] Produced AI412 | CCU -> BOM | status=ON_TIME delay=0min
2026-09-23 10:17:22,383 [INFO] Produced AI151 | MAA -> DEL | status=ON_TIME delay=0min
2026-09-23 10:17:23,387 [INFO] Produced UK832 | DEL -> BLR | status=ON_TIME delay=0min
2026-09-23 10:17:24,390 [INFO] Produced AI613 | CCU -> HYD | status=ON_TIME delay=0min
2026-09-23 10:17:25,394 [INFO] Produced UK807 | DEL -> BLR | status=ON_TIME delay=0min
2026-09-23 10:17:26,399 [INFO] Produced SG571 | HYD -> BLR | status=ON_TIME delay=0min
2026-09-23 10:17:27,400 [INFO] Produced UK833 | HYD -> MAA | status=ON_TIME delay=0min
2026-09-23 10:17:28,405 [INFO] Produced UK440 | CCU -> BOM | status=DELAYED delay=2min
2026-09-23 10:17:29,408 [INFO] Produced AI840 | CCU -> DEL | status=ON_TIME delay=0min
2026-09-23 10:17:30,413 [INFO] Produced I5568 | BLR -> BOM | status=ON_TIME delay=0min
2026-09-23 10:17:31,419 [INFO] Produced I5111 | HYD -> MAA | status=DELAYED delay=15min
2026-09-23 10:17:32,422 [INFO] Produced 6E602 | BLR -> CCU | status=DELAYED delay=95min
2026-09-23 10:17:33,427 [INFO] Produced AI788 | DEL -> HYD | status=ON_TIME delay=0min
2026-09-23 10:17:34,431 [INFO] Produced I5574 | MAA -> HYD | status=ON_TIME delay=0min
2026-09-23 10:17:35,437 [INFO] Produced SG421 | MAA -> BLR | status=DELAYED delay=54min
2026-09-23 10:17:36,440 [INFO] Produced UK974 | DEL -> HYD | status=ON_TIME delay=0min
2026-09-23 10:17:37,442 [INFO] Produced AI171 | BOM -> CCU | status=ON_TIME delay=0min
2026-09-23 10:17:38,443 [INFO] Produced SG627 | MAA -> BLR | status=DELAYED delay=57min
2026-09-23 10:17:39,449 [INFO] Produced QP652 | DEL -> CCU | status=ON_TIME delay=0min
2026-09-23 10:17:40,454 [INFO] Produced QP992 | BLR -> DEL | status=ON_TIME delay=0min
2026-09-23 10:17:41,459 [INFO] Produced SG113 | CCU -> MAA | status=DELAYED delay=104min
2026-09-23 10:17:42,465 [INFO] Produced 6E462 | CCU -> HYD | status=ON_TIME delay=0min
2026-09-23 10:17:43,467 [INFO] Produced 6E207 | BOM -> HYD | status=DELAYED delay=83min
2026-09-23 10:17:44,469 [INFO] Produced UK288 | BOM -> CCU | status=DELAYED delay=39min
2026-09-23 10:17:45,471 [INFO] Produced SG597 | CCU -> MAA | status=ON_TIME delay=0min
2026-09-23 10:17:46,473 [INFO] Produced SG326 | BOM -> BLR | status=ON_TIME delay=0min
2026-09-23 10:17:47,479 [INFO] Produced QP182 | DEL -> HYD | status=ON_TIME delay=0min
2026-09-23 10:17:48,481 [INFO] Produced I5968 | HYD -> CCU | status=DELAYED delay=10min
2026-09-23 10:17:49,487 [INFO] Produced QP993 | MAA -> BOM | status=ON_TIME delay=0min
2026-09-23 10:17:50,492 [INFO] Produced 6E848 | DEL -> CCU | status=ON_TIME delay=0min
2026-09-23 10:17:51,498 [INFO] Produced UK383 | BOM -> HYD | status=CANCELLED delay=0min
2026-09-23 10:17:52,503 [INFO] Produced QP794 | DEL -> MAA | status=ON_TIME delay=0min
2026-09-23 10:17:53,509 [INFO] Produced UK394 | BOM -> DEL | status=ON_TIME delay=0min
2026-09-23 10:17:54,514 [INFO] Produced I5748 | BLR -> MAA | status=ON_TIME delay=0min
2026-09-23 10:17:55,520 [INFO] Produced 6E928 | DEL -> BLR | status=CANCELLED delay=0min
2026-09-23 10:17:56,525 [INFO] Produced SG615 | CCU -> MAA | status=ON_TIME delay=0min
2026-09-23 10:17:57,531 [INFO] Produced UK821 | MAA -> HYD | status=ON_TIME delay=0min
2026-09-23 10:17:58,536 [INFO] Produced 6E651 | BLR -> MAA | status=DELAYED delay=109min
2026-09-23 10:17:59,542 [INFO] Produced QP207 | BOM -> DEL | status=DELAYED delay=4min
2026-09-23 10:18:00,545 [INFO] Produced AI841 | HYD -> BLR | status=DELAYED delay=98min
2026-09-23 10:18:01,546 [INFO] Produced QP340 | CCU -> DEL | status=DELAYED delay=85min
2026-09-23 10:18:02,551 [INFO] Produced SG998 | HYD -> BOM | status=ON_TIME delay=0min
2026-09-23 10:18:03,557 [INFO] Produced 6E911 | HYD -> MAA | status=ON_TIME delay=0min
2026-09-23 10:18:04,562 [INFO] Produced 6E540 | HYD -> BOM | status=DELAYED delay=55min
2026-09-23 10:18:05,568 [INFO] Produced I5788 | BOM -> CCU | status=ON_TIME delay=0min
2026-09-23 10:18:06,573 [INFO] Produced I5570 | DEL -> HYD | status=ON_TIME delay=0min
2026-09-23 10:18:07,576 [INFO] Produced 6E181 | BOM -> DEL | status=DELAYED delay=26min
2026-09-23 10:18:08,581 [INFO] Produced UK783 | MAA -> BOM | status=ON_TIME delay=0min
2026-09-23 10:18:09,583 [INFO] Produced SG173 | HYD -> BLR | status=DELAYED delay=1min
2026-09-23 10:18:10,585 [INFO] Produced 6E313 | CCU -> BOM | status=DELAYED delay=11min
2026-09-23 10:18:11,586 [INFO] Produced SG681 | BOM -> MAA | status=ON_TIME delay=0min
2026-09-23 10:18:12,588 [INFO] Produced SG619 | CCU -> BLR | status=CANCELLED delay=0min
2026-09-23 10:18:13,593 [INFO] Produced 6E255 | MAA -> DEL | status=ON_TIME delay=0min
2026-09-23 10:18:14,598 [INFO] Produced AI801 | MAA -> HYD | status=ON_TIME delay=0min
2026-09-23 10:18:15,603 [INFO] Produced SG730 | BLR -> BOM | status=ON_TIME delay=0min
2026-09-23 10:18:16,604 [INFO] Produced AI620 | DEL -> HYD | status=ON_TIME delay=0min
2026-09-23 10:18:17,606 [INFO] Produced I5301 | DEL -> CCU | status=ON_TIME delay=0min
2026-09-23 10:18:18,610 [INFO] Produced 6E705 | BOM -> DEL | status=ON_TIME delay=0min
2026-09-23 10:18:19,612 [INFO] Produced UK702 | DEL -> BLR | status=DELAYED delay=23min
2026-09-23 10:18:20,617 [INFO] Produced 6E749 | CCU -> DEL | status=ON_TIME delay=0min
2026-09-23 10:18:21,623 [INFO] Produced SG925 | BLR -> BOM | status=CANCELLED delay=0min
2026-09-23 10:18:22,628 [INFO] Produced AI144 | BOM -> CCU | status=DELAYED delay=114min
2026-09-23 10:18:23,634 [INFO] Produced 6E502 | CCU -> MAA | status=DELAYED delay=60min
2026-09-23 10:18:24,635 [INFO] Produced I5295 | DEL -> CCU | status=ON_TIME delay=0min
2026-09-23 10:18:25,639 [INFO] Produced QP569 | CCU -> BOM | status=ON_TIME delay=0min
2026-09-23 10:18:26,642 [INFO] Produced SG394 | BOM -> DEL | status=DELAYED delay=33min
2026-09-23 10:18:27,647 [INFO] Produced I5472 | BOM -> HYD | status=ON_TIME delay=0min
2026-09-23 10:18:28,650 [INFO] Produced 6E639 | BOM -> CCU | status=ON_TIME delay=0min
2026-09-23 10:18:29,654 [INFO] Produced SG973 | BOM -> DEL | status=DELAYED delay=19min
2026-09-23 10:18:30,657 [INFO] Produced I5819 | BLR -> BOM | status=DELAYED delay=73min
2026-09-23 10:18:31,657 [INFO] Produced AI351 | HYD -> CCU | status=ON_TIME delay=0min
2026-09-23 10:18:32,663 [INFO] Produced UK711 | MAA -> BLR | status=DELAYED delay=25min
2026-09-23 10:18:33,668 [INFO] Produced 6E981 | CCU -> MAA | status=DELAYED delay=61min
2026-09-23 10:18:34,671 [INFO] Produced I5503 | DEL -> BOM | status=ON_TIME delay=0min
2026-09-23 10:18:35,673 [INFO] Produced QP973 | HYD -> BLR | status=ON_TIME delay=0min
2026-09-23 10:18:36,679 [INFO] Produced UK270 | DEL -> BOM | status=ON_TIME delay=0min
2026-09-23 10:18:37,685 [INFO] Produced AI934 | BLR -> BOM | status=DELAYED delay=84min
2026-09-23 10:18:38,687 [INFO] Produced 6E662 | CCU -> BOM | status=ON_TIME delay=0min
2026-09-23 10:18:39,692 [INFO] Produced 6E979 | DEL -> CCU | status=ON_TIME delay=0min
2026-09-23 10:18:40,695 [INFO] Produced AI804 | MAA -> HYD | status=ON_TIME delay=0min
2026-09-23 10:18:41,700 [INFO] Produced 6E546 | MAA -> HYD | status=DELAYED delay=106min
2026-09-23 10:18:42,702 [INFO] Produced UK942 | HYD -> MAA | status=ON_TIME delay=0min
2026-09-23 10:18:43,708 [INFO] Produced 6E853 | DEL -> BLR | status=ON_TIME delay=0min
2026-09-23 10:18:44,712 [INFO] Produced 6E168 | DEL -> BOM | status=ON_TIME delay=0min
2026-09-23 10:18:45,718 [INFO] Produced QP183 | BLR -> HYD | status=DELAYED delay=76min
2026-09-23 10:18:46,719 [INFO] Produced SG342 | BLR -> HYD | status=ON_TIME delay=0min
2026-09-23 10:18:47,721 [INFO] Produced 6E742 | DEL -> CCU | status=ON_TIME delay=0min
2026-09-23 10:18:48,727 [INFO] Produced UK949 | CCU -> BLR | status=DELAYED delay=90min
2026-09-23 10:18:49,731 [INFO] Produced QP131 | HYD -> BLR | status=DELAYED delay=110min
2026-09-23 10:18:50,733 [INFO] Produced AI554 | BOM -> DEL | status=ON_TIME delay=0min
2026-09-23 10:18:51,739 [INFO] Produced AI969 | MAA -> BOM | status=DELAYED delay=64min
2026-09-23 10:18:52,745 [INFO] Produced 6E928 | CCU -> DEL | status=ON_TIME delay=0min
%4|1790138933.538|FAIL|rdkafka#producer-1| [thrd:localhost:9092/1]: localhost:9092/1: Disconnected: connection reset by peer (after 881760ms in state UP)
%3|1790138933.540|FAIL|rdkafka#producer-1| [thrd:localhost:9092/1]: localhost:9092/1: Connect to ipv4#127.0.0.1:9092 failed: Connection refused (after 1ms in state CONNECT)
%3|1790138933.543|FAIL|rdkafka#producer-1| [thrd:localhost:9092/bootstrap]: localhost:9092/bootstrap: Connect to ipv6#[::1]:9092 failed: Connection refused (after 4ms in state CONNECT)
%3|1790138933.591|FAIL|rdkafka#producer-1| [thrd:localhost:9092/bootstrap]: localhost:9092/bootstrap: Connect to ipv4#127.0.0.1:9092 failed: Connection refused (after 0ms in state CONNECT)
%3|1790138933.637|FAIL|rdkafka#producer-1| [thrd:localhost:9092/1]: localhost:9092/1: Connect to ipv6#[::1]:9092 failed: Connection refused (after 0ms in state CONNECT)
%3|1790138933.643|FAIL|rdkafka#producer-1| [thrd:localhost:9092/bootstrap]: localhost:9092/bootstrap: Connect to ipv6#[::1]:9092 failed: Connection refused (after 0ms in state CONNECT)
2026-09-23 10:18:53,751 [INFO] Produced SG902 | HYD -> BLR | status=ON_TIME delay=0min
%3|1790138933.848|FAIL|rdkafka#producer-1| [thrd:localhost:9092/bootstrap]: localhost:9092/bootstrap: Connect to ipv4#127.0.0.1:9092 failed: Connection refused (after 0ms in state CONNECT)
%3|1790138934.094|FAIL|rdkafka#producer-1| [thrd:localhost:9092/1]: localhost:9092/1: Connect to ipv4#127.0.0.1:9092 failed: Connection refused (after 0ms in state CONNECT)
%3|1790138934.302|FAIL|rdkafka#producer-1| [thrd:localhost:9092/bootstrap]: localhost:9092/bootstrap: Connect to ipv6#[::1]:9092 failed: Connection refused (after 0ms in state CONNECT)
%3|1790138934.580|FAIL|rdkafka#producer-1| [thrd:localhost:9092/bootstrap]: localhost:9092/bootstrap: Connect to ipv4#127.0.0.1:9092 failed: Connection refused (after 0ms in state CONNECT)
%3|1790138934.636|FAIL|rdkafka#producer-1| [thrd:localhost:9092/bootstrap]: localhost:9092/bootstrap: Connect to ipv6#[::1]:9092 failed: Connection refused (after 0ms in state CONNECT)
%3|1790138934.741|FAIL|rdkafka#producer-1| [thrd:localhost:9092/1]: localhost:9092/1: Connect to ipv4#127.0.0.1:9092 failed: Connection refused (after 0ms in state CONNECT, 1 identical error(s) suppressed)
2026-09-23 10:18:54,756 [INFO] Produced AI238 | BLR -> BOM | status=ON_TIME delay=0min
%3|1790138935.187|FAIL|rdkafka#producer-1| [thrd:localhost:9092/bootstrap]: localhost:9092/bootstrap: Connect to ipv4#127.0.0.1:9092 failed: Connection refused (after 0ms in state CONNECT)
%3|1790138935.586|FAIL|rdkafka#producer-1| [thrd:localhost:9092/bootstrap]: localhost:9092/bootstrap: Connect to ipv6#[::1]:9092 failed: Connection refused (after 0ms in state CONNECT)
%3|1790138935.642|FAIL|rdkafka#producer-1| [thrd:localhost:9092/bootstrap]: localhost:9092/bootstrap: Connect to ipv4#127.0.0.1:9092 failed: Connection refused (after 0ms in state CONNECT)
2026-09-23 10:18:55,762 [INFO] Produced AI884 | DEL -> BLR | status=ON_TIME delay=0min
%3|1790138936.192|FAIL|rdkafka#producer-1| [thrd:localhost:9092/bootstrap]: localhost:9092/bootstrap: Connect to ipv6#[::1]:9092 failed: Connection refused (after 0ms in state CONNECT)
%3|1790138936.588|FAIL|rdkafka#producer-1| [thrd:localhost:9092/bootstrap]: localhost:9092/bootstrap: Connect to ipv4#127.0.0.1:9092 failed: Connection refused (after 0ms in state CONNECT)
%3|1790138936.640|FAIL|rdkafka#producer-1| [thrd:localhost:9092/bootstrap]: localhost:9092/bootstrap: Connect to ipv6#[::1]:9092 failed: Connection refused (after 0ms in state CONNECT)
2026-09-23 10:18:56,767 [INFO] Produced AI862 | BLR -> CCU | status=ON_TIME delay=0min
%3|1790138937.194|FAIL|rdkafka#producer-1| [thrd:localhost:9092/bootstrap]: localhost:9092/bootstrap: Connect to ipv4#127.0.0.1:9092 failed: Connection refused (after 0ms in state CONNECT)
%3|1790138937.594|FAIL|rdkafka#producer-1| [thrd:localhost:9092/bootstrap]: localhost:9092/bootstrap: Connect to ipv4#127.0.0.1:9092 failed: Connection refused (after 1ms in state CONNECT, 1 identical error(s) suppressed)
%3|1790138937.649|FAIL|rdkafka#producer-1| [thrd:localhost:9092/bootstrap]: localhost:9092/bootstrap: Connect to ipv6#[::1]:9092 failed: Connection refused (after 0ms in state CONNECT)
2026-09-23 10:18:57,773 [INFO] Produced SG777 | BOM -> HYD | status=ON_TIME delay=0min
%3|1790138938.011|FAIL|rdkafka#producer-1| [thrd:localhost:9092/1]: localhost:9092/1: Connect to ipv6#[::1]:9092 failed: Connection refused (after 0ms in state CONNECT)
%3|1790138938.200|FAIL|rdkafka#producer-1| [thrd:localhost:9092/bootstrap]: localhost:9092/bootstrap: Connect to ipv4#127.0.0.1:9092 failed: Connection refused (after 0ms in state CONNECT)
%3|1790138938.650|FAIL|rdkafka#producer-1| [thrd:localhost:9092/bootstrap]: localhost:9092/bootstrap: Connect to ipv6#[::1]:9092 failed: Connection refused (after 0ms in state CONNECT)
2026-09-23 10:18:58,777 [INFO] Produced I5687 | HYD -> CCU | status=DELAYED delay=98min
%3|1790138939.203|FAIL|rdkafka#producer-1| [thrd:localhost:9092/bootstrap]: localhost:9092/bootstrap: Connect to ipv4#127.0.0.1:9092 failed: Connection refused (after 0ms in state CONNECT)
%3|1790138939.659|FAIL|rdkafka#producer-1| [thrd:localhost:9092/bootstrap]: localhost:9092/bootstrap: Connect to ipv6#[::1]:9092 failed: Connection refused (after 0ms in state CONNECT)
2026-09-23 10:18:59,783 [INFO] Produced 6E261 | BOM -> HYD | status=DELAYED delay=62min
%3|1790138940.209|FAIL|rdkafka#producer-1| [thrd:localhost:9092/bootstrap]: localhost:9092/bootstrap: Connect to ipv4#127.0.0.1:9092 failed: Connection refused (after 0ms in state CONNECT)
%3|1790138940.608|FAIL|rdkafka#producer-1| [thrd:localhost:9092/bootstrap]: localhost:9092/bootstrap: Connect to ipv6#[::1]:9092 failed: Connection refused (after 1ms in state CONNECT)
%3|1790138940.664|FAIL|rdkafka#producer-1| [thrd:localhost:9092/bootstrap]: localhost:9092/bootstrap: Connect to ipv4#127.0.0.1:9092 failed: Connection refused (after 0ms in state CONNECT)
2026-09-23 10:19:00,788 [INFO] Produced AI319 | HYD -> BOM | status=DELAYED delay=75min
%3|1790138941.212|FAIL|rdkafka#producer-1| [thrd:localhost:9092/bootstrap]: localhost:9092/bootstrap: Connect to ipv6#[::1]:9092 failed: Connection refused (after 0ms in state CONNECT)
%3|1790138941.610|FAIL|rdkafka#producer-1| [thrd:localhost:9092/bootstrap]: localhost:9092/bootstrap: Connect to ipv4#127.0.0.1:9092 failed: Connection refused (after 1ms in state CONNECT)
%3|1790138941.664|FAIL|rdkafka#producer-1| [thrd:localhost:9092/bootstrap]: localhost:9092/bootstrap: Connect to ipv6#[::1]:9092 failed: Connection refused (after 0ms in state CONNECT)
2026-09-23 10:19:01,793 [INFO] Produced UK408 | DEL -> MAA | status=DELAYED delay=42min
%3|1790138942.218|FAIL|rdkafka#producer-1| [thrd:localhost:9092/bootstrap]: localhost:9092/bootstrap: Connect to ipv4#127.0.0.1:9092 failed: Connection refused (after 0ms in state CONNECT)
%3|1790138942.615|FAIL|rdkafka#producer-1| [thrd:localhost:9092/bootstrap]: localhost:9092/bootstrap: Connect to ipv6#[::1]:9092 failed: Connection refused (after 1ms in state CONNECT)
%3|1790138942.670|FAIL|rdkafka#producer-1| [thrd:localhost:9092/bootstrap]: localhost:9092/bootstrap: Connect to ipv4#127.0.0.1:9092 failed: Connection refused (after 0ms in state CONNECT)
2026-09-23 10:19:02,797 [INFO] Produced I5340 | BOM -> BLR | status=DELAYED delay=34min
%3|1790138943.220|FAIL|rdkafka#producer-1| [thrd:localhost:9092/bootstrap]: localhost:9092/bootstrap: Connect to ipv6#[::1]:9092 failed: Connection refused (after 0ms in state CONNECT)
%3|1790138943.675|FAIL|rdkafka#producer-1| [thrd:localhost:9092/bootstrap]: localhost:9092/bootstrap: Connect to ipv4#127.0.0.1:9092 failed: Connection refused (after 0ms in state CONNECT)
2026-09-23 10:19:03,800 [INFO] Produced 6E391 | MAA -> CCU | status=ON_TIME delay=0min
%3|1790138944.225|FAIL|rdkafka#producer-1| [thrd:localhost:9092/bootstrap]: localhost:9092/bootstrap: Connect to ipv6#[::1]:9092 failed: Connection refused (after 0ms in state CONNECT)
%3|1790138944.678|FAIL|rdkafka#producer-1| [thrd:localhost:9092/bootstrap]: localhost:9092/bootstrap: Connect to ipv4#127.0.0.1:9092 failed: Connection refused (after 0ms in state CONNECT)
2026-09-23 10:19:04,806 [INFO] Produced 6E747 | BLR -> MAA | status=ON_TIME delay=0min
%3|1790138945.227|FAIL|rdkafka#producer-1| [thrd:localhost:9092/bootstrap]: localhost:9092/bootstrap: Connect to ipv6#[::1]:9092 failed: Connection refused (after 0ms in state CONNECT)
%3|1790138945.626|FAIL|rdkafka#producer-1| [thrd:localhost:9092/bootstrap]: localhost:9092/bootstrap: Connect to ipv4#127.0.0.1:9092 failed: Connection refused (after 0ms in state CONNECT)
2026-09-23 10:19:05,811 [INFO] Produced I5621 | DEL -> BOM | status=ON_TIME delay=0min
%3|1790138946.231|FAIL|rdkafka#producer-1| [thrd:localhost:9092/bootstrap]: localhost:9092/bootstrap: Connect to ipv6#[::1]:9092 failed: Connection refused (after 0ms in state CONNECT)
%3|1790138946.632|FAIL|rdkafka#producer-1| [thrd:localhost:9092/bootstrap]: localhost:9092/bootstrap: Connect to ipv4#127.0.0.1:9092 failed: Connection refused (after 0ms in state CONNECT)
%3|1790138946.688|FAIL|rdkafka#producer-1| [thrd:localhost:9092/bootstrap]: localhost:9092/bootstrap: Connect to ipv6#[::1]:9092 failed: Connection refused (after 0ms in state CONNECT)
2026-09-23 10:19:06,813 [INFO] Produced I5696 | CCU -> HYD | status=DELAYED delay=98min
%3|1790138947.232|FAIL|rdkafka#producer-1| [thrd:localhost:9092/bootstrap]: localhost:9092/bootstrap: Connect to ipv4#127.0.0.1:9092 failed: Connection refused (after 0ms in state CONNECT)
%3|1790138947.634|FAIL|rdkafka#producer-1| [thrd:localhost:9092/bootstrap]: localhost:9092/bootstrap: Connect to ipv6#[::1]:9092 failed: Connection refused (after 0ms in state CONNECT)
2026-09-23 10:19:07,816 [INFO] Produced SG184 | DEL -> HYD | status=DELAYED delay=35min
%3|1790138948.232|FAIL|rdkafka#producer-1| [thrd:localhost:9092/bootstrap]: localhost:9092/bootstrap: Connect to ipv4#127.0.0.1:9092 failed: Connection refused (after 0ms in state CONNECT)
%3|1790138948.639|FAIL|rdkafka#producer-1| [thrd:localhost:9092/bootstrap]: localhost:9092/bootstrap: Connect to ipv6#[::1]:9092 failed: Connection refused (after 0ms in state CONNECT)
%3|1790138948.695|FAIL|rdkafka#producer-1| [thrd:localhost:9092/bootstrap]: localhost:9092/bootstrap: Connect to ipv4#127.0.0.1:9092 failed: Connection refused (after 0ms in state CONNECT)
2026-09-23 10:19:08,821 [INFO] Produced AI487 | BLR -> MAA | status=ON_TIME delay=0min
%3|1790138949.234|FAIL|rdkafka#producer-1| [thrd:localhost:9092/bootstrap]: localhost:9092/bootstrap: Connect to ipv6#[::1]:9092 failed: Connection refused (after 0ms in state CONNECT)
%3|1790138949.645|FAIL|rdkafka#producer-1| [thrd:localhost:9092/bootstrap]: localhost:9092/bootstrap: Connect to ipv4#127.0.0.1:9092 failed: Connection refused (after 0ms in state CONNECT)
2026-09-23 10:19:09,825 [INFO] Produced AI985 | DEL -> CCU | status=DELAYED delay=92min
%3|1790138950.235|FAIL|rdkafka#producer-1| [thrd:localhost:9092/bootstrap]: localhost:9092/bootstrap: Connect to ipv6#[::1]:9092 failed: Connection refused (after 0ms in state CONNECT)
%3|1790138950.650|FAIL|rdkafka#producer-1| [thrd:localhost:9092/bootstrap]: localhost:9092/bootstrap: Connect to ipv4#127.0.0.1:9092 failed: Connection refused (after 0ms in state CONNECT)
%3|1790138950.707|FAIL|rdkafka#producer-1| [thrd:localhost:9092/bootstrap]: localhost:9092/bootstrap: Connect to ipv6#[::1]:9092 failed: Connection refused (after 0ms in state CONNECT)
2026-09-23 10:19:10,830 [INFO] Produced 6E106 | HYD -> BLR | status=DELAYED delay=14min
%3|1790138951.240|FAIL|rdkafka#producer-1| [thrd:localhost:9092/bootstrap]: localhost:9092/bootstrap: Connect to ipv4#127.0.0.1:9092 failed: Connection refused (after 0ms in state CONNECT)
%3|1790138951.656|FAIL|rdkafka#producer-1| [thrd:localhost:9092/bootstrap]: localhost:9092/bootstrap: Connect to ipv6#[::1]:9092 failed: Connection refused (after 0ms in state CONNECT)
%3|1790138951.785|FAIL|rdkafka#producer-1| [thrd:localhost:9092/bootstrap]: localhost:9092/bootstrap: Connect to ipv4#127.0.0.1:9092 failed: Connection refused (after 0ms in state CONNECT)
2026-09-23 10:19:11,832 [INFO] Produced QP396 | HYD -> BOM | status=ON_TIME delay=0min
%3|1790138952.245|FAIL|rdkafka#producer-1| [thrd:localhost:9092/bootstrap]: localhost:9092/bootstrap: Connect to ipv6#[::1]:9092 failed: Connection refused (after 0ms in state CONNECT)
%3|1790138952.661|FAIL|rdkafka#producer-1| [thrd:localhost:9092/bootstrap]: localhost:9092/bootstrap: Connect to ipv4#127.0.0.1:9092 failed: Connection refused (after 0ms in state CONNECT)
2026-09-23 10:19:12,838 [INFO] Produced SG608 | DEL -> MAA | status=DELAYED delay=39min
%3|1790138953.250|FAIL|rdkafka#producer-1| [thrd:localhost:9092/bootstrap]: localhost:9092/bootstrap: Connect to ipv6#[::1]:9092 failed: Connection refused (after 0ms in state CONNECT)
%3|1790138953.662|FAIL|rdkafka#producer-1| [thrd:localhost:9092/bootstrap]: localhost:9092/bootstrap: Connect to ipv4#127.0.0.1:9092 failed: Connection refused (after 0ms in state CONNECT)
%3|1790138953.714|FAIL|rdkafka#producer-1| [thrd:localhost:9092/bootstrap]: localhost:9092/bootstrap: Connect to ipv6#[::1]:9092 failed: Connection refused (after 0ms in state CONNECT)
2026-09-23 10:19:13,840 [INFO] Produced SG423 | BOM -> DEL | status=ON_TIME delay=0min
%3|1790138954.667|FAIL|rdkafka#producer-1| [thrd:localhost:9092/bootstrap]: localhost:9092/bootstrap: Connect to ipv4#127.0.0.1:9092 failed: Connection refused (after 0ms in state CONNECT)
%3|1790138954.723|FAIL|rdkafka#producer-1| [thrd:localhost:9092/bootstrap]: localhost:9092/bootstrap: Connect to ipv6#[::1]:9092 failed: Connection refused (after 0ms in state CONNECT)
2026-09-23 10:19:14,844 [INFO] Produced QP194 | BLR -> BOM | status=ON_TIME delay=0min
%3|1790138955.670|FAIL|rdkafka#producer-1| [thrd:localhost:9092/bootstrap]: localhost:9092/bootstrap: Connect to ipv4#127.0.0.1:9092 failed: Connection refused (after 0ms in state CONNECT)
%3|1790138955.726|FAIL|rdkafka#producer-1| [thrd:localhost:9092/bootstrap]: localhost:9092/bootstrap: Connect to ipv6#[::1]:9092 failed: Connection refused (after 0ms in state CONNECT)
2026-09-23 10:19:15,847 [INFO] Produced I5117 | HYD -> BOM | status=ON_TIME delay=0min
%3|1790138956.185|FAIL|rdkafka#producer-1| [thrd:localhost:9092/1]: localhost:9092/1: Connect to ipv4#127.0.0.1:9092 failed: Connection refused (after 0ms in state CONNECT)
%3|1790138956.671|FAIL|rdkafka#producer-1| [thrd:localhost:9092/bootstrap]: localhost:9092/bootstrap: Connect to ipv4#127.0.0.1:9092 failed: Connection refused (after 0ms in state CONNECT)
%3|1790138956.727|FAIL|rdkafka#producer-1| [thrd:localhost:9092/bootstrap]: localhost:9092/bootstrap: Connect to ipv6#[::1]:9092 failed: Connection refused (after 0ms in state CONNECT)
2026-09-23 10:19:16,850 [INFO] Produced AI287 | CCU -> DEL | status=DELAYED delay=66min
%3|1790138957.675|FAIL|rdkafka#producer-1| [thrd:localhost:9092/bootstrap]: localhost:9092/bootstrap: Connect to ipv4#127.0.0.1:9092 failed: Connection refused (after 0ms in state CONNECT)
%3|1790138957.730|FAIL|rdkafka#producer-1| [thrd:localhost:9092/bootstrap]: localhost:9092/bootstrap: Connect to ipv6#[::1]:9092 failed: Connection refused (after 0ms in state CONNECT)
2026-09-23 10:19:17,851 [INFO] Produced AI925 | DEL -> HYD | status=ON_TIME delay=0min
%3|1790138958.271|FAIL|rdkafka#producer-1| [thrd:localhost:9092/bootstrap]: localhost:9092/bootstrap: Connect to ipv4#127.0.0.1:9092 failed: Connection refused (after 0ms in state CONNECT)
%3|1790138958.679|FAIL|rdkafka#producer-1| [thrd:localhost:9092/bootstrap]: localhost:9092/bootstrap: Connect to ipv6#[::1]:9092 failed: Connection refused (after 0ms in state CONNECT)
%3|1790138958.735|FAIL|rdkafka#producer-1| [thrd:localhost:9092/bootstrap]: localhost:9092/bootstrap: Connect to ipv4#127.0.0.1:9092 failed: Connection refused (after 0ms in state CONNECT)
2026-09-23 10:19:18,856 [INFO] Produced AI373 | DEL -> BOM | status=ON_TIME delay=0min
%3|1790138959.274|FAIL|rdkafka#producer-1| [thrd:localhost:9092/bootstrap]: localhost:9092/bootstrap: Connect to ipv6#[::1]:9092 failed: Connection refused (after 0ms in state CONNECT)
%3|1790138959.684|FAIL|rdkafka#producer-1| [thrd:localhost:9092/bootstrap]: localhost:9092/bootstrap: Connect to ipv4#127.0.0.1:9092 failed: Connection refused (after 0ms in state CONNECT)
%3|1790138959.735|FAIL|rdkafka#producer-1| [thrd:localhost:9092/bootstrap]: localhost:9092/bootstrap: Connect to ipv6#[::1]:9092 failed: Connection refused (after 0ms in state CONNECT)
2026-09-23 10:19:19,862 [INFO] Produced UK273 | BLR -> HYD | status=ON_TIME delay=0min
%3|1790138960.274|FAIL|rdkafka#producer-1| [thrd:localhost:9092/bootstrap]: localhost:9092/bootstrap: Connect to ipv4#127.0.0.1:9092 failed: Connection refused (after 0ms in state CONNECT)
%3|1790138960.687|FAIL|rdkafka#producer-1| [thrd:localhost:9092/bootstrap]: localhost:9092/bootstrap: Connect to ipv6#[::1]:9092 failed: Connection refused (after 0ms in state CONNECT)
%3|1790138960.738|FAIL|rdkafka#producer-1| [thrd:localhost:9092/bootstrap]: localhost:9092/bootstrap: Connect to ipv4#127.0.0.1:9092 failed: Connection refused (after 0ms in state CONNECT)
2026-09-23 10:19:20,863 [INFO] Produced UK798 | MAA -> DEL | status=DELAYED delay=87min
%3|1790138961.278|FAIL|rdkafka#producer-1| [thrd:localhost:9092/bootstrap]: localhost:9092/bootstrap: Connect to ipv6#[::1]:9092 failed: Connection refused (after 0ms in state CONNECT)
%3|1790138961.689|FAIL|rdkafka#producer-1| [thrd:localhost:9092/bootstrap]: localhost:9092/bootstrap: Connect to ipv4#127.0.0.1:9092 failed: Connection refused (after 0ms in state CONNECT)
%3|1790138961.743|FAIL|rdkafka#producer-1| [thrd:localhost:9092/bootstrap]: localhost:9092/bootstrap: Connect to ipv6#[::1]:9092 failed: Connection refused (after 0ms in state CONNECT)
2026-09-23 10:19:21,865 [INFO] Produced I5662 | BLR -> BOM | status=ON_TIME delay=0min
%3|1790138962.282|FAIL|rdkafka#producer-1| [thrd:localhost:9092/bootstrap]: localhost:9092/bootstrap: Connect to ipv4#127.0.0.1:9092 failed: Connection refused (after 0ms in state CONNECT)
%3|1790138962.744|FAIL|rdkafka#producer-1| [thrd:localhost:9092/bootstrap]: localhost:9092/bootstrap: Connect to ipv6#[::1]:9092 failed: Connection refused (after 0ms in state CONNECT)
2026-09-23 10:19:22,868 [INFO] Produced SG145 | BLR -> CCU | status=DELAYED delay=11min
%3|1790138963.282|FAIL|rdkafka#producer-1| [thrd:localhost:9092/bootstrap]: localhost:9092/bootstrap: Connect to ipv4#127.0.0.1:9092 failed: Connection refused (after 0ms in state CONNECT)
%3|1790138963.748|FAIL|rdkafka#producer-1| [thrd:localhost:9092/bootstrap]: localhost:9092/bootstrap: Connect to ipv6#[::1]:9092 failed: Connection refused (after 0ms in state CONNECT)
2026-09-23 10:19:23,871 [INFO] Produced QP130 | BLR -> BOM | status=DELAYED delay=69min
%3|1790138964.288|FAIL|rdkafka#producer-1| [thrd:localhost:9092/bootstrap]: localhost:9092/bootstrap: Connect to ipv4#127.0.0.1:9092 failed: Connection refused (after 0ms in state CONNECT)
%3|1790138964.748|FAIL|rdkafka#producer-1| [thrd:localhost:9092/bootstrap]: localhost:9092/bootstrap: Connect to ipv6#[::1]:9092 failed: Connection refused (after 0ms in state CONNECT)
2026-09-23 10:19:24,876 [INFO] Produced SG701 | HYD -> MAA | status=ON_TIME delay=0min
%3|1790138965.292|FAIL|rdkafka#producer-1| [thrd:localhost:9092/bootstrap]: localhost:9092/bootstrap: Connect to ipv4#127.0.0.1:9092 failed: Connection refused (after 0ms in state CONNECT)
%3|1790138965.753|FAIL|rdkafka#producer-1| [thrd:localhost:9092/bootstrap]: localhost:9092/bootstrap: Connect to ipv6#[::1]:9092 failed: Connection refused (after 0ms in state CONNECT)
2026-09-23 10:19:25,881 [INFO] Produced SG540 | BOM -> MAA | status=DELAYED delay=75min
%3|1790138966.190|FAIL|rdkafka#producer-1| [thrd:localhost:9092/1]: localhost:9092/1: Connect to ipv4#127.0.0.1:9092 failed: Connection refused (after 0ms in state CONNECT, 1 identical error(s) suppressed)
%3|1790138966.297|FAIL|rdkafka#producer-1| [thrd:localhost:9092/bootstrap]: localhost:9092/bootstrap: Connect to ipv4#127.0.0.1:9092 failed: Connection refused (after 0ms in state CONNECT)
%3|1790138966.700|FAIL|rdkafka#producer-1| [thrd:localhost:9092/bootstrap]: localhost:9092/bootstrap: Connect to ipv6#[::1]:9092 failed: Connection refused (after 0ms in state CONNECT)
%3|1790138966.755|FAIL|rdkafka#producer-1| [thrd:localhost:9092/bootstrap]: localhost:9092/bootstrap: Connect to ipv4#127.0.0.1:9092 failed: Connection refused (after 0ms in state CONNECT)
2026-09-23 10:19:26,884 [INFO] Produced SG740 | CCU -> DEL | status=DELAYED delay=42min
%3|1790138967.300|FAIL|rdkafka#producer-1| [thrd:localhost:9092/bootstrap]: localhost:9092/bootstrap: Connect to ipv6#[::1]:9092 failed: Connection refused (after 0ms in state CONNECT)
%3|1790138967.706|FAIL|rdkafka#producer-1| [thrd:localhost:9092/bootstrap]: localhost:9092/bootstrap: Connect to ipv4#127.0.0.1:9092 failed: Connection refused (after 0ms in state CONNECT)
%3|1790138967.761|FAIL|rdkafka#producer-1| [thrd:localhost:9092/bootstrap]: localhost:9092/bootstrap: Connect to ipv6#[::1]:9092 failed: Connection refused (after 0ms in state CONNECT)
2026-09-23 10:19:27,889 [INFO] Produced I5635 | HYD -> DEL | status=ON_TIME delay=0min
%3|1790138968.305|FAIL|rdkafka#producer-1| [thrd:localhost:9092/bootstrap]: localhost:9092/bootstrap: Connect to ipv4#127.0.0.1:9092 failed: Connection refused (after 0ms in state CONNECT)
%3|1790138968.711|FAIL|rdkafka#producer-1| [thrd:localhost:9092/bootstrap]: localhost:9092/bootstrap: Connect to ipv4#127.0.0.1:9092 failed: Connection refused (after 0ms in state CONNECT, 1 identical error(s) suppressed)
%3|1790138968.762|FAIL|rdkafka#producer-1| [thrd:localhost:9092/bootstrap]: localhost:9092/bootstrap: Connect to ipv6#[::1]:9092 failed: Connection refused (after 0ms in state CONNECT)
2026-09-23 10:19:28,894 [INFO] Produced UK726 | DEL -> MAA | status=CANCELLED delay=0min
%3|1790138969.311|FAIL|rdkafka#producer-1| [thrd:localhost:9092/bootstrap]: localhost:9092/bootstrap: Connect to ipv4#127.0.0.1:9092 failed: Connection refused (after 0ms in state CONNECT)
%3|1790138969.712|FAIL|rdkafka#producer-1| [thrd:localhost:9092/bootstrap]: localhost:9092/bootstrap: Connect to ipv6#[::1]:9092 failed: Connection refused (after 0ms in state CONNECT)
%3|1790138969.767|FAIL|rdkafka#producer-1| [thrd:localhost:9092/bootstrap]: localhost:9092/bootstrap: Connect to ipv4#127.0.0.1:9092 failed: Connection refused (after 0ms in state CONNECT)
2026-09-23 10:19:29,897 [INFO] Produced SG897 | CCU -> DEL | status=ON_TIME delay=0min
%3|1790138970.317|FAIL|rdkafka#producer-1| [thrd:localhost:9092/bootstrap]: localhost:9092/bootstrap: Connect to ipv6#[::1]:9092 failed: Connection refused (after 0ms in state CONNECT)
%3|1790138970.773|FAIL|rdkafka#producer-1| [thrd:localhost:9092/bootstrap]: localhost:9092/bootstrap: Connect to ipv4#127.0.0.1:9092 failed: Connection refused (after 0ms in state CONNECT)
2026-09-23 10:19:30,902 [INFO] Produced AI246 | MAA -> BLR | status=DELAYED delay=50min
%3|1790138971.322|FAIL|rdkafka#producer-1| [thrd:localhost:9092/bootstrap]: localhost:9092/bootstrap: Connect to ipv6#[::1]:9092 failed: Connection refused (after 0ms in state CONNECT)
%3|1790138971.774|FAIL|rdkafka#producer-1| [thrd:localhost:9092/bootstrap]: localhost:9092/bootstrap: Connect to ipv4#127.0.0.1:9092 failed: Connection refused (after 0ms in state CONNECT)
2026-09-23 10:19:31,905 [INFO] Produced AI353 | BLR -> HYD | status=DELAYED delay=113min
%3|1790138972.324|FAIL|rdkafka#producer-1| [thrd:localhost:9092/bootstrap]: localhost:9092/bootstrap: Connect to ipv6#[::1]:9092 failed: Connection refused (after 0ms in state CONNECT)
%3|1790138972.775|FAIL|rdkafka#producer-1| [thrd:localhost:9092/bootstrap]: localhost:9092/bootstrap: Connect to ipv4#127.0.0.1:9092 failed: Connection refused (after 0ms in state CONNECT)
2026-09-23 10:19:32,911 [INFO] Produced UK364 | DEL -> BLR | status=DELAYED delay=90min
%3|1790138973.325|FAIL|rdkafka#producer-1| [thrd:localhost:9092/bootstrap]: localhost:9092/bootstrap: Connect to ipv6#[::1]:9092 failed: Connection refused (after 0ms in state CONNECT)
%3|1790138973.724|FAIL|rdkafka#producer-1| [thrd:localhost:9092/bootstrap]: localhost:9092/bootstrap: Connect to ipv4#127.0.0.1:9092 failed: Connection refused (after 0ms in state CONNECT)
%3|1790138973.780|FAIL|rdkafka#producer-1| [thrd:localhost:9092/bootstrap]: localhost:9092/bootstrap: Connect to ipv6#[::1]:9092 failed: Connection refused (after 0ms in state CONNECT)
2026-09-23 10:19:33,914 [INFO] Produced AI984 | BOM -> MAA | status=ON_TIME delay=0min
%3|1790138974.325|FAIL|rdkafka#producer-1| [thrd:localhost:9092/bootstrap]: localhost:9092/bootstrap: Connect to ipv4#127.0.0.1:9092 failed: Connection refused (after 0ms in state CONNECT)
%3|1790138974.727|FAIL|rdkafka#producer-1| [thrd:localhost:9092/bootstrap]: localhost:9092/bootstrap: Connect to ipv6#[::1]:9092 failed: Connection refused (after 0ms in state CONNECT)
%3|1790138974.781|FAIL|rdkafka#producer-1| [thrd:localhost:9092/bootstrap]: localhost:9092/bootstrap: Connect to ipv4#127.0.0.1:9092 failed: Connection refused (after 0ms in state CONNECT)
2026-09-23 10:19:34,915 [INFO] Produced 6E255 | BLR -> CCU | status=ON_TIME delay=0min
%3|1790138975.128|FAIL|rdkafka#producer-1| [thrd:localhost:9092/1]: localhost:9092/1: Connect to ipv6#[::1]:9092 failed: Connection refused (after 0ms in state CONNECT)
%3|1790138975.331|FAIL|rdkafka#producer-1| [thrd:localhost:9092/bootstrap]: localhost:9092/bootstrap: Connect to ipv6#[::1]:9092 failed: Connection refused (after 0ms in state CONNECT)
%3|1790138975.731|FAIL|rdkafka#producer-1| [thrd:localhost:9092/bootstrap]: localhost:9092/bootstrap: Connect to ipv4#127.0.0.1:9092 failed: Connection refused (after 0ms in state CONNECT)
%3|1790138975.785|FAIL|rdkafka#producer-1| [thrd:localhost:9092/bootstrap]: localhost:9092/bootstrap: Connect to ipv6#[::1]:9092 failed: Connection refused (after 0ms in state CONNECT)
2026-09-23 10:19:35,921 [INFO] Produced I5784 | HYD -> BOM | status=ON_TIME delay=0min
%3|1790138976.335|FAIL|rdkafka#producer-1| [thrd:localhost:9092/bootstrap]: localhost:9092/bootstrap: Connect to ipv4#127.0.0.1:9092 failed: Connection refused (after 0ms in state CONNECT)
%3|1790138976.787|FAIL|rdkafka#producer-1| [thrd:localhost:9092/bootstrap]: localhost:9092/bootstrap: Connect to ipv6#[::1]:9092 failed: Connection refused (after 0ms in state CONNECT)
2026-09-23 10:19:36,926 [INFO] Produced UK271 | MAA -> DEL | status=ON_TIME delay=0min
%3|1790138977.338|FAIL|rdkafka#producer-1| [thrd:localhost:9092/bootstrap]: localhost:9092/bootstrap: Connect to ipv4#127.0.0.1:9092 failed: Connection refused (after 0ms in state CONNECT)
%3|1790138977.739|FAIL|rdkafka#producer-1| [thrd:localhost:9092/bootstrap]: localhost:9092/bootstrap: Connect to ipv6#[::1]:9092 failed: Connection refused (after 1ms in state CONNECT)
%3|1790138977.789|FAIL|rdkafka#producer-1| [thrd:localhost:9092/bootstrap]: localhost:9092/bootstrap: Connect to ipv4#127.0.0.1:9092 failed: Connection refused (after 0ms in state CONNECT)
2026-09-23 10:19:37,930 [INFO] Produced 6E540 | DEL -> BLR | status=ON_TIME delay=0min
%3|1790138978.343|FAIL|rdkafka#producer-1| [thrd:localhost:9092/bootstrap]: localhost:9092/bootstrap: Connect to ipv6#[::1]:9092 failed: Connection refused (after 0ms in state CONNECT)
%3|1790138978.738|FAIL|rdkafka#producer-1| [thrd:localhost:9092/bootstrap]: localhost:9092/bootstrap: Connect to ipv4#127.0.0.1:9092 failed: Connection refused (after 0ms in state CONNECT)
%3|1790138978.795|FAIL|rdkafka#producer-1| [thrd:localhost:9092/bootstrap]: localhost:9092/bootstrap: Connect to ipv6#[::1]:9092 failed: Connection refused (after 0ms in state CONNECT)
2026-09-23 10:19:38,931 [INFO] Produced AI946 | BOM -> HYD | status=ON_TIME delay=0min
%3|1790138979.348|FAIL|rdkafka#producer-1| [thrd:localhost:9092/bootstrap]: localhost:9092/bootstrap: Connect to ipv4#127.0.0.1:9092 failed: Connection refused (after 0ms in state CONNECT)
%3|1790138979.744|FAIL|rdkafka#producer-1| [thrd:localhost:9092/bootstrap]: localhost:9092/bootstrap: Connect to ipv6#[::1]:9092 failed: Connection refused (after 0ms in state CONNECT)
2026-09-23 10:19:39,937 [INFO] Produced 6E285 | DEL -> MAA | status=ON_TIME delay=0min
%3|1790138980.354|FAIL|rdkafka#producer-1| [thrd:localhost:9092/bootstrap]: localhost:9092/bootstrap: Connect to ipv4#127.0.0.1:9092 failed: Connection refused (after 0ms in state CONNECT)
%3|1790138980.749|FAIL|rdkafka#producer-1| [thrd:localhost:9092/bootstrap]: localhost:9092/bootstrap: Connect to ipv6#[::1]:9092 failed: Connection refused (after 0ms in state CONNECT)
%3|1790138980.806|FAIL|rdkafka#producer-1| [thrd:localhost:9092/bootstrap]: localhost:9092/bootstrap: Connect to ipv4#127.0.0.1:9092 failed: Connection refused (after 0ms in state CONNECT)
2026-09-23 10:19:40,942 [INFO] Produced UK509 | BLR -> HYD | status=ON_TIME delay=0min
%3|1790138981.360|FAIL|rdkafka#producer-1| [thrd:localhost:9092/bootstrap]: localhost:9092/bootstrap: Connect to ipv6#[::1]:9092 failed: Connection refused (after 0ms in state CONNECT)
%3|1790138981.755|FAIL|rdkafka#producer-1| [thrd:localhost:9092/bootstrap]: localhost:9092/bootstrap: Connect to ipv4#127.0.0.1:9092 failed: Connection refused (after 0ms in state CONNECT)
2026-09-23 10:19:41,948 [INFO] Produced 6E447 | MAA -> BLR | status=ON_TIME delay=0min
%3|1790138982.365|FAIL|rdkafka#producer-1| [thrd:localhost:9092/bootstrap]: localhost:9092/bootstrap: Connect to ipv6#[::1]:9092 failed: Connection refused (after 0ms in state CONNECT)
%3|1790138982.760|FAIL|rdkafka#producer-1| [thrd:localhost:9092/bootstrap]: localhost:9092/bootstrap: Connect to ipv4#127.0.0.1:9092 failed: Connection refused (after 0ms in state CONNECT)
2026-09-23 10:19:42,953 [INFO] Produced I5470 | CCU -> BLR | status=ON_TIME delay=0min
%3|1790138983.118|FAIL|rdkafka#producer-1| [thrd:localhost:9092/1]: localhost:9092/1: Connect to ipv4#127.0.0.1:9092 failed: Connection refused (after 0ms in state CONNECT)
%3|1790138983.370|FAIL|rdkafka#producer-1| [thrd:localhost:9092/bootstrap]: localhost:9092/bootstrap: Connect to ipv6#[::1]:9092 failed: Connection refused (after 0ms in state CONNECT)
%3|1790138983.762|FAIL|rdkafka#producer-1| [thrd:localhost:9092/bootstrap]: localhost:9092/bootstrap: Connect to ipv4#127.0.0.1:9092 failed: Connection refused (after 0ms in state CONNECT)
%3|1790138983.814|FAIL|rdkafka#producer-1| [thrd:localhost:9092/bootstrap]: localhost:9092/bootstrap: Connect to ipv6#[::1]:9092 failed: Connection refused (after 0ms in state CONNECT)
2026-09-23 10:19:43,955 [INFO] Produced AI528 | BOM -> MAA | status=CANCELLED delay=0min
%3|1790138984.371|FAIL|rdkafka#producer-1| [thrd:localhost:9092/bootstrap]: localhost:9092/bootstrap: Connect to ipv4#127.0.0.1:9092 failed: Connection refused (after 0ms in state CONNECT)
%3|1790138984.764|FAIL|rdkafka#producer-1| [thrd:localhost:9092/bootstrap]: localhost:9092/bootstrap: Connect to ipv6#[::1]:9092 failed: Connection refused (after 0ms in state CONNECT)
%3|1790138984.820|FAIL|rdkafka#producer-1| [thrd:localhost:9092/bootstrap]: localhost:9092/bootstrap: Connect to ipv4#127.0.0.1:9092 failed: Connection refused (after 0ms in state CONNECT)
2026-09-23 10:19:44,956 [INFO] Produced 6E476 | CCU -> HYD | status=ON_TIME delay=0min
%3|1790138985.376|FAIL|rdkafka#producer-1| [thrd:localhost:9092/bootstrap]: localhost:9092/bootstrap: Connect to ipv6#[::1]:9092 failed: Connection refused (after 0ms in state CONNECT)
%3|1790138985.770|FAIL|rdkafka#producer-1| [thrd:localhost:9092/bootstrap]: localhost:9092/bootstrap: Connect to ipv4#127.0.0.1:9092 failed: Connection refused (after 0ms in state CONNECT)
%3|1790138985.822|FAIL|rdkafka#producer-1| [thrd:localhost:9092/bootstrap]: localhost:9092/bootstrap: Connect to ipv6#[::1]:9092 failed: Connection refused (after 0ms in state CONNECT)
2026-09-23 10:19:45,957 [INFO] Produced I5586 | CCU -> DEL | status=ON_TIME delay=0min
%3|1790138986.771|FAIL|rdkafka#producer-1| [thrd:localhost:9092/bootstrap]: localhost:9092/bootstrap: Connect to ipv4#127.0.0.1:9092 failed: Connection refused (after 0ms in state CONNECT)
%3|1790138986.822|FAIL|rdkafka#producer-1| [thrd:localhost:9092/bootstrap]: localhost:9092/bootstrap: Connect to ipv6#[::1]:9092 failed: Connection refused (after 0ms in state CONNECT)
2026-09-23 10:19:46,959 [INFO] Produced SG895 | MAA -> DEL | status=ON_TIME delay=0min
%3|1790138987.387|FAIL|rdkafka#producer-1| [thrd:localhost:9092/bootstrap]: localhost:9092/bootstrap: Connect to ipv4#127.0.0.1:9092 failed: Connection refused (after 0ms in state CONNECT)
%3|1790138987.776|FAIL|rdkafka#producer-1| [thrd:localhost:9092/bootstrap]: localhost:9092/bootstrap: Connect to ipv6#[::1]:9092 failed: Connection refused (after 0ms in state CONNECT)
%3|1790138987.829|FAIL|rdkafka#producer-1| [thrd:localhost:9092/bootstrap]: localhost:9092/bootstrap: Connect to ipv4#127.0.0.1:9092 failed: Connection refused (after 0ms in state CONNECT)
2026-09-23 10:19:47,961 [INFO] Produced AI636 | BLR -> BOM | status=ON_TIME delay=0min
%3|1790138988.779|FAIL|rdkafka#producer-1| [thrd:localhost:9092/bootstrap]: localhost:9092/bootstrap: Connect to ipv6#[::1]:9092 failed: Connection refused (after 0ms in state CONNECT)
%3|1790138988.832|FAIL|rdkafka#producer-1| [thrd:localhost:9092/bootstrap]: localhost:9092/bootstrap: Connect to ipv4#127.0.0.1:9092 failed: Connection refused (after 0ms in state CONNECT)
2026-09-23 10:19:48,967 [INFO] Produced UK973 | MAA -> DEL | status=ON_TIME delay=0min
%3|1790138989.396|FAIL|rdkafka#producer-1| [thrd:localhost:9092/bootstrap]: localhost:9092/bootstrap: Connect to ipv6#[::1]:9092 failed: Connection refused (after 0ms in state CONNECT)
%3|1790138989.785|FAIL|rdkafka#producer-1| [thrd:localhost:9092/bootstrap]: localhost:9092/bootstrap: Connect to ipv4#127.0.0.1:9092 failed: Connection refused (after 0ms in state CONNECT)
%3|1790138989.838|FAIL|rdkafka#producer-1| [thrd:localhost:9092/bootstrap]: localhost:9092/bootstrap: Connect to ipv6#[::1]:9092 failed: Connection refused (after 0ms in state CONNECT)
2026-09-23 10:19:49,970 [INFO] Produced I5110 | CCU -> MAA | status=DELAYED delay=109min
%3|1790138990.790|FAIL|rdkafka#producer-1| [thrd:localhost:9092/bootstrap]: localhost:9092/bootstrap: Connect to ipv4#127.0.0.1:9092 failed: Connection refused (after 0ms in state CONNECT)
%3|1790138990.846|FAIL|rdkafka#producer-1| [thrd:localhost:9092/bootstrap]: localhost:9092/bootstrap: Connect to ipv6#[::1]:9092 failed: Connection refused (after 0ms in state CONNECT)
2026-09-23 10:19:50,970 [INFO] Produced AI292 | MAA -> BLR | status=CANCELLED delay=0min
%3|1790138991.794|FAIL|rdkafka#producer-1| [thrd:localhost:9092/bootstrap]: localhost:9092/bootstrap: Connect to ipv4#127.0.0.1:9092 failed: Connection refused (after 0ms in state CONNECT)
%3|1790138991.847|FAIL|rdkafka#producer-1| [thrd:localhost:9092/bootstrap]: localhost:9092/bootstrap: Connect to ipv6#[::1]:9092 failed: Connection refused (after 0ms in state CONNECT)
2026-09-23 10:19:51,974 [INFO] Produced I5346 | BOM -> DEL | status=ON_TIME delay=0min
%3|1790138992.398|FAIL|rdkafka#producer-1| [thrd:localhost:9092/bootstrap]: localhost:9092/bootstrap: Connect to ipv4#127.0.0.1:9092 failed: Connection refused (after 0ms in state CONNECT)
%3|1790138992.603|FAIL|rdkafka#producer-1| [thrd:localhost:9092/1]: localhost:9092/1: Connect to ipv6#[::1]:9092 failed: Connection refused (after 0ms in state CONNECT)
%3|1790138992.854|FAIL|rdkafka#producer-1| [thrd:localhost:9092/bootstrap]: localhost:9092/bootstrap: Connect to ipv6#[::1]:9092 failed: Connection refused (after 0ms in state CONNECT)
2026-09-23 10:19:52,979 [INFO] Produced 6E768 | BOM -> BLR | status=ON_TIME delay=0min
%3|1790138993.404|FAIL|rdkafka#producer-1| [thrd:localhost:9092/bootstrap]: localhost:9092/bootstrap: Connect to ipv4#127.0.0.1:9092 failed: Connection refused (after 0ms in state CONNECT)
%3|1790138993.803|FAIL|rdkafka#producer-1| [thrd:localhost:9092/bootstrap]: localhost:9092/bootstrap: Connect to ipv6#[::1]:9092 failed: Connection refused (after 0ms in state CONNECT)
%3|1790138993.855|FAIL|rdkafka#producer-1| [thrd:localhost:9092/bootstrap]: localhost:9092/bootstrap: Connect to ipv4#127.0.0.1:9092 failed: Connection refused (after 0ms in state CONNECT)
2026-09-23 10:19:53,982 [INFO] Produced I5484 | BLR -> MAA | status=DELAYED delay=51min
%3|1790138994.405|FAIL|rdkafka#producer-1| [thrd:localhost:9092/bootstrap]: localhost:9092/bootstrap: Connect to ipv6#[::1]:9092 failed: Connection refused (after 0ms in state CONNECT)
%3|1790138994.808|FAIL|rdkafka#producer-1| [thrd:localhost:9092/bootstrap]: localhost:9092/bootstrap: Connect to ipv4#127.0.0.1:9092 failed: Connection refused (after 0ms in state CONNECT)
%3|1790138994.864|FAIL|rdkafka#producer-1| [thrd:localhost:9092/bootstrap]: localhost:9092/bootstrap: Connect to ipv6#[::1]:9092 failed: Connection refused (after 0ms in state CONNECT)
2026-09-23 10:19:54,983 [INFO] Produced SG330 | DEL -> HYD | status=ON_TIME delay=0min
%3|1790138995.410|FAIL|rdkafka#producer-1| [thrd:localhost:9092/bootstrap]: localhost:9092/bootstrap: Connect to ipv4#127.0.0.1:9092 failed: Connection refused (after 0ms in state CONNECT)
%3|1790138995.864|FAIL|rdkafka#producer-1| [thrd:localhost:9092/bootstrap]: localhost:9092/bootstrap: Connect to ipv6#[::1]:9092 failed: Connection refused (after 0ms in state CONNECT)
2026-09-23 10:19:55,986 [INFO] Produced 6E207 | CCU -> BLR | status=ON_TIME delay=0min
%3|1790138996.415|FAIL|rdkafka#producer-1| [thrd:localhost:9092/bootstrap]: localhost:9092/bootstrap: Connect to ipv4#127.0.0.1:9092 failed: Connection refused (after 0ms in state CONNECT)
%3|1790138996.818|FAIL|rdkafka#producer-1| [thrd:localhost:9092/bootstrap]: localhost:9092/bootstrap: Connect to ipv6#[::1]:9092 failed: Connection refused (after 0ms in state CONNECT)
%3|1790138996.873|FAIL|rdkafka#producer-1| [thrd:localhost:9092/bootstrap]: localhost:9092/bootstrap: Connect to ipv4#127.0.0.1:9092 failed: Connection refused (after 0ms in state CONNECT)
2026-09-23 10:19:56,990 [INFO] Produced 6E287 | HYD -> CCU | status=ON_TIME delay=0min
%3|1790138997.419|FAIL|rdkafka#producer-1| [thrd:localhost:9092/bootstrap]: localhost:9092/bootstrap: Connect to ipv6#[::1]:9092 failed: Connection refused (after 0ms in state CONNECT)
%3|1790138997.875|FAIL|rdkafka#producer-1| [thrd:localhost:9092/bootstrap]: localhost:9092/bootstrap: Connect to ipv4#127.0.0.1:9092 failed: Connection refused (after 0ms in state CONNECT)
2026-09-23 10:19:57,996 [INFO] Produced 6E125 | CCU -> DEL | status=ON_TIME delay=0min
%3|1790138998.423|FAIL|rdkafka#producer-1| [thrd:localhost:9092/bootstrap]: localhost:9092/bootstrap: Connect to ipv6#[::1]:9092 failed: Connection refused (after 0ms in state CONNECT)
%3|1790138998.825|FAIL|rdkafka#producer-1| [thrd:localhost:9092/bootstrap]: localhost:9092/bootstrap: Connect to ipv6#[::1]:9092 failed: Connection refused (after 0ms in state CONNECT, 1 identical error(s) suppressed)
%3|1790138998.880|FAIL|rdkafka#producer-1| [thrd:localhost:9092/bootstrap]: localhost:9092/bootstrap: Connect to ipv4#127.0.0.1:9092 failed: Connection refused (after 0ms in state CONNECT)
2026-09-23 10:19:59,001 [INFO] Produced 6E190 | CCU -> HYD | status=DELAYED delay=111min
%3|1790138999.427|FAIL|rdkafka#producer-1| [thrd:localhost:9092/bootstrap]: localhost:9092/bootstrap: Connect to ipv6#[::1]:9092 failed: Connection refused (after 0ms in state CONNECT)
%3|1790138999.885|FAIL|rdkafka#producer-1| [thrd:localhost:9092/bootstrap]: localhost:9092/bootstrap: Connect to ipv4#127.0.0.1:9092 failed: Connection refused (after 0ms in state CONNECT)
2026-09-23 10:20:00,006 [INFO] Produced 6E692 | MAA -> CCU | status=ON_TIME delay=0min
%3|1790139000.429|FAIL|rdkafka#producer-1| [thrd:localhost:9092/bootstrap]: localhost:9092/bootstrap: Connect to ipv6#[::1]:9092 failed: Connection refused (after 0ms in state CONNECT)
%3|1790139000.834|FAIL|rdkafka#producer-1| [thrd:localhost:9092/bootstrap]: localhost:9092/bootstrap: Connect to ipv4#127.0.0.1:9092 failed: Connection refused (after 0ms in state CONNECT)
%3|1790139000.886|FAIL|rdkafka#producer-1| [thrd:localhost:9092/bootstrap]: localhost:9092/bootstrap: Connect to ipv6#[::1]:9092 failed: Connection refused (after 0ms in state CONNECT)
2026-09-23 10:20:01,012 [INFO] Produced 6E504 | CCU -> BOM | status=DELAYED delay=58min
%3|1790139001.434|FAIL|rdkafka#producer-1| [thrd:localhost:9092/bootstrap]: localhost:9092/bootstrap: Connect to ipv4#127.0.0.1:9092 failed: Connection refused (after 0ms in state CONNECT)
%3|1790139001.890|FAIL|rdkafka#producer-1| [thrd:localhost:9092/bootstrap]: localhost:9092/bootstrap: Connect to ipv6#[::1]:9092 failed: Connection refused (after 0ms in state CONNECT)
2026-09-23 10:20:02,015 [INFO] Produced SG207 | HYD -> DEL | status=DELAYED delay=13min
%3|1790139002.440|FAIL|rdkafka#producer-1| [thrd:localhost:9092/bootstrap]: localhost:9092/bootstrap: Connect to ipv4#127.0.0.1:9092 failed: Connection refused (after 0ms in state CONNECT)
%3|1790139002.606|FAIL|rdkafka#producer-1| [thrd:localhost:9092/1]: localhost:9092/1: Connect to ipv4#127.0.0.1:9092 failed: Connection refused (after 0ms in state CONNECT)
%3|1790139002.840|FAIL|rdkafka#producer-1| [thrd:localhost:9092/bootstrap]: localhost:9092/bootstrap: Connect to ipv6#[::1]:9092 failed: Connection refused (after 1ms in state CONNECT)
%3|1790139002.891|FAIL|rdkafka#producer-1| [thrd:localhost:9092/bootstrap]: localhost:9092/bootstrap: Connect to ipv4#127.0.0.1:9092 failed: Connection refused (after 0ms in state CONNECT)
2026-09-23 10:20:03,020 [INFO] Produced SG196 | BLR -> BOM | status=ON_TIME delay=0min
%3|1790139003.445|FAIL|rdkafka#producer-1| [thrd:localhost:9092/bootstrap]: localhost:9092/bootstrap: Connect to ipv6#[::1]:9092 failed: Connection refused (after 0ms in state CONNECT)
%3|1790139003.843|FAIL|rdkafka#producer-1| [thrd:localhost:9092/bootstrap]: localhost:9092/bootstrap: Connect to ipv4#127.0.0.1:9092 failed: Connection refused (after 1ms in state CONNECT)
%3|1790139003.897|FAIL|rdkafka#producer-1| [thrd:localhost:9092/bootstrap]: localhost:9092/bootstrap: Connect to ipv6#[::1]:9092 failed: Connection refused (after 0ms in state CONNECT)
2026-09-23 10:20:04,021 [INFO] Produced 6E249 | CCU -> MAA | status=DELAYED delay=44min
%3|1790139004.446|FAIL|rdkafka#producer-1| [thrd:localhost:9092/bootstrap]: localhost:9092/bootstrap: Connect to ipv4#127.0.0.1:9092 failed: Connection refused (after 0ms in state CONNECT)
%3|1790139004.849|FAIL|rdkafka#producer-1| [thrd:localhost:9092/bootstrap]: localhost:9092/bootstrap: Connect to ipv6#[::1]:9092 failed: Connection refused (after 1ms in state CONNECT)
%3|1790139004.904|FAIL|rdkafka#producer-1| [thrd:localhost:9092/bootstrap]: localhost:9092/bootstrap: Connect to ipv4#127.0.0.1:9092 failed: Connection refused (after 0ms in state CONNECT)
2026-09-23 10:20:05,026 [INFO] Produced AI118 | CCU -> BOM | status=ON_TIME delay=0min
%3|1790139005.451|FAIL|rdkafka#producer-1| [thrd:localhost:9092/bootstrap]: localhost:9092/bootstrap: Connect to ipv6#[::1]:9092 failed: Connection refused (after 0ms in state CONNECT)
%3|1790139005.853|FAIL|rdkafka#producer-1| [thrd:localhost:9092/bootstrap]: localhost:9092/bootstrap: Connect to ipv4#127.0.0.1:9092 failed: Connection refused (after 1ms in state CONNECT)
%3|1790139005.904|FAIL|rdkafka#producer-1| [thrd:localhost:9092/bootstrap]: localhost:9092/bootstrap: Connect to ipv6#[::1]:9092 failed: Connection refused (after 0ms in state CONNECT)
2026-09-23 10:20:06,031 [INFO] Produced AI199 | CCU -> BLR | status=ON_TIME delay=0min
%3|1790139006.457|FAIL|rdkafka#producer-1| [thrd:localhost:9092/bootstrap]: localhost:9092/bootstrap: Connect to ipv4#127.0.0.1:9092 failed: Connection refused (after 0ms in state CONNECT)
%3|1790139006.858|FAIL|rdkafka#producer-1| [thrd:localhost:9092/bootstrap]: localhost:9092/bootstrap: Connect to ipv6#[::1]:9092 failed: Connection refused (after 0ms in state CONNECT)
%3|1790139006.913|FAIL|rdkafka#producer-1| [thrd:localhost:9092/bootstrap]: localhost:9092/bootstrap: Connect to ipv4#127.0.0.1:9092 failed: Connection refused (after 0ms in state CONNECT)
2026-09-23 10:20:07,032 [INFO] Produced QP988 | MAA -> DEL | status=ON_TIME delay=0min
%3|1790139007.462|FAIL|rdkafka#producer-1| [thrd:localhost:9092/bootstrap]: localhost:9092/bootstrap: Connect to ipv6#[::1]:9092 failed: Connection refused (after 0ms in state CONNECT)
%3|1790139007.914|FAIL|rdkafka#producer-1| [thrd:localhost:9092/bootstrap]: localhost:9092/bootstrap: Connect to ipv4#127.0.0.1:9092 failed: Connection refused (after 0ms in state CONNECT)
2026-09-23 10:20:08,038 [INFO] Produced QP518 | HYD -> MAA | status=ON_TIME delay=0min
%3|1790139008.464|FAIL|rdkafka#producer-1| [thrd:localhost:9092/bootstrap]: localhost:9092/bootstrap: Connect to ipv6#[::1]:9092 failed: Connection refused (after 0ms in state CONNECT)
%3|1790139008.866|FAIL|rdkafka#producer-1| [thrd:localhost:9092/bootstrap]: localhost:9092/bootstrap: Connect to ipv4#127.0.0.1:9092 failed: Connection refused (after 0ms in state CONNECT)
%3|1790139008.919|FAIL|rdkafka#producer-1| [thrd:localhost:9092/bootstrap]: localhost:9092/bootstrap: Connect to ipv6#[::1]:9092 failed: Connection refused (after 0ms in state CONNECT)
2026-09-23 10:20:09,043 [INFO] Produced QP566 | HYD -> BOM | status=ON_TIME delay=0min
%3|1790139009.469|FAIL|rdkafka#producer-1| [thrd:localhost:9092/bootstrap]: localhost:9092/bootstrap: Connect to ipv4#127.0.0.1:9092 failed: Connection refused (after 0ms in state CONNECT)
%3|1790139009.927|FAIL|rdkafka#producer-1| [thrd:localhost:9092/bootstrap]: localhost:9092/bootstrap: Connect to ipv6#[::1]:9092 failed: Connection refused (after 0ms in state CONNECT)
2026-09-23 10:20:10,048 [INFO] Produced UK178 | BOM -> DEL | status=ON_TIME delay=0min
%3|1790139010.475|FAIL|rdkafka#producer-1| [thrd:localhost:9092/bootstrap]: localhost:9092/bootstrap: Connect to ipv4#127.0.0.1:9092 failed: Connection refused (after 0ms in state CONNECT)
%3|1790139010.872|FAIL|rdkafka#producer-1| [thrd:localhost:9092/bootstrap]: localhost:9092/bootstrap: Connect to ipv6#[::1]:9092 failed: Connection refused (after 0ms in state CONNECT)
%3|1790139010.929|FAIL|rdkafka#producer-1| [thrd:localhost:9092/bootstrap]: localhost:9092/bootstrap: Connect to ipv4#127.0.0.1:9092 failed: Connection refused (after 0ms in state CONNECT)
2026-09-23 10:20:11,053 [INFO] Produced I5123 | DEL -> CCU | status=ON_TIME delay=0min
%3|1790139011.480|FAIL|rdkafka#producer-1| [thrd:localhost:9092/bootstrap]: localhost:9092/bootstrap: Connect to ipv6#[::1]:9092 failed: Connection refused (after 0ms in state CONNECT)
%3|1790139011.877|FAIL|rdkafka#producer-1| [thrd:localhost:9092/bootstrap]: localhost:9092/bootstrap: Connect to ipv4#127.0.0.1:9092 failed: Connection refused (after 0ms in state CONNECT)
2026-09-23 10:20:12,054 [INFO] Produced 6E181 | HYD -> MAA | status=DELAYED delay=63min
%3|1790139012.485|FAIL|rdkafka#producer-1| [thrd:localhost:9092/bootstrap]: localhost:9092/bootstrap: Connect to ipv6#[::1]:9092 failed: Connection refused (after 0ms in state CONNECT)
%3|1790139012.611|FAIL|rdkafka#producer-1| [thrd:localhost:9092/1]: localhost:9092/1: Connect to ipv6#[::1]:9092 failed: Connection refused (after 1ms in state CONNECT)
%3|1790139012.878|FAIL|rdkafka#producer-1| [thrd:localhost:9092/bootstrap]: localhost:9092/bootstrap: Connect to ipv4#127.0.0.1:9092 failed: Connection refused (after 0ms in state CONNECT)
%3|1790139012.930|FAIL|rdkafka#producer-1| [thrd:localhost:9092/bootstrap]: localhost:9092/bootstrap: Connect to ipv6#[::1]:9092 failed: Connection refused (after 0ms in state CONNECT)
2026-09-23 10:20:13,059 [INFO] Produced I5468 | BLR -> BOM | status=ON_TIME delay=0min
%3|1790139013.880|FAIL|rdkafka#producer-1| [thrd:localhost:9092/bootstrap]: localhost:9092/bootstrap: Connect to ipv4#127.0.0.1:9092 failed: Connection refused (after 0ms in state CONNECT)
%3|1790139013.936|FAIL|rdkafka#producer-1| [thrd:localhost:9092/bootstrap]: localhost:9092/bootstrap: Connect to ipv6#[::1]:9092 failed: Connection refused (after 0ms in state CONNECT)
2026-09-23 10:20:14,064 [INFO] Produced 6E820 | BOM -> CCU | status=ON_TIME delay=0min
%3|1790139014.490|FAIL|rdkafka#producer-1| [thrd:localhost:9092/bootstrap]: localhost:9092/bootstrap: Connect to ipv4#127.0.0.1:9092 failed: Connection refused (after 1ms in state CONNECT)
%3|1790139014.886|FAIL|rdkafka#producer-1| [thrd:localhost:9092/bootstrap]: localhost:9092/bootstrap: Connect to ipv6#[::1]:9092 failed: Connection refused (after 0ms in state CONNECT)
%3|1790139014.942|FAIL|rdkafka#producer-1| [thrd:localhost:9092/bootstrap]: localhost:9092/bootstrap: Connect to ipv4#127.0.0.1:9092 failed: Connection refused (after 0ms in state CONNECT)
2026-09-23 10:20:15,070 [INFO] Produced I5510 | CCU -> MAA | status=ON_TIME delay=0min
%3|1790139015.492|FAIL|rdkafka#producer-1| [thrd:localhost:9092/bootstrap]: localhost:9092/bootstrap: Connect to ipv6#[::1]:9092 failed: Connection refused (after 0ms in state CONNECT)
%3|1790139015.891|FAIL|rdkafka#producer-1| [thrd:localhost:9092/bootstrap]: localhost:9092/bootstrap: Connect to ipv4#127.0.0.1:9092 failed: Connection refused (after 0ms in state CONNECT)
%3|1790139015.944|FAIL|rdkafka#producer-1| [thrd:localhost:9092/bootstrap]: localhost:9092/bootstrap: Connect to ipv6#[::1]:9092 failed: Connection refused (after 0ms in state CONNECT)
2026-09-23 10:20:16,071 [INFO] Produced UK503 | BOM -> CCU | status=DELAYED delay=2min
%3|1790139016.498|FAIL|rdkafka#producer-1| [thrd:localhost:9092/bootstrap]: localhost:9092/bootstrap: Connect to ipv4#127.0.0.1:9092 failed: Connection refused (after 1ms in state CONNECT)
%3|1790139016.897|FAIL|rdkafka#producer-1| [thrd:localhost:9092/bootstrap]: localhost:9092/bootstrap: Connect to ipv6#[::1]:9092 failed: Connection refused (after 0ms in state CONNECT)
%3|1790139016.953|FAIL|rdkafka#producer-1| [thrd:localhost:9092/bootstrap]: localhost:9092/bootstrap: Connect to ipv4#127.0.0.1:9092 failed: Connection refused (after 0ms in state CONNECT)
2026-09-23 10:20:17,076 [INFO] Produced UK289 | BLR -> CCU | status=ON_TIME delay=0min
%3|1790139017.502|FAIL|rdkafka#producer-1| [thrd:localhost:9092/bootstrap]: localhost:9092/bootstrap: Connect to ipv6#[::1]:9092 failed: Connection refused (after 0ms in state CONNECT)
%3|1790139017.903|FAIL|rdkafka#producer-1| [thrd:localhost:9092/bootstrap]: localhost:9092/bootstrap: Connect to ipv4#127.0.0.1:9092 failed: Connection refused (after 0ms in state CONNECT)
%3|1790139017.959|FAIL|rdkafka#producer-1| [thrd:localhost:9092/bootstrap]: localhost:9092/bootstrap: Connect to ipv6#[::1]:9092 failed: Connection refused (after 0ms in state CONNECT)
2026-09-23 10:20:18,082 [INFO] Produced 6E326 | BLR -> CCU | status=ON_TIME delay=0min
%3|1790139018.508|FAIL|rdkafka#producer-1| [thrd:localhost:9092/bootstrap]: localhost:9092/bootstrap: Connect to ipv4#127.0.0.1:9092 failed: Connection refused (after 0ms in state CONNECT)
%3|1790139018.909|FAIL|rdkafka#producer-1| [thrd:localhost:9092/bootstrap]: localhost:9092/bootstrap: Connect to ipv6#[::1]:9092 failed: Connection refused (after 0ms in state CONNECT)
%3|1790139018.964|FAIL|rdkafka#producer-1| [thrd:localhost:9092/bootstrap]: localhost:9092/bootstrap: Connect to ipv4#127.0.0.1:9092 failed: Connection refused (after 0ms in state CONNECT)
2026-09-23 10:20:19,085 [INFO] Produced AI596 | DEL -> HYD | status=ON_TIME delay=0min
%3|1790139019.512|FAIL|rdkafka#producer-1| [thrd:localhost:9092/bootstrap]: localhost:9092/bootstrap: Connect to ipv6#[::1]:9092 failed: Connection refused (after 1ms in state CONNECT)
%3|1790139019.914|FAIL|rdkafka#producer-1| [thrd:localhost:9092/bootstrap]: localhost:9092/bootstrap: Connect to ipv4#127.0.0.1:9092 failed: Connection refused (after 0ms in state CONNECT)
%3|1790139019.968|FAIL|rdkafka#producer-1| [thrd:localhost:9092/bootstrap]: localhost:9092/bootstrap: Connect to ipv6#[::1]:9092 failed: Connection refused (after 0ms in state CONNECT)
2026-09-23 10:20:20,087 [INFO] Produced QP220 | CCU -> BLR | status=ON_TIME delay=0min
%3|1790139020.917|FAIL|rdkafka#producer-1| [thrd:localhost:9092/bootstrap]: localhost:9092/bootstrap: Connect to ipv4#127.0.0.1:9092 failed: Connection refused (after 0ms in state CONNECT)
%3|1790139020.973|FAIL|rdkafka#producer-1| [thrd:localhost:9092/bootstrap]: localhost:9092/bootstrap: Connect to ipv6#[::1]:9092 failed: Connection refused (after 0ms in state CONNECT)
2026-09-23 10:20:21,092 [INFO] Produced QP480 | BLR -> CCU | status=DELAYED delay=40min
%3|1790139021.921|FAIL|rdkafka#producer-1| [thrd:localhost:9092/bootstrap]: localhost:9092/bootstrap: Connect to ipv4#127.0.0.1:9092 failed: Connection refused (after 0ms in state CONNECT)
%3|1790139021.977|FAIL|rdkafka#producer-1| [thrd:localhost:9092/bootstrap]: localhost:9092/bootstrap: Connect to ipv6#[::1]:9092 failed: Connection refused (after 0ms in state CONNECT)
2026-09-23 10:20:22,097 [INFO] Produced AI541 | BLR -> MAA | status=ON_TIME delay=0min
%3|1790139022.520|FAIL|rdkafka#producer-1| [thrd:localhost:9092/bootstrap]: localhost:9092/bootstrap: Connect to ipv4#127.0.0.1:9092 failed: Connection refused (after 1ms in state CONNECT)
%3|1790139022.613|FAIL|rdkafka#producer-1| [thrd:localhost:9092/1]: localhost:9092/1: Connect to ipv6#[::1]:9092 failed: Connection refused (after 0ms in state CONNECT, 1 identical error(s) suppressed)
%3|1790139022.923|FAIL|rdkafka#producer-1| [thrd:localhost:9092/bootstrap]: localhost:9092/bootstrap: Connect to ipv6#[::1]:9092 failed: Connection refused (after 0ms in state CONNECT)
%3|1790139022.979|FAIL|rdkafka#producer-1| [thrd:localhost:9092/bootstrap]: localhost:9092/bootstrap: Connect to ipv4#127.0.0.1:9092 failed: Connection refused (after 0ms in state CONNECT)
2026-09-23 10:20:23,102 [INFO] Produced UK514 | HYD -> BOM | status=DELAYED delay=13min
%3|1790139023.526|FAIL|rdkafka#producer-1| [thrd:localhost:9092/bootstrap]: localhost:9092/bootstrap: Connect to ipv6#[::1]:9092 failed: Connection refused (after 1ms in state CONNECT)
%3|1790139023.928|FAIL|rdkafka#producer-1| [thrd:localhost:9092/bootstrap]: localhost:9092/bootstrap: Connect to ipv4#127.0.0.1:9092 failed: Connection refused (after 0ms in state CONNECT)
%3|1790139023.984|FAIL|rdkafka#producer-1| [thrd:localhost:9092/bootstrap]: localhost:9092/bootstrap: Connect to ipv6#[::1]:9092 failed: Connection refused (after 0ms in state CONNECT)
2026-09-23 10:20:24,108 [INFO] Produced UK244 | BOM -> BLR | status=DELAYED delay=108min
%3|1790139024.932|FAIL|rdkafka#producer-1| [thrd:localhost:9092/bootstrap]: localhost:9092/bootstrap: Connect to ipv4#127.0.0.1:9092 failed: Connection refused (after 0ms in state CONNECT)
%3|1790139024.986|FAIL|rdkafka#producer-1| [thrd:localhost:9092/bootstrap]: localhost:9092/bootstrap: Connect to ipv6#[::1]:9092 failed: Connection refused (after 0ms in state CONNECT)
2026-09-23 10:20:25,113 [INFO] Produced SG578 | DEL -> BOM | status=ON_TIME delay=0min
%3|1790139025.938|FAIL|rdkafka#producer-1| [thrd:localhost:9092/bootstrap]: localhost:9092/bootstrap: Connect to ipv4#127.0.0.1:9092 failed: Connection refused (after 0ms in state CONNECT)
%3|1790139025.994|FAIL|rdkafka#producer-1| [thrd:localhost:9092/bootstrap]: localhost:9092/bootstrap: Connect to ipv6#[::1]:9092 failed: Connection refused (after 0ms in state CONNECT)
2026-09-23 10:20:26,119 [INFO] Produced 6E669 | MAA -> BLR | status=ON_TIME delay=0min
%3|1790139026.540|FAIL|rdkafka#producer-1| [thrd:localhost:9092/bootstrap]: localhost:9092/bootstrap: Connect to ipv4#127.0.0.1:9092 failed: Connection refused (after 1ms in state CONNECT)
%3|1790139026.943|FAIL|rdkafka#producer-1| [thrd:localhost:9092/bootstrap]: localhost:9092/bootstrap: Connect to ipv6#[::1]:9092 failed: Connection refused (after 0ms in state CONNECT)
%3|1790139026.999|FAIL|rdkafka#producer-1| [thrd:localhost:9092/bootstrap]: localhost:9092/bootstrap: Connect to ipv4#127.0.0.1:9092 failed: Connection refused (after 0ms in state CONNECT)
2026-09-23 10:20:27,122 [INFO] Produced UK957 | MAA -> CCU | status=DELAYED delay=25min
%3|1790139027.946|FAIL|rdkafka#producer-1| [thrd:localhost:9092/bootstrap]: localhost:9092/bootstrap: Connect to ipv6#[::1]:9092 failed: Connection refused (after 0ms in state CONNECT)
%3|1790139027.997|FAIL|rdkafka#producer-1| [thrd:localhost:9092/bootstrap]: localhost:9092/bootstrap: Connect to ipv4#127.0.0.1:9092 failed: Connection refused (after 0ms in state CONNECT)
2026-09-23 10:20:28,128 [INFO] Produced UK931 | BOM -> MAA | status=ON_TIME delay=0min
%3|1790139028.952|FAIL|rdkafka#producer-1| [thrd:localhost:9092/bootstrap]: localhost:9092/bootstrap: Connect to ipv6#[::1]:9092 failed: Connection refused (after 0ms in state CONNECT)
%3|1790139029.008|FAIL|rdkafka#producer-1| [thrd:localhost:9092/bootstrap]: localhost:9092/bootstrap: Connect to ipv4#127.0.0.1:9092 failed: Connection refused (after 0ms in state CONNECT)
2026-09-23 10:20:29,132 [INFO] Produced QP302 | HYD -> CCU | status=ON_TIME delay=0min
%3|1790139029.551|FAIL|rdkafka#producer-1| [thrd:localhost:9092/bootstrap]: localhost:9092/bootstrap: Connect to ipv6#[::1]:9092 failed: Connection refused (after 0ms in state CONNECT)
%3|1790139029.956|FAIL|rdkafka#producer-1| [thrd:localhost:9092/bootstrap]: localhost:9092/bootstrap: Connect to ipv4#127.0.0.1:9092 failed: Connection refused (after 0ms in state CONNECT)
%3|1790139030.012|FAIL|rdkafka#producer-1| [thrd:localhost:9092/bootstrap]: localhost:9092/bootstrap: Connect to ipv6#[::1]:9092 failed: Connection refused (after 0ms in state CONNECT)
2026-09-23 10:20:30,135 [INFO] Produced I5178 | DEL -> BLR | status=ON_TIME delay=0min
%3|1790139030.554|FAIL|rdkafka#producer-1| [thrd:localhost:9092/bootstrap]: localhost:9092/bootstrap: Connect to ipv6#[::1]:9092 failed: Connection refused (after 1ms in state CONNECT, 1 identical error(s) suppressed)
%3|1790139030.959|FAIL|rdkafka#producer-1| [thrd:localhost:9092/bootstrap]: localhost:9092/bootstrap: Connect to ipv4#127.0.0.1:9092 failed: Connection refused (after 0ms in state CONNECT)
%3|1790139031.015|FAIL|rdkafka#producer-1| [thrd:localhost:9092/bootstrap]: localhost:9092/bootstrap: Connect to ipv6#[::1]:9092 failed: Connection refused (after 0ms in state CONNECT)
2026-09-23 10:20:31,141 [INFO] Produced SG306 | BOM -> DEL | status=DELAYED delay=20min
%3|1790139031.963|FAIL|rdkafka#producer-1| [thrd:localhost:9092/bootstrap]: localhost:9092/bootstrap: Connect to ipv4#127.0.0.1:9092 failed: Connection refused (after 0ms in state CONNECT)
%3|1790139032.019|FAIL|rdkafka#producer-1| [thrd:localhost:9092/bootstrap]: localhost:9092/bootstrap: Connect to ipv6#[::1]:9092 failed: Connection refused (after 0ms in state CONNECT)
2026-09-23 10:20:32,144 [INFO] Produced I5268 | BOM -> CCU | status=ON_TIME delay=0min
%3|1790139032.565|FAIL|rdkafka#producer-1| [thrd:localhost:9092/bootstrap]: localhost:9092/bootstrap: Connect to ipv4#127.0.0.1:9092 failed: Connection refused (after 1ms in state CONNECT)
%3|1790139032.964|FAIL|rdkafka#producer-1| [thrd:localhost:9092/bootstrap]: localhost:9092/bootstrap: Connect to ipv6#[::1]:9092 failed: Connection refused (after 0ms in state CONNECT)
%3|1790139033.019|FAIL|rdkafka#producer-1| [thrd:localhost:9092/bootstrap]: localhost:9092/bootstrap: Connect to ipv4#127.0.0.1:9092 failed: Connection refused (after 0ms in state CONNECT)
2026-09-23 10:20:33,147 [INFO] Produced SG284 | MAA -> HYD | status=DELAYED delay=46min
%3|1790139033.969|FAIL|rdkafka#producer-1| [thrd:localhost:9092/bootstrap]: localhost:9092/bootstrap: Connect to ipv6#[::1]:9092 failed: Connection refused (after 0ms in state CONNECT)
%3|1790139034.025|FAIL|rdkafka#producer-1| [thrd:localhost:9092/bootstrap]: localhost:9092/bootstrap: Connect to ipv4#127.0.0.1:9092 failed: Connection refused (after 0ms in state CONNECT)
2026-09-23 10:20:34,149 [INFO] Produced QP304 | MAA -> BOM | status=ON_TIME delay=0min
%3|1790139034.971|FAIL|rdkafka#producer-1| [thrd:localhost:9092/bootstrap]: localhost:9092/bootstrap: Connect to ipv6#[::1]:9092 failed: Connection refused (after 0ms in state CONNECT)
%3|1790139035.027|FAIL|rdkafka#producer-1| [thrd:localhost:9092/bootstrap]: localhost:9092/bootstrap: Connect to ipv4#127.0.0.1:9092 failed: Connection refused (after 0ms in state CONNECT)
2026-09-23 10:20:35,155 [INFO] Produced I5448 | CCU -> BLR | status=DELAYED delay=76min
%3|1790139035.576|FAIL|rdkafka#producer-1| [thrd:localhost:9092/bootstrap]: localhost:9092/bootstrap: Connect to ipv6#[::1]:9092 failed: Connection refused (after 0ms in state CONNECT)
%3|1790139036.028|FAIL|rdkafka#producer-1| [thrd:localhost:9092/bootstrap]: localhost:9092/bootstrap: Connect to ipv4#127.0.0.1:9092 failed: Connection refused (after 0ms in state CONNECT)
2026-09-23 10:20:36,160 [INFO] Produced UK882 | MAA -> CCU | status=ON_TIME delay=0min
%3|1790139036.577|FAIL|rdkafka#producer-1| [thrd:localhost:9092/bootstrap]: localhost:9092/bootstrap: Connect to ipv6#[::1]:9092 failed: Connection refused (after 0ms in state CONNECT)
%3|1790139036.978|FAIL|rdkafka#producer-1| [thrd:localhost:9092/bootstrap]: localhost:9092/bootstrap: Connect to ipv4#127.0.0.1:9092 failed: Connection refused (after 0ms in state CONNECT)
%3|1790139037.034|FAIL|rdkafka#producer-1| [thrd:localhost:9092/bootstrap]: localhost:9092/bootstrap: Connect to ipv6#[::1]:9092 failed: Connection refused (after 0ms in state CONNECT)
2026-09-23 10:20:37,161 [INFO] Produced AI365 | DEL -> BLR | status=ON_TIME delay=0min
%3|1790139037.579|FAIL|rdkafka#producer-1| [thrd:localhost:9092/bootstrap]: localhost:9092/bootstrap: Connect to ipv4#127.0.0.1:9092 failed: Connection refused (after 0ms in state CONNECT)
%3|1790139037.982|FAIL|rdkafka#producer-1| [thrd:localhost:9092/bootstrap]: localhost:9092/bootstrap: Connect to ipv6#[::1]:9092 failed: Connection refused (after 1ms in state CONNECT)
%3|1790139038.038|FAIL|rdkafka#producer-1| [thrd:localhost:9092/bootstrap]: localhost:9092/bootstrap: Connect to ipv4#127.0.0.1:9092 failed: Connection refused (after 0ms in state CONNECT)
2026-09-23 10:20:38,163 [INFO] Produced I5672 | HYD -> MAA | status=CANCELLED delay=0min
%3|1790139038.582|FAIL|rdkafka#producer-1| [thrd:localhost:9092/bootstrap]: localhost:9092/bootstrap: Connect to ipv6#[::1]:9092 failed: Connection refused (after 0ms in state CONNECT)
%3|1790139039.037|FAIL|rdkafka#producer-1| [thrd:localhost:9092/bootstrap]: localhost:9092/bootstrap: Connect to ipv4#127.0.0.1:9092 failed: Connection refused (after 0ms in state CONNECT)
2026-09-23 10:20:39,169 [INFO] Produced UK759 | BOM -> DEL | status=ON_TIME delay=0min
%3|1790139039.587|FAIL|rdkafka#producer-1| [thrd:localhost:9092/bootstrap]: localhost:9092/bootstrap: Connect to ipv6#[::1]:9092 failed: Connection refused (after 0ms in state CONNECT)
%3|1790139040.044|FAIL|rdkafka#producer-1| [thrd:localhost:9092/bootstrap]: localhost:9092/bootstrap: Connect to ipv4#127.0.0.1:9092 failed: Connection refused (after 0ms in state CONNECT)
2026-09-23 10:20:40,175 [INFO] Produced UK172 | MAA -> BLR | status=ON_TIME delay=0min
%3|1790139040.593|FAIL|rdkafka#producer-1| [thrd:localhost:9092/bootstrap]: localhost:9092/bootstrap: Connect to ipv6#[::1]:9092 failed: Connection refused (after 0ms in state CONNECT)
%3|1790139040.997|FAIL|rdkafka#producer-1| [thrd:localhost:9092/bootstrap]: localhost:9092/bootstrap: Connect to ipv4#127.0.0.1:9092 failed: Connection refused (after 0ms in state CONNECT)
%3|1790139041.053|FAIL|rdkafka#producer-1| [thrd:localhost:9092/bootstrap]: localhost:9092/bootstrap: Connect to ipv6#[::1]:9092 failed: Connection refused (after 0ms in state CONNECT)
2026-09-23 10:20:41,180 [INFO] Produced QP626 | MAA -> BLR | status=DELAYED delay=94min
%3|1790139041.598|FAIL|rdkafka#producer-1| [thrd:localhost:9092/bootstrap]: localhost:9092/bootstrap: Connect to ipv4#127.0.0.1:9092 failed: Connection refused (after 0ms in state CONNECT)
%3|1790139042.053|FAIL|rdkafka#producer-1| [thrd:localhost:9092/bootstrap]: localhost:9092/bootstrap: Connect to ipv6#[::1]:9092 failed: Connection refused (after 0ms in state CONNECT)
2026-09-23 10:20:42,186 [INFO] Produced I5838 | MAA -> BLR | status=ON_TIME delay=0min
%3|1790139042.600|FAIL|rdkafka#producer-1| [thrd:localhost:9092/bootstrap]: localhost:9092/bootstrap: Connect to ipv4#127.0.0.1:9092 failed: Connection refused (after 0ms in state CONNECT)
%3|1790139043.058|FAIL|rdkafka#producer-1| [thrd:localhost:9092/bootstrap]: localhost:9092/bootstrap: Connect to ipv6#[::1]:9092 failed: Connection refused (after 0ms in state CONNECT)
2026-09-23 10:20:43,191 [INFO] Produced QP117 | BOM -> CCU | status=DELAYED delay=74min
%3|1790139043.606|FAIL|rdkafka#producer-1| [thrd:localhost:9092/bootstrap]: localhost:9092/bootstrap: Connect to ipv4#127.0.0.1:9092 failed: Connection refused (after 0ms in state CONNECT)
%3|1790139044.064|FAIL|rdkafka#producer-1| [thrd:localhost:9092/bootstrap]: localhost:9092/bootstrap: Connect to ipv6#[::1]:9092 failed: Connection refused (after 0ms in state CONNECT)
2026-09-23 10:20:44,197 [INFO] Produced UK706 | CCU -> BOM | status=ON_TIME delay=0min
%3|1790139044.610|FAIL|rdkafka#producer-1| [thrd:localhost:9092/bootstrap]: localhost:9092/bootstrap: Connect to ipv4#127.0.0.1:9092 failed: Connection refused (after 0ms in state CONNECT)
%3|1790139045.067|FAIL|rdkafka#producer-1| [thrd:localhost:9092/bootstrap]: localhost:9092/bootstrap: Connect to ipv6#[::1]:9092 failed: Connection refused (after 0ms in state CONNECT)
2026-09-23 10:20:45,202 [INFO] Produced SG593 | BOM -> HYD | status=DELAYED delay=115min
%3|1790139045.615|FAIL|rdkafka#producer-1| [thrd:localhost:9092/bootstrap]: localhost:9092/bootstrap: Connect to ipv4#127.0.0.1:9092 failed: Connection refused (after 0ms in state CONNECT)
%3|1790139046.074|FAIL|rdkafka#producer-1| [thrd:localhost:9092/bootstrap]: localhost:9092/bootstrap: Connect to ipv6#[::1]:9092 failed: Connection refused (after 0ms in state CONNECT)
2026-09-23 10:20:46,208 [INFO] Produced I5338 | BLR -> MAA | status=ON_TIME delay=0min
%3|1790139046.620|FAIL|rdkafka#producer-1| [thrd:localhost:9092/bootstrap]: localhost:9092/bootstrap: Connect to ipv4#127.0.0.1:9092 failed: Connection refused (after 0ms in state CONNECT)
%3|1790139047.024|FAIL|rdkafka#producer-1| [thrd:localhost:9092/bootstrap]: localhost:9092/bootstrap: Connect to ipv6#[::1]:9092 failed: Connection refused (after 1ms in state CONNECT)
%3|1790139047.079|FAIL|rdkafka#producer-1| [thrd:localhost:9092/bootstrap]: localhost:9092/bootstrap: Connect to ipv4#127.0.0.1:9092 failed: Connection refused (after 0ms in state CONNECT)
2026-09-23 10:20:47,208 [INFO] Produced I5495 | DEL -> BOM | status=ON_TIME delay=0min
%3|1790139047.626|FAIL|rdkafka#producer-1| [thrd:localhost:9092/bootstrap]: localhost:9092/bootstrap: Connect to ipv6#[::1]:9092 failed: Connection refused (after 0ms in state CONNECT)
%3|1790139048.029|FAIL|rdkafka#producer-1| [thrd:localhost:9092/bootstrap]: localhost:9092/bootstrap: Connect to ipv4#127.0.0.1:9092 failed: Connection refused (after 0ms in state CONNECT)
%3|1790139048.085|FAIL|rdkafka#producer-1| [thrd:localhost:9092/bootstrap]: localhost:9092/bootstrap: Connect to ipv6#[::1]:9092 failed: Connection refused (after 0ms in state CONNECT)
2026-09-23 10:20:48,211 [INFO] Produced I5472 | BOM -> DEL | status=ON_TIME delay=0min
%3|1790139048.631|FAIL|rdkafka#producer-1| [thrd:localhost:9092/bootstrap]: localhost:9092/bootstrap: Connect to ipv4#127.0.0.1:9092 failed: Connection refused (after 0ms in state CONNECT)
%3|1790139049.032|FAIL|rdkafka#producer-1| [thrd:localhost:9092/bootstrap]: localhost:9092/bootstrap: Connect to ipv6#[::1]:9092 failed: Connection refused (after 0ms in state CONNECT)
%3|1790139049.087|FAIL|rdkafka#producer-1| [thrd:localhost:9092/bootstrap]: localhost:9092/bootstrap: Connect to ipv4#127.0.0.1:9092 failed: Connection refused (after 0ms in state CONNECT)
2026-09-23 10:20:49,213 [INFO] Produced QP949 | DEL -> BLR | status=CANCELLED delay=0min
%3|1790139049.636|FAIL|rdkafka#producer-1| [thrd:localhost:9092/bootstrap]: localhost:9092/bootstrap: Connect to ipv6#[::1]:9092 failed: Connection refused (after 0ms in state CONNECT)
%3|1790139050.090|FAIL|rdkafka#producer-1| [thrd:localhost:9092/bootstrap]: localhost:9092/bootstrap: Connect to ipv4#127.0.0.1:9092 failed: Connection refused (after 0ms in state CONNECT)
2026-09-23 10:20:50,218 [INFO] Produced QP618 | MAA -> DEL | status=DELAYED delay=1min
%3|1790139050.640|FAIL|rdkafka#producer-1| [thrd:localhost:9092/bootstrap]: localhost:9092/bootstrap: Connect to ipv6#[::1]:9092 failed: Connection refused (after 0ms in state CONNECT)
%3|1790139050.809|FAIL|rdkafka#producer-1| [thrd:localhost:9092/1]: localhost:9092/1: Connect to ipv4#127.0.0.1:9092 failed: Connection refused (after 0ms in state CONNECT)
%3|1790139051.094|FAIL|rdkafka#producer-1| [thrd:localhost:9092/bootstrap]: localhost:9092/bootstrap: Connect to ipv4#127.0.0.1:9092 failed: Connection refused (after 0ms in state CONNECT)
2026-09-23 10:20:51,224 [INFO] Produced QP293 | DEL -> BOM | status=ON_TIME delay=0min
%3|1790139051.646|FAIL|rdkafka#producer-1| [thrd:localhost:9092/bootstrap]: localhost:9092/bootstrap: Connect to ipv6#[::1]:9092 failed: Connection refused (after 0ms in state CONNECT)
%3|1790139052.042|FAIL|rdkafka#producer-1| [thrd:localhost:9092/bootstrap]: localhost:9092/bootstrap: Connect to ipv4#127.0.0.1:9092 failed: Connection refused (after 0ms in state CONNECT)
%3|1790139052.097|FAIL|rdkafka#producer-1| [thrd:localhost:9092/bootstrap]: localhost:9092/bootstrap: Connect to ipv6#[::1]:9092 failed: Connection refused (after 0ms in state CONNECT)
2026-09-23 10:20:52,228 [INFO] Produced I5845 | MAA -> BOM | status=ON_TIME delay=0min
%3|1790139052.651|FAIL|rdkafka#producer-1| [thrd:localhost:9092/bootstrap]: localhost:9092/bootstrap: Connect to ipv4#127.0.0.1:9092 failed: Connection refused (after 0ms in state CONNECT)
%3|1790139053.049|FAIL|rdkafka#producer-1| [thrd:localhost:9092/bootstrap]: localhost:9092/bootstrap: Connect to ipv6#[::1]:9092 failed: Connection refused (after 0ms in state CONNECT)
%3|1790139053.102|FAIL|rdkafka#producer-1| [thrd:localhost:9092/bootstrap]: localhost:9092/bootstrap: Connect to ipv4#127.0.0.1:9092 failed: Connection refused (after 0ms in state CONNECT)
2026-09-23 10:20:53,234 [INFO] Produced SG254 | HYD -> BLR | status=ON_TIME delay=0min
%3|1790139053.652|FAIL|rdkafka#producer-1| [thrd:localhost:9092/bootstrap]: localhost:9092/bootstrap: Connect to ipv6#[::1]:9092 failed: Connection refused (after 0ms in state CONNECT)
%3|1790139054.107|FAIL|rdkafka#producer-1| [thrd:localhost:9092/bootstrap]: localhost:9092/bootstrap: Connect to ipv4#127.0.0.1:9092 failed: Connection refused (after 0ms in state CONNECT)
2026-09-23 10:20:54,237 [INFO] Produced UK708 | BLR -> DEL | status=CANCELLED delay=0min
%3|1790139054.654|FAIL|rdkafka#producer-1| [thrd:localhost:9092/bootstrap]: localhost:9092/bootstrap: Connect to ipv6#[::1]:9092 failed: Connection refused (after 0ms in state CONNECT)
%3|1790139055.108|FAIL|rdkafka#producer-1| [thrd:localhost:9092/bootstrap]: localhost:9092/bootstrap: Connect to ipv4#127.0.0.1:9092 failed: Connection refused (after 0ms in state CONNECT)
2026-09-23 10:20:55,241 [INFO] Produced 6E706 | BLR -> DEL | status=ON_TIME delay=0min
%3|1790139055.660|FAIL|rdkafka#producer-1| [thrd:localhost:9092/bootstrap]: localhost:9092/bootstrap: Connect to ipv6#[::1]:9092 failed: Connection refused (after 0ms in state CONNECT)
%3|1790139056.108|FAIL|rdkafka#producer-1| [thrd:localhost:9092/bootstrap]: localhost:9092/bootstrap: Connect to ipv4#127.0.0.1:9092 failed: Connection refused (after 0ms in state CONNECT)
2026-09-23 10:20:56,244 [INFO] Produced 6E615 | DEL -> CCU | status=DELAYED delay=55min
%3|1790139056.663|FAIL|rdkafka#producer-1| [thrd:localhost:9092/bootstrap]: localhost:9092/bootstrap: Connect to ipv6#[::1]:9092 failed: Connection refused (after 0ms in state CONNECT)
%3|1790139057.115|FAIL|rdkafka#producer-1| [thrd:localhost:9092/bootstrap]: localhost:9092/bootstrap: Connect to ipv4#127.0.0.1:9092 failed: Connection refused (after 0ms in state CONNECT)
2026-09-23 10:20:57,250 [INFO] Produced UK646 | HYD -> BOM | status=ON_TIME delay=0min
%3|1790139057.668|FAIL|rdkafka#producer-1| [thrd:localhost:9092/bootstrap]: localhost:9092/bootstrap: Connect to ipv6#[::1]:9092 failed: Connection refused (after 0ms in state CONNECT)
%3|1790139058.064|FAIL|rdkafka#producer-1| [thrd:localhost:9092/bootstrap]: localhost:9092/bootstrap: Connect to ipv4#127.0.0.1:9092 failed: Connection refused (after 0ms in state CONNECT)
%3|1790139058.119|FAIL|rdkafka#producer-1| [thrd:localhost:9092/bootstrap]: localhost:9092/bootstrap: Connect to ipv6#[::1]:9092 failed: Connection refused (after 0ms in state CONNECT)
2026-09-23 10:20:58,255 [INFO] Produced 6E399 | DEL -> BOM | status=ON_TIME delay=0min
%3|1790139058.669|FAIL|rdkafka#producer-1| [thrd:localhost:9092/bootstrap]: localhost:9092/bootstrap: Connect to ipv4#127.0.0.1:9092 failed: Connection refused (after 0ms in state CONNECT)
%3|1790139059.065|FAIL|rdkafka#producer-1| [thrd:localhost:9092/bootstrap]: localhost:9092/bootstrap: Connect to ipv6#[::1]:9092 failed: Connection refused (after 0ms in state CONNECT)
%3|1790139059.120|FAIL|rdkafka#producer-1| [thrd:localhost:9092/bootstrap]: localhost:9092/bootstrap: Connect to ipv4#127.0.0.1:9092 failed: Connection refused (after 0ms in state CONNECT)
2026-09-23 10:20:59,256 [INFO] Produced SG577 | BOM -> MAA | status=ON_TIME delay=0min
%3|1790139059.671|FAIL|rdkafka#producer-1| [thrd:localhost:9092/bootstrap]: localhost:9092/bootstrap: Connect to ipv6#[::1]:9092 failed: Connection refused (after 0ms in state CONNECT)
%3|1790139060.071|FAIL|rdkafka#producer-1| [thrd:localhost:9092/bootstrap]: localhost:9092/bootstrap: Connect to ipv4#127.0.0.1:9092 failed: Connection refused (after 0ms in state CONNECT)
%3|1790139060.127|FAIL|rdkafka#producer-1| [thrd:localhost:9092/bootstrap]: localhost:9092/bootstrap: Connect to ipv6#[::1]:9092 failed: Connection refused (after 0ms in state CONNECT)
2026-09-23 10:21:00,260 [INFO] Produced AI758 | BOM -> HYD | status=DELAYED delay=90min
%3|1790139060.676|FAIL|rdkafka#producer-1| [thrd:localhost:9092/bootstrap]: localhost:9092/bootstrap: Connect to ipv4#127.0.0.1:9092 failed: Connection refused (after 0ms in state CONNECT)
%3|1790139060.813|FAIL|rdkafka#producer-1| [thrd:localhost:9092/1]: localhost:9092/1: Connect to ipv4#127.0.0.1:9092 failed: Connection refused (after 0ms in state CONNECT, 1 identical error(s) suppressed)
%3|1790139061.074|FAIL|rdkafka#producer-1| [thrd:localhost:9092/bootstrap]: localhost:9092/bootstrap: Connect to ipv6#[::1]:9092 failed: Connection refused (after 0ms in state CONNECT)
%3|1790139061.130|FAIL|rdkafka#producer-1| [thrd:localhost:9092/bootstrap]: localhost:9092/bootstrap: Connect to ipv4#127.0.0.1:9092 failed: Connection refused (after 0ms in state CONNECT)
2026-09-23 10:21:01,266 [INFO] Produced AI836 | BOM -> DEL | status=ON_TIME delay=0min
%3|1790139061.677|FAIL|rdkafka#producer-1| [thrd:localhost:9092/bootstrap]: localhost:9092/bootstrap: Connect to ipv6#[::1]:9092 failed: Connection refused (after 0ms in state CONNECT)
%3|1790139062.080|FAIL|rdkafka#producer-1| [thrd:localhost:9092/bootstrap]: localhost:9092/bootstrap: Connect to ipv4#127.0.0.1:9092 failed: Connection refused (after 0ms in state CONNECT)
%3|1790139062.134|FAIL|rdkafka#producer-1| [thrd:localhost:9092/bootstrap]: localhost:9092/bootstrap: Connect to ipv6#[::1]:9092 failed: Connection refused (after 0ms in state CONNECT)
2026-09-23 10:21:02,269 [INFO] Produced QP252 | BLR -> HYD | status=ON_TIME delay=0min
%3|1790139062.680|FAIL|rdkafka#producer-1| [thrd:localhost:9092/bootstrap]: localhost:9092/bootstrap: Connect to ipv4#127.0.0.1:9092 failed: Connection refused (after 0ms in state CONNECT)
%3|1790139063.086|FAIL|rdkafka#producer-1| [thrd:localhost:9092/bootstrap]: localhost:9092/bootstrap: Connect to ipv6#[::1]:9092 failed: Connection refused (after 0ms in state CONNECT)
%3|1790139063.141|FAIL|rdkafka#producer-1| [thrd:localhost:9092/bootstrap]: localhost:9092/bootstrap: Connect to ipv4#127.0.0.1:9092 failed: Connection refused (after 0ms in state CONNECT)
2026-09-23 10:21:03,270 [INFO] Produced 6E673 | DEL -> MAA | status=ON_TIME delay=0min
%3|1790139063.685|FAIL|rdkafka#producer-1| [thrd:localhost:9092/bootstrap]: localhost:9092/bootstrap: Connect to ipv6#[::1]:9092 failed: Connection refused (after 0ms in state CONNECT)
%3|1790139064.091|FAIL|rdkafka#producer-1| [thrd:localhost:9092/bootstrap]: localhost:9092/bootstrap: Connect to ipv6#[::1]:9092 failed: Connection refused (after 0ms in state CONNECT, 1 identical error(s) suppressed)
%3|1790139064.146|FAIL|rdkafka#producer-1| [thrd:localhost:9092/bootstrap]: localhost:9092/bootstrap: Connect to ipv4#127.0.0.1:9092 failed: Connection refused (after 0ms in state CONNECT)
2026-09-23 10:21:04,274 [INFO] Produced 6E560 | BOM -> DEL | status=ON_TIME delay=0min
%3|1790139064.691|FAIL|rdkafka#producer-1| [thrd:localhost:9092/bootstrap]: localhost:9092/bootstrap: Connect to ipv6#[::1]:9092 failed: Connection refused (after 0ms in state CONNECT)
%3|1790139065.096|FAIL|rdkafka#producer-1| [thrd:localhost:9092/bootstrap]: localhost:9092/bootstrap: Connect to ipv4#127.0.0.1:9092 failed: Connection refused (after 0ms in state CONNECT)
%3|1790139065.152|FAIL|rdkafka#producer-1| [thrd:localhost:9092/bootstrap]: localhost:9092/bootstrap: Connect to ipv6#[::1]:9092 failed: Connection refused (after 0ms in state CONNECT)
2026-09-23 10:21:05,280 [INFO] Produced UK251 | MAA -> HYD | status=ON_TIME delay=0min
%3|1790139065.696|FAIL|rdkafka#producer-1| [thrd:localhost:9092/bootstrap]: localhost:9092/bootstrap: Connect to ipv4#127.0.0.1:9092 failed: Connection refused (after 0ms in state CONNECT)
%3|1790139066.101|FAIL|rdkafka#producer-1| [thrd:localhost:9092/bootstrap]: localhost:9092/bootstrap: Connect to ipv6#[::1]:9092 failed: Connection refused (after 0ms in state CONNECT)
%3|1790139066.157|FAIL|rdkafka#producer-1| [thrd:localhost:9092/bootstrap]: localhost:9092/bootstrap: Connect to ipv4#127.0.0.1:9092 failed: Connection refused (after 0ms in state CONNECT)
2026-09-23 10:21:06,285 [INFO] Produced AI585 | CCU -> MAA | status=DELAYED delay=110min
%3|1790139066.701|FAIL|rdkafka#producer-1| [thrd:localhost:9092/bootstrap]: localhost:9092/bootstrap: Connect to ipv6#[::1]:9092 failed: Connection refused (after 0ms in state CONNECT)
%3|1790139067.106|FAIL|rdkafka#producer-1| [thrd:localhost:9092/bootstrap]: localhost:9092/bootstrap: Connect to ipv4#127.0.0.1:9092 failed: Connection refused (after 0ms in state CONNECT)
%3|1790139067.162|FAIL|rdkafka#producer-1| [thrd:localhost:9092/bootstrap]: localhost:9092/bootstrap: Connect to ipv6#[::1]:9092 failed: Connection refused (after 0ms in state CONNECT)
2026-09-23 10:21:07,287 [INFO] Produced SG240 | MAA -> BOM | status=ON_TIME delay=0min
%3|1790139067.706|FAIL|rdkafka#producer-1| [thrd:localhost:9092/bootstrap]: localhost:9092/bootstrap: Connect to ipv4#127.0.0.1:9092 failed: Connection refused (after 0ms in state CONNECT)
%3|1790139068.167|FAIL|rdkafka#producer-1| [thrd:localhost:9092/bootstrap]: localhost:9092/bootstrap: Connect to ipv6#[::1]:9092 failed: Connection refused (after 0ms in state CONNECT)
2026-09-23 10:21:08,293 [INFO] Produced I5534 | MAA -> DEL | status=DELAYED delay=11min
%3|1790139068.709|FAIL|rdkafka#producer-1| [thrd:localhost:9092/bootstrap]: localhost:9092/bootstrap: Connect to ipv4#127.0.0.1:9092 failed: Connection refused (after 0ms in state CONNECT)
%3|1790139069.116|FAIL|rdkafka#producer-1| [thrd:localhost:9092/bootstrap]: localhost:9092/bootstrap: Connect to ipv6#[::1]:9092 failed: Connection refused (after 1ms in state CONNECT)
%3|1790139069.171|FAIL|rdkafka#producer-1| [thrd:localhost:9092/bootstrap]: localhost:9092/bootstrap: Connect to ipv4#127.0.0.1:9092 failed: Connection refused (after 0ms in state CONNECT)
2026-09-23 10:21:09,298 [INFO] Produced I5270 | BLR -> HYD | status=ON_TIME delay=0min
%3|1790139069.710|FAIL|rdkafka#producer-1| [thrd:localhost:9092/bootstrap]: localhost:9092/bootstrap: Connect to ipv6#[::1]:9092 failed: Connection refused (after 0ms in state CONNECT)
%3|1790139070.176|FAIL|rdkafka#producer-1| [thrd:localhost:9092/bootstrap]: localhost:9092/bootstrap: Connect to ipv4#127.0.0.1:9092 failed: Connection refused (after 0ms in state CONNECT)
2026-09-23 10:21:10,304 [INFO] Produced UK909 | CCU -> BOM | status=ON_TIME delay=0min
%3|1790139070.715|FAIL|rdkafka#producer-1| [thrd:localhost:9092/bootstrap]: localhost:9092/bootstrap: Connect to ipv6#[::1]:9092 failed: Connection refused (after 0ms in state CONNECT)
%3|1790139071.181|FAIL|rdkafka#producer-1| [thrd:localhost:9092/bootstrap]: localhost:9092/bootstrap: Connect to ipv4#127.0.0.1:9092 failed: Connection refused (after 0ms in state CONNECT)
2026-09-23 10:21:11,310 [INFO] Produced 6E964 | DEL -> MAA | status=DELAYED delay=54min
%3|1790139071.721|FAIL|rdkafka#producer-1| [thrd:localhost:9092/bootstrap]: localhost:9092/bootstrap: Connect to ipv6#[::1]:9092 failed: Connection refused (after 0ms in state CONNECT)
%3|1790139072.188|FAIL|rdkafka#producer-1| [thrd:localhost:9092/bootstrap]: localhost:9092/bootstrap: Connect to ipv4#127.0.0.1:9092 failed: Connection refused (after 0ms in state CONNECT)
2026-09-23 10:21:12,315 [INFO] Produced AI945 | BLR -> MAA | status=ON_TIME delay=0min
%3|1790139072.725|FAIL|rdkafka#producer-1| [thrd:localhost:9092/bootstrap]: localhost:9092/bootstrap: Connect to ipv6#[::1]:9092 failed: Connection refused (after 0ms in state CONNECT)
%3|1790139073.192|FAIL|rdkafka#producer-1| [thrd:localhost:9092/bootstrap]: localhost:9092/bootstrap: Connect to ipv4#127.0.0.1:9092 failed: Connection refused (after 0ms in state CONNECT)
2026-09-23 10:21:13,319 [INFO] Produced AI863 | HYD -> DEL | status=DELAYED delay=82min
%3|1790139073.727|FAIL|rdkafka#producer-1| [thrd:localhost:9092/bootstrap]: localhost:9092/bootstrap: Connect to ipv6#[::1]:9092 failed: Connection refused (after 0ms in state CONNECT)
%3|1790139074.197|FAIL|rdkafka#producer-1| [thrd:localhost:9092/bootstrap]: localhost:9092/bootstrap: Connect to ipv4#127.0.0.1:9092 failed: Connection refused (after 0ms in state CONNECT)
2026-09-23 10:21:14,320 [INFO] Produced UK194 | BLR -> BOM | status=ON_TIME delay=0min
%3|1790139074.733|FAIL|rdkafka#producer-1| [thrd:localhost:9092/bootstrap]: localhost:9092/bootstrap: Connect to ipv6#[::1]:9092 failed: Connection refused (after 0ms in state CONNECT)
%3|1790139075.203|FAIL|rdkafka#producer-1| [thrd:localhost:9092/bootstrap]: localhost:9092/bootstrap: Connect to ipv4#127.0.0.1:9092 failed: Connection refused (after 0ms in state CONNECT)
2026-09-23 10:21:15,326 [INFO] Produced QP740 | CCU -> DEL | status=CANCELLED delay=0min
%3|1790139075.734|FAIL|rdkafka#producer-1| [thrd:localhost:9092/bootstrap]: localhost:9092/bootstrap: Connect to ipv6#[::1]:9092 failed: Connection refused (after 0ms in state CONNECT)
%3|1790139076.149|FAIL|rdkafka#producer-1| [thrd:localhost:9092/bootstrap]: localhost:9092/bootstrap: Connect to ipv4#127.0.0.1:9092 failed: Connection refused (after 0ms in state CONNECT)
%3|1790139076.204|FAIL|rdkafka#producer-1| [thrd:localhost:9092/bootstrap]: localhost:9092/bootstrap: Connect to ipv6#[::1]:9092 failed: Connection refused (after 0ms in state CONNECT)
2026-09-23 10:21:16,331 [INFO] Produced SG154 | MAA -> DEL | status=DELAYED delay=39min
%3|1790139076.740|FAIL|rdkafka#producer-1| [thrd:localhost:9092/bootstrap]: localhost:9092/bootstrap: Connect to ipv4#127.0.0.1:9092 failed: Connection refused (after 0ms in state CONNECT)
%3|1790139077.210|FAIL|rdkafka#producer-1| [thrd:localhost:9092/bootstrap]: localhost:9092/bootstrap: Connect to ipv6#[::1]:9092 failed: Connection refused (after 0ms in state CONNECT)
2026-09-23 10:21:17,336 [INFO] Produced UK714 | DEL -> MAA | status=ON_TIME delay=0min
%3|1790139077.745|FAIL|rdkafka#producer-1| [thrd:localhost:9092/bootstrap]: localhost:9092/bootstrap: Connect to ipv4#127.0.0.1:9092 failed: Connection refused (after 0ms in state CONNECT)
%3|1790139078.210|FAIL|rdkafka#producer-1| [thrd:localhost:9092/bootstrap]: localhost:9092/bootstrap: Connect to ipv6#[::1]:9092 failed: Connection refused (after 0ms in state CONNECT)
2026-09-23 10:21:18,341 [INFO] Produced AI889 | BOM -> MAA | status=ON_TIME delay=0min
%3|1790139078.750|FAIL|rdkafka#producer-1| [thrd:localhost:9092/bootstrap]: localhost:9092/bootstrap: Connect to ipv4#127.0.0.1:9092 failed: Connection refused (after 0ms in state CONNECT)
%3|1790139078.849|FAIL|rdkafka#producer-1| [thrd:localhost:9092/1]: localhost:9092/1: Connect to ipv6#[::1]:9092 failed: Connection refused (after 1ms in state CONNECT)
%3|1790139079.161|FAIL|rdkafka#producer-1| [thrd:localhost:9092/bootstrap]: localhost:9092/bootstrap: Connect to ipv6#[::1]:9092 failed: Connection refused (after 0ms in state CONNECT)
%3|1790139079.216|FAIL|rdkafka#producer-1| [thrd:localhost:9092/bootstrap]: localhost:9092/bootstrap: Connect to ipv4#127.0.0.1:9092 failed: Connection refused (after 0ms in state CONNECT)
2026-09-23 10:21:19,346 [INFO] Produced UK266 | DEL -> MAA | status=ON_TIME delay=0min
%3|1790139079.752|FAIL|rdkafka#producer-1| [thrd:localhost:9092/bootstrap]: localhost:9092/bootstrap: Connect to ipv6#[::1]:9092 failed: Connection refused (after 0ms in state CONNECT)
%3|1790139080.221|FAIL|rdkafka#producer-1| [thrd:localhost:9092/bootstrap]: localhost:9092/bootstrap: Connect to ipv4#127.0.0.1:9092 failed: Connection refused (after 0ms in state CONNECT)
2026-09-23 10:21:20,352 [INFO] Produced I5994 | DEL -> MAA | status=DELAYED delay=99min
%3|1790139080.758|FAIL|rdkafka#producer-1| [thrd:localhost:9092/bootstrap]: localhost:9092/bootstrap: Connect to ipv6#[::1]:9092 failed: Connection refused (after 0ms in state CONNECT)
%3|1790139081.227|FAIL|rdkafka#producer-1| [thrd:localhost:9092/bootstrap]: localhost:9092/bootstrap: Connect to ipv4#127.0.0.1:9092 failed: Connection refused (after 0ms in state CONNECT)
2026-09-23 10:21:21,358 [INFO] Produced SG354 | MAA -> BOM | status=CANCELLED delay=0min
%3|1790139081.762|FAIL|rdkafka#producer-1| [thrd:localhost:9092/bootstrap]: localhost:9092/bootstrap: Connect to ipv6#[::1]:9092 failed: Connection refused (after 0ms in state CONNECT)
%3|1790139082.231|FAIL|rdkafka#producer-1| [thrd:localhost:9092/bootstrap]: localhost:9092/bootstrap: Connect to ipv4#127.0.0.1:9092 failed: Connection refused (after 0ms in state CONNECT)
2026-09-23 10:21:22,360 [INFO] Produced SG236 | MAA -> CCU | status=DELAYED delay=85min
%3|1790139082.767|FAIL|rdkafka#producer-1| [thrd:localhost:9092/bootstrap]: localhost:9092/bootstrap: Connect to ipv6#[::1]:9092 failed: Connection refused (after 0ms in state CONNECT)
%3|1790139083.181|FAIL|rdkafka#producer-1| [thrd:localhost:9092/bootstrap]: localhost:9092/bootstrap: Connect to ipv4#127.0.0.1:9092 failed: Connection refused (after 1ms in state CONNECT)
%3|1790139083.232|FAIL|rdkafka#producer-1| [thrd:localhost:9092/bootstrap]: localhost:9092/bootstrap: Connect to ipv6#[::1]:9092 failed: Connection refused (after 0ms in state CONNECT)
2026-09-23 10:21:23,364 [INFO] Produced SG773 | MAA -> HYD | status=ON_TIME delay=0min
%3|1790139083.770|FAIL|rdkafka#producer-1| [thrd:localhost:9092/bootstrap]: localhost:9092/bootstrap: Connect to ipv4#127.0.0.1:9092 failed: Connection refused (after 0ms in state CONNECT)
%3|1790139084.185|FAIL|rdkafka#producer-1| [thrd:localhost:9092/bootstrap]: localhost:9092/bootstrap: Connect to ipv6#[::1]:9092 failed: Connection refused (after 1ms in state CONNECT)
%3|1790139084.237|FAIL|rdkafka#producer-1| [thrd:localhost:9092/bootstrap]: localhost:9092/bootstrap: Connect to ipv4#127.0.0.1:9092 failed: Connection refused (after 0ms in state CONNECT)
2026-09-23 10:21:24,369 [INFO] Produced 6E947 | DEL -> MAA | status=DELAYED delay=29min
%3|1790139084.776|FAIL|rdkafka#producer-1| [thrd:localhost:9092/bootstrap]: localhost:9092/bootstrap: Connect to ipv6#[::1]:9092 failed: Connection refused (after 0ms in state CONNECT)
%3|1790139085.241|FAIL|rdkafka#producer-1| [thrd:localhost:9092/bootstrap]: localhost:9092/bootstrap: Connect to ipv4#127.0.0.1:9092 failed: Connection refused (after 0ms in state CONNECT)
2026-09-23 10:21:25,375 [INFO] Produced UK267 | DEL -> BOM | status=ON_TIME delay=0min
%3|1790139085.777|FAIL|rdkafka#producer-1| [thrd:localhost:9092/bootstrap]: localhost:9092/bootstrap: Connect to ipv6#[::1]:9092 failed: Connection refused (after 0ms in state CONNECT)
%3|1790139086.191|FAIL|rdkafka#producer-1| [thrd:localhost:9092/bootstrap]: localhost:9092/bootstrap: Connect to ipv4#127.0.0.1:9092 failed: Connection refused (after 0ms in state CONNECT)
%3|1790139086.243|FAIL|rdkafka#producer-1| [thrd:localhost:9092/bootstrap]: localhost:9092/bootstrap: Connect to ipv6#[::1]:9092 failed: Connection refused (after 0ms in state CONNECT)
2026-09-23 10:21:26,380 [INFO] Produced SG623 | DEL -> CCU | status=ON_TIME delay=0min
%3|1790139086.780|FAIL|rdkafka#producer-1| [thrd:localhost:9092/bootstrap]: localhost:9092/bootstrap: Connect to ipv4#127.0.0.1:9092 failed: Connection refused (after 0ms in state CONNECT)
%3|1790139087.197|FAIL|rdkafka#producer-1| [thrd:localhost:9092/bootstrap]: localhost:9092/bootstrap: Connect to ipv6#[::1]:9092 failed: Connection refused (after 1ms in state CONNECT)
%3|1790139087.252|FAIL|rdkafka#producer-1| [thrd:localhost:9092/bootstrap]: localhost:9092/bootstrap: Connect to ipv4#127.0.0.1:9092 failed: Connection refused (after 0ms in state CONNECT)
2026-09-23 10:21:27,386 [INFO] Produced I5132 | DEL -> BOM | status=DELAYED delay=30min
%3|1790139087.785|FAIL|rdkafka#producer-1| [thrd:localhost:9092/bootstrap]: localhost:9092/bootstrap: Connect to ipv6#[::1]:9092 failed: Connection refused (after 0ms in state CONNECT)
%3|1790139088.202|FAIL|rdkafka#producer-1| [thrd:localhost:9092/bootstrap]: localhost:9092/bootstrap: Connect to ipv4#127.0.0.1:9092 failed: Connection refused (after 0ms in state CONNECT)
%3|1790139088.257|FAIL|rdkafka#producer-1| [thrd:localhost:9092/bootstrap]: localhost:9092/bootstrap: Connect to ipv6#[::1]:9092 failed: Connection refused (after 0ms in state CONNECT)
2026-09-23 10:21:28,390 [INFO] Produced 6E430 | DEL -> MAA | status=ON_TIME delay=0min
%3|1790139088.786|FAIL|rdkafka#producer-1| [thrd:localhost:9092/bootstrap]: localhost:9092/bootstrap: Connect to ipv4#127.0.0.1:9092 failed: Connection refused (after 0ms in state CONNECT)
%3|1790139089.204|FAIL|rdkafka#producer-1| [thrd:localhost:9092/bootstrap]: localhost:9092/bootstrap: Connect to ipv6#[::1]:9092 failed: Connection refused (after 1ms in state CONNECT)
%3|1790139089.258|FAIL|rdkafka#producer-1| [thrd:localhost:9092/bootstrap]: localhost:9092/bootstrap: Connect to ipv4#127.0.0.1:9092 failed: Connection refused (after 0ms in state CONNECT)
2026-09-23 10:21:29,395 [INFO] Produced AI703 | BOM -> BLR | status=ON_TIME delay=0min
%3|1790139089.791|FAIL|rdkafka#producer-1| [thrd:localhost:9092/bootstrap]: localhost:9092/bootstrap: Connect to ipv6#[::1]:9092 failed: Connection refused (after 0ms in state CONNECT)
%3|1790139090.264|FAIL|rdkafka#producer-1| [thrd:localhost:9092/bootstrap]: localhost:9092/bootstrap: Connect to ipv4#127.0.0.1:9092 failed: Connection refused (after 0ms in state CONNECT)
2026-09-23 10:21:30,401 [INFO] Produced I5153 | MAA -> BLR | status=DELAYED delay=26min
%3|1790139090.796|FAIL|rdkafka#producer-1| [thrd:localhost:9092/bootstrap]: localhost:9092/bootstrap: Connect to ipv6#[::1]:9092 failed: Connection refused (after 0ms in state CONNECT)
%3|1790139091.266|FAIL|rdkafka#producer-1| [thrd:localhost:9092/bootstrap]: localhost:9092/bootstrap: Connect to ipv4#127.0.0.1:9092 failed: Connection refused (after 0ms in state CONNECT)
2026-09-23 10:21:31,403 [INFO] Produced I5306 | CCU -> DEL | status=DELAYED delay=20min
%3|1790139091.801|FAIL|rdkafka#producer-1| [thrd:localhost:9092/bootstrap]: localhost:9092/bootstrap: Connect to ipv6#[::1]:9092 failed: Connection refused (after 0ms in state CONNECT)
%3|1790139092.213|FAIL|rdkafka#producer-1| [thrd:localhost:9092/bootstrap]: localhost:9092/bootstrap: Connect to ipv4#127.0.0.1:9092 failed: Connection refused (after 1ms in state CONNECT)
%3|1790139092.265|FAIL|rdkafka#producer-1| [thrd:localhost:9092/bootstrap]: localhost:9092/bootstrap: Connect to ipv6#[::1]:9092 failed: Connection refused (after 0ms in state CONNECT)
2026-09-23 10:21:32,405 [INFO] Produced 6E977 | CCU -> BOM | status=DELAYED delay=12min
%3|1790139092.803|FAIL|rdkafka#producer-1| [thrd:localhost:9092/bootstrap]: localhost:9092/bootstrap: Connect to ipv4#127.0.0.1:9092 failed: Connection refused (after 0ms in state CONNECT)
%3|1790139093.218|FAIL|rdkafka#producer-1| [thrd:localhost:9092/bootstrap]: localhost:9092/bootstrap: Connect to ipv6#[::1]:9092 failed: Connection refused (after 0ms in state CONNECT)
%3|1790139093.270|FAIL|rdkafka#producer-1| [thrd:localhost:9092/bootstrap]: localhost:9092/bootstrap: Connect to ipv4#127.0.0.1:9092 failed: Connection refused (after 0ms in state CONNECT)
2026-09-23 10:21:33,410 [INFO] Produced QP363 | HYD -> BOM | status=DELAYED delay=5min
%3|1790139093.809|FAIL|rdkafka#producer-1| [thrd:localhost:9092/bootstrap]: localhost:9092/bootstrap: Connect to ipv6#[::1]:9092 failed: Connection refused (after 0ms in state CONNECT)
%3|1790139094.221|FAIL|rdkafka#producer-1| [thrd:localhost:9092/bootstrap]: localhost:9092/bootstrap: Connect to ipv4#127.0.0.1:9092 failed: Connection refused (after 0ms in state CONNECT)
%3|1790139094.276|FAIL|rdkafka#producer-1| [thrd:localhost:9092/bootstrap]: localhost:9092/bootstrap: Connect to ipv6#[::1]:9092 failed: Connection refused (after 0ms in state CONNECT)
2026-09-23 10:21:34,416 [INFO] Produced I5972 | BLR -> DEL | status=ON_TIME delay=0min
%3|1790139094.814|FAIL|rdkafka#producer-1| [thrd:localhost:9092/bootstrap]: localhost:9092/bootstrap: Connect to ipv4#127.0.0.1:9092 failed: Connection refused (after 0ms in state CONNECT)
%3|1790139095.226|FAIL|rdkafka#producer-1| [thrd:localhost:9092/bootstrap]: localhost:9092/bootstrap: Connect to ipv6#[::1]:9092 failed: Connection refused (after 0ms in state CONNECT)
%3|1790139095.281|FAIL|rdkafka#producer-1| [thrd:localhost:9092/bootstrap]: localhost:9092/bootstrap: Connect to ipv4#127.0.0.1:9092 failed: Connection refused (after 0ms in state CONNECT)
2026-09-23 10:21:35,418 [INFO] Produced UK151 | BOM -> CCU | status=ON_TIME delay=0min
%3|1790139095.818|FAIL|rdkafka#producer-1| [thrd:localhost:9092/bootstrap]: localhost:9092/bootstrap: Connect to ipv6#[::1]:9092 failed: Connection refused (after 0ms in state CONNECT)
%3|1790139096.232|FAIL|rdkafka#producer-1| [thrd:localhost:9092/bootstrap]: localhost:9092/bootstrap: Connect to ipv4#127.0.0.1:9092 failed: Connection refused (after 1ms in state CONNECT)
%3|1790139096.286|FAIL|rdkafka#producer-1| [thrd:localhost:9092/bootstrap]: localhost:9092/bootstrap: Connect to ipv6#[::1]:9092 failed: Connection refused (after 0ms in state CONNECT)
2026-09-23 10:21:36,420 [INFO] Produced SG633 | MAA -> CCU | status=ON_TIME delay=0min
%3|1790139096.820|FAIL|rdkafka#producer-1| [thrd:localhost:9092/bootstrap]: localhost:9092/bootstrap: Connect to ipv4#127.0.0.1:9092 failed: Connection refused (after 0ms in state CONNECT)
%3|1790139097.237|FAIL|rdkafka#producer-1| [thrd:localhost:9092/bootstrap]: localhost:9092/bootstrap: Connect to ipv6#[::1]:9092 failed: Connection refused (after 1ms in state CONNECT)
%3|1790139097.291|FAIL|rdkafka#producer-1| [thrd:localhost:9092/bootstrap]: localhost:9092/bootstrap: Connect to ipv4#127.0.0.1:9092 failed: Connection refused (after 0ms in state CONNECT)
2026-09-23 10:21:37,425 [INFO] Produced AI296 | DEL -> CCU | status=ON_TIME delay=0min
%3|1790139097.826|FAIL|rdkafka#producer-1| [thrd:localhost:9092/bootstrap]: localhost:9092/bootstrap: Connect to ipv6#[::1]:9092 failed: Connection refused (after 0ms in state CONNECT)
%3|1790139098.237|FAIL|rdkafka#producer-1| [thrd:localhost:9092/bootstrap]: localhost:9092/bootstrap: Connect to ipv4#127.0.0.1:9092 failed: Connection refused (after 0ms in state CONNECT)
%3|1790139098.291|FAIL|rdkafka#producer-1| [thrd:localhost:9092/bootstrap]: localhost:9092/bootstrap: Connect to ipv6#[::1]:9092 failed: Connection refused (after 1ms in state CONNECT)
2026-09-23 10:21:38,430 [INFO] Produced I5812 | HYD -> MAA | status=ON_TIME delay=0min
%3|1790139098.832|FAIL|rdkafka#producer-1| [thrd:localhost:9092/bootstrap]: localhost:9092/bootstrap: Connect to ipv4#127.0.0.1:9092 failed: Connection refused (after 0ms in state CONNECT)
%3|1790139098.859|FAIL|rdkafka#producer-1| [thrd:localhost:9092/1]: localhost:9092/1: Connect to ipv6#[::1]:9092 failed: Connection refused (after 0ms in state CONNECT, 2 identical error(s) suppressed)
%3|1790139099.242|FAIL|rdkafka#producer-1| [thrd:localhost:9092/bootstrap]: localhost:9092/bootstrap: Connect to ipv6#[::1]:9092 failed: Connection refused (after 0ms in state CONNECT)
%3|1790139099.299|FAIL|rdkafka#producer-1| [thrd:localhost:9092/bootstrap]: localhost:9092/bootstrap: Connect to ipv4#127.0.0.1:9092 failed: Connection refused (after 0ms in state CONNECT)
2026-09-23 10:21:39,435 [INFO] Produced I5193 | DEL -> BOM | status=ON_TIME delay=0min
%3|1790139099.835|FAIL|rdkafka#producer-1| [thrd:localhost:9092/bootstrap]: localhost:9092/bootstrap: Connect to ipv6#[::1]:9092 failed: Connection refused (after 0ms in state CONNECT)
%3|1790139100.243|FAIL|rdkafka#producer-1| [thrd:localhost:9092/bootstrap]: localhost:9092/bootstrap: Connect to ipv4#127.0.0.1:9092 failed: Connection refused (after 0ms in state CONNECT)
%3|1790139100.295|FAIL|rdkafka#producer-1| [thrd:localhost:9092/bootstrap]: localhost:9092/bootstrap: Connect to ipv6#[::1]:9092 failed: Connection refused (after 0ms in state CONNECT)
2026-09-23 10:21:40,441 [INFO] Produced QP679 | HYD -> BLR | status=ON_TIME delay=0min
%3|1790139100.840|FAIL|rdkafka#producer-1| [thrd:localhost:9092/bootstrap]: localhost:9092/bootstrap: Connect to ipv4#127.0.0.1:9092 failed: Connection refused (after 0ms in state CONNECT)
%3|1790139101.244|FAIL|rdkafka#producer-1| [thrd:localhost:9092/bootstrap]: localhost:9092/bootstrap: Connect to ipv6#[::1]:9092 failed: Connection refused (after 0ms in state CONNECT)
%3|1790139101.295|FAIL|rdkafka#producer-1| [thrd:localhost:9092/bootstrap]: localhost:9092/bootstrap: Connect to ipv4#127.0.0.1:9092 failed: Connection refused (after 0ms in state CONNECT)
2026-09-23 10:21:41,446 [INFO] Produced AI647 | HYD -> BOM | status=DELAYED delay=106min
%3|1790139101.845|FAIL|rdkafka#producer-1| [thrd:localhost:9092/bootstrap]: localhost:9092/bootstrap: Connect to ipv6#[::1]:9092 failed: Connection refused (after 0ms in state CONNECT)
%3|1790139102.250|FAIL|rdkafka#producer-1| [thrd:localhost:9092/bootstrap]: localhost:9092/bootstrap: Connect to ipv4#127.0.0.1:9092 failed: Connection refused (after 0ms in state CONNECT)
%3|1790139102.306|FAIL|rdkafka#producer-1| [thrd:localhost:9092/bootstrap]: localhost:9092/bootstrap: Connect to ipv6#[::1]:9092 failed: Connection refused (after 0ms in state CONNECT)
2026-09-23 10:21:42,450 [INFO] Produced AI670 | CCU -> DEL | status=ON_TIME delay=0min
%3|1790139102.847|FAIL|rdkafka#producer-1| [thrd:localhost:9092/bootstrap]: localhost:9092/bootstrap: Connect to ipv4#127.0.0.1:9092 failed: Connection refused (after 0ms in state CONNECT)
%3|1790139103.256|FAIL|rdkafka#producer-1| [thrd:localhost:9092/bootstrap]: localhost:9092/bootstrap: Connect to ipv6#[::1]:9092 failed: Connection refused (after 0ms in state CONNECT)
%3|1790139103.312|FAIL|rdkafka#producer-1| [thrd:localhost:9092/bootstrap]: localhost:9092/bootstrap: Connect to ipv4#127.0.0.1:9092 failed: Connection refused (after 0ms in state CONNECT)
2026-09-23 10:21:43,453 [INFO] Produced 6E841 | HYD -> CCU | status=DELAYED delay=50min
%3|1790139103.852|FAIL|rdkafka#producer-1| [thrd:localhost:9092/bootstrap]: localhost:9092/bootstrap: Connect to ipv6#[::1]:9092 failed: Connection refused (after 1ms in state CONNECT)
%3|1790139104.261|FAIL|rdkafka#producer-1| [thrd:localhost:9092/bootstrap]: localhost:9092/bootstrap: Connect to ipv4#127.0.0.1:9092 failed: Connection refused (after 0ms in state CONNECT)
%3|1790139104.312|FAIL|rdkafka#producer-1| [thrd:localhost:9092/bootstrap]: localhost:9092/bootstrap: Connect to ipv6#[::1]:9092 failed: Connection refused (after 0ms in state CONNECT)
2026-09-23 10:21:44,459 [INFO] Produced SG406 | CCU -> MAA | status=DELAYED delay=11min
%3|1790139104.855|FAIL|rdkafka#producer-1| [thrd:localhost:9092/bootstrap]: localhost:9092/bootstrap: Connect to ipv6#[::1]:9092 failed: Connection refused (after 0ms in state CONNECT, 1 identical error(s) suppressed)
%3|1790139105.262|FAIL|rdkafka#producer-1| [thrd:localhost:9092/bootstrap]: localhost:9092/bootstrap: Connect to ipv4#127.0.0.1:9092 failed: Connection refused (after 0ms in state CONNECT)
%3|1790139105.317|FAIL|rdkafka#producer-1| [thrd:localhost:9092/bootstrap]: localhost:9092/bootstrap: Connect to ipv6#[::1]:9092 failed: Connection refused (after 0ms in state CONNECT)
2026-09-23 10:21:45,464 [INFO] Produced QP300 | HYD -> DEL | status=ON_TIME delay=0min
%3|1790139106.268|FAIL|rdkafka#producer-1| [thrd:localhost:9092/bootstrap]: localhost:9092/bootstrap: Connect to ipv4#127.0.0.1:9092 failed: Connection refused (after 0ms in state CONNECT)
%3|1790139106.324|FAIL|rdkafka#producer-1| [thrd:localhost:9092/bootstrap]: localhost:9092/bootstrap: Connect to ipv6#[::1]:9092 failed: Connection refused (after 0ms in state CONNECT)
2026-09-23 10:21:46,468 [INFO] Produced I5579 | DEL -> CCU | status=DELAYED delay=93min
%3|1790139107.273|FAIL|rdkafka#producer-1| [thrd:localhost:9092/bootstrap]: localhost:9092/bootstrap: Connect to ipv4#127.0.0.1:9092 failed: Connection refused (after 0ms in state CONNECT)
%3|1790139107.329|FAIL|rdkafka#producer-1| [thrd:localhost:9092/bootstrap]: localhost:9092/bootstrap: Connect to ipv6#[::1]:9092 failed: Connection refused (after 0ms in state CONNECT)
2026-09-23 10:21:47,470 [INFO] Produced I5874 | MAA -> HYD | status=ON_TIME delay=0min
%3|1790139107.869|FAIL|rdkafka#producer-1| [thrd:localhost:9092/bootstrap]: localhost:9092/bootstrap: Connect to ipv4#127.0.0.1:9092 failed: Connection refused (after 1ms in state CONNECT)
%3|1790139108.279|FAIL|rdkafka#producer-1| [thrd:localhost:9092/bootstrap]: localhost:9092/bootstrap: Connect to ipv6#[::1]:9092 failed: Connection refused (after 0ms in state CONNECT)
%3|1790139108.331|FAIL|rdkafka#producer-1| [thrd:localhost:9092/bootstrap]: localhost:9092/bootstrap: Connect to ipv4#127.0.0.1:9092 failed: Connection refused (after 0ms in state CONNECT)
2026-09-23 10:21:48,475 [INFO] Produced I5823 | DEL -> CCU | status=DELAYED delay=44min
%3|1790139109.284|FAIL|rdkafka#producer-1| [thrd:localhost:9092/bootstrap]: localhost:9092/bootstrap: Connect to ipv6#[::1]:9092 failed: Connection refused (after 0ms in state CONNECT)
%3|1790139109.340|FAIL|rdkafka#producer-1| [thrd:localhost:9092/bootstrap]: localhost:9092/bootstrap: Connect to ipv4#127.0.0.1:9092 failed: Connection refused (after 0ms in state CONNECT)
2026-09-23 10:21:49,477 [INFO] Produced UK798 | HYD -> CCU | status=ON_TIME delay=0min
%3|1790139110.285|FAIL|rdkafka#producer-1| [thrd:localhost:9092/bootstrap]: localhost:9092/bootstrap: Connect to ipv6#[::1]:9092 failed: Connection refused (after 0ms in state CONNECT)
%3|1790139110.341|FAIL|rdkafka#producer-1| [thrd:localhost:9092/bootstrap]: localhost:9092/bootstrap: Connect to ipv4#127.0.0.1:9092 failed: Connection refused (after 0ms in state CONNECT)
2026-09-23 10:21:50,480 [INFO] Produced SG195 | DEL -> CCU | status=ON_TIME delay=0min
%3|1790139110.877|FAIL|rdkafka#producer-1| [thrd:localhost:9092/bootstrap]: localhost:9092/bootstrap: Connect to ipv6#[::1]:9092 failed: Connection refused (after 1ms in state CONNECT)
%3|1790139111.286|FAIL|rdkafka#producer-1| [thrd:localhost:9092/bootstrap]: localhost:9092/bootstrap: Connect to ipv4#127.0.0.1:9092 failed: Connection refused (after 0ms in state CONNECT)
%3|1790139111.337|FAIL|rdkafka#producer-1| [thrd:localhost:9092/bootstrap]: localhost:9092/bootstrap: Connect to ipv6#[::1]:9092 failed: Connection refused (after 0ms in state CONNECT)
2026-09-23 10:21:51,485 [INFO] Produced SG963 | HYD -> BOM | status=ON_TIME delay=0min
%3|1790139112.292|FAIL|rdkafka#producer-1| [thrd:localhost:9092/bootstrap]: localhost:9092/bootstrap: Connect to ipv4#127.0.0.1:9092 failed: Connection refused (after 0ms in state CONNECT)
%3|1790139112.347|FAIL|rdkafka#producer-1| [thrd:localhost:9092/bootstrap]: localhost:9092/bootstrap: Connect to ipv6#[::1]:9092 failed: Connection refused (after 0ms in state CONNECT)
2026-09-23 10:21:52,491 [INFO] Produced QP503 | HYD -> DEL | status=ON_TIME delay=0min
%3|1790139113.295|FAIL|rdkafka#producer-1| [thrd:localhost:9092/bootstrap]: localhost:9092/bootstrap: Connect to ipv4#127.0.0.1:9092 failed: Connection refused (after 0ms in state CONNECT)
%3|1790139113.349|FAIL|rdkafka#producer-1| [thrd:localhost:9092/bootstrap]: localhost:9092/bootstrap: Connect to ipv6#[::1]:9092 failed: Connection refused (after 0ms in state CONNECT)
2026-09-23 10:21:53,496 [INFO] Produced 6E828 | CCU -> HYD | status=ON_TIME delay=0min
%3|1790139114.301|FAIL|rdkafka#producer-1| [thrd:localhost:9092/bootstrap]: localhost:9092/bootstrap: Connect to ipv4#127.0.0.1:9092 failed: Connection refused (after 0ms in state CONNECT)
%3|1790139114.356|FAIL|rdkafka#producer-1| [thrd:localhost:9092/bootstrap]: localhost:9092/bootstrap: Connect to ipv6#[::1]:9092 failed: Connection refused (after 0ms in state CONNECT)
2026-09-23 10:21:54,502 [INFO] Produced SG360 | BOM -> MAA | status=DELAYED delay=18min
%3|1790139115.306|FAIL|rdkafka#producer-1| [thrd:localhost:9092/bootstrap]: localhost:9092/bootstrap: Connect to ipv4#127.0.0.1:9092 failed: Connection refused (after 0ms in state CONNECT)
%3|1790139115.362|FAIL|rdkafka#producer-1| [thrd:localhost:9092/bootstrap]: localhost:9092/bootstrap: Connect to ipv6#[::1]:9092 failed: Connection refused (after 0ms in state CONNECT)
2026-09-23 10:21:55,507 [INFO] Produced 6E180 | DEL -> BOM | status=ON_TIME delay=0min
%3|1790139116.310|FAIL|rdkafka#producer-1| [thrd:localhost:9092/bootstrap]: localhost:9092/bootstrap: Connect to ipv4#127.0.0.1:9092 failed: Connection refused (after 0ms in state CONNECT)
%3|1790139116.366|FAIL|rdkafka#producer-1| [thrd:localhost:9092/bootstrap]: localhost:9092/bootstrap: Connect to ipv6#[::1]:9092 failed: Connection refused (after 0ms in state CONNECT)
2026-09-23 10:21:56,510 [INFO] Produced AI589 | BOM -> DEL | status=ON_TIME delay=0min
%3|1790139116.898|FAIL|rdkafka#producer-1| [thrd:localhost:9092/bootstrap]: localhost:9092/bootstrap: Connect to ipv4#127.0.0.1:9092 failed: Connection refused (after 0ms in state CONNECT)
%3|1790139117.312|FAIL|rdkafka#producer-1| [thrd:localhost:9092/bootstrap]: localhost:9092/bootstrap: Connect to ipv6#[::1]:9092 failed: Connection refused (after 0ms in state CONNECT)
%3|1790139117.367|FAIL|rdkafka#producer-1| [thrd:localhost:9092/bootstrap]: localhost:9092/bootstrap: Connect to ipv4#127.0.0.1:9092 failed: Connection refused (after 0ms in state CONNECT)
2026-09-23 10:21:57,514 [INFO] Produced QP297 | BOM -> HYD | status=ON_TIME delay=0min
%3|1790139118.317|FAIL|rdkafka#producer-1| [thrd:localhost:9092/bootstrap]: localhost:9092/bootstrap: Connect to ipv6#[::1]:9092 failed: Connection refused (after 0ms in state CONNECT)
%3|1790139118.373|FAIL|rdkafka#producer-1| [thrd:localhost:9092/bootstrap]: localhost:9092/bootstrap: Connect to ipv4#127.0.0.1:9092 failed: Connection refused (after 0ms in state CONNECT)
2026-09-23 10:21:58,518 [INFO] Produced 6E247 | BOM -> BLR | status=ON_TIME delay=0min
%3|1790139119.319|FAIL|rdkafka#producer-1| [thrd:localhost:9092/bootstrap]: localhost:9092/bootstrap: Connect to ipv6#[::1]:9092 failed: Connection refused (after 0ms in state CONNECT)
%3|1790139119.370|FAIL|rdkafka#producer-1| [thrd:localhost:9092/bootstrap]: localhost:9092/bootstrap: Connect to ipv4#127.0.0.1:9092 failed: Connection refused (after 0ms in state CONNECT)
2026-09-23 10:21:59,519 [INFO] Produced AI575 | MAA -> CCU | status=ON_TIME delay=0min
%3|1790139120.324|FAIL|rdkafka#producer-1| [thrd:localhost:9092/bootstrap]: localhost:9092/bootstrap: Connect to ipv6#[::1]:9092 failed: Connection refused (after 0ms in state CONNECT)
%3|1790139120.380|FAIL|rdkafka#producer-1| [thrd:localhost:9092/bootstrap]: localhost:9092/bootstrap: Connect to ipv4#127.0.0.1:9092 failed: Connection refused (after 0ms in state CONNECT)
2026-09-23 10:22:00,524 [INFO] Produced 6E885 | BLR -> CCU | status=ON_TIME delay=0min
%3|1790139120.915|FAIL|rdkafka#producer-1| [thrd:localhost:9092/bootstrap]: localhost:9092/bootstrap: Connect to ipv6#[::1]:9092 failed: Connection refused (after 1ms in state CONNECT)
%3|1790139121.330|FAIL|rdkafka#producer-1| [thrd:localhost:9092/bootstrap]: localhost:9092/bootstrap: Connect to ipv4#127.0.0.1:9092 failed: Connection refused (after 0ms in state CONNECT)
%3|1790139121.384|FAIL|rdkafka#producer-1| [thrd:localhost:9092/bootstrap]: localhost:9092/bootstrap: Connect to ipv6#[::1]:9092 failed: Connection refused (after 0ms in state CONNECT)
2026-09-23 10:22:01,529 [INFO] Produced AI327 | BLR -> BOM | status=DELAYED delay=55min
%3|1790139122.334|FAIL|rdkafka#producer-1| [thrd:localhost:9092/bootstrap]: localhost:9092/bootstrap: Connect to ipv4#127.0.0.1:9092 failed: Connection refused (after 0ms in state CONNECT)
%3|1790139122.390|FAIL|rdkafka#producer-1| [thrd:localhost:9092/bootstrap]: localhost:9092/bootstrap: Connect to ipv6#[::1]:9092 failed: Connection refused (after 0ms in state CONNECT)
2026-09-23 10:22:02,535 [INFO] Produced I5209 | MAA -> HYD | status=ON_TIME delay=0min
%3|1790139123.340|FAIL|rdkafka#producer-1| [thrd:localhost:9092/bootstrap]: localhost:9092/bootstrap: Connect to ipv4#127.0.0.1:9092 failed: Connection refused (after 0ms in state CONNECT)
%3|1790139123.393|FAIL|rdkafka#producer-1| [thrd:localhost:9092/bootstrap]: localhost:9092/bootstrap: Connect to ipv6#[::1]:9092 failed: Connection refused (after 0ms in state CONNECT)
2026-09-23 10:22:03,540 [INFO] Produced UK197 | CCU -> BLR | status=DELAYED delay=8min
%3|1790139123.927|FAIL|rdkafka#producer-1| [thrd:localhost:9092/bootstrap]: localhost:9092/bootstrap: Connect to ipv4#127.0.0.1:9092 failed: Connection refused (after 0ms in state CONNECT)
%3|1790139124.342|FAIL|rdkafka#producer-1| [thrd:localhost:9092/bootstrap]: localhost:9092/bootstrap: Connect to ipv6#[::1]:9092 failed: Connection refused (after 0ms in state CONNECT)
%3|1790139124.399|FAIL|rdkafka#producer-1| [thrd:localhost:9092/bootstrap]: localhost:9092/bootstrap: Connect to ipv4#127.0.0.1:9092 failed: Connection refused (after 0ms in state CONNECT)
2026-09-23 10:22:04,545 [INFO] Produced UK917 | MAA -> BOM | status=DELAYED delay=35min
%3|1790139125.342|FAIL|rdkafka#producer-1| [thrd:localhost:9092/bootstrap]: localhost:9092/bootstrap: Connect to ipv6#[::1]:9092 failed: Connection refused (after 0ms in state CONNECT)
%3|1790139125.397|FAIL|rdkafka#producer-1| [thrd:localhost:9092/bootstrap]: localhost:9092/bootstrap: Connect to ipv4#127.0.0.1:9092 failed: Connection refused (after 0ms in state CONNECT)
%3|1790139125.440|FAIL|rdkafka#producer-1| [thrd:localhost:9092/1]: localhost:9092/1: Connect to ipv4#127.0.0.1:9092 failed: Connection refused (after 0ms in state CONNECT)
2026-09-23 10:22:05,547 [INFO] Produced I5116 | BOM -> CCU | status=ON_TIME delay=0min
%3|1790139126.346|FAIL|rdkafka#producer-1| [thrd:localhost:9092/bootstrap]: localhost:9092/bootstrap: Connect to ipv6#[::1]:9092 failed: Connection refused (after 0ms in state CONNECT)
%3|1790139126.402|FAIL|rdkafka#producer-1| [thrd:localhost:9092/bootstrap]: localhost:9092/bootstrap: Connect to ipv4#127.0.0.1:9092 failed: Connection refused (after 0ms in state CONNECT)
2026-09-23 10:22:06,548 [INFO] Produced 6E387 | HYD -> DEL | status=DELAYED delay=97min
%3|1790139126.939|FAIL|rdkafka#producer-1| [thrd:localhost:9092/bootstrap]: localhost:9092/bootstrap: Connect to ipv6#[::1]:9092 failed: Connection refused (after 0ms in state CONNECT)
%3|1790139127.350|FAIL|rdkafka#producer-1| [thrd:localhost:9092/bootstrap]: localhost:9092/bootstrap: Connect to ipv4#127.0.0.1:9092 failed: Connection refused (after 0ms in state CONNECT)
%3|1790139127.406|FAIL|rdkafka#producer-1| [thrd:localhost:9092/bootstrap]: localhost:9092/bootstrap: Connect to ipv6#[::1]:9092 failed: Connection refused (after 0ms in state CONNECT)
2026-09-23 10:22:07,554 [INFO] Produced UK338 | BOM -> CCU | status=ON_TIME delay=0min
%3|1790139127.944|FAIL|rdkafka#producer-1| [thrd:localhost:9092/bootstrap]: localhost:9092/bootstrap: Connect to ipv4#127.0.0.1:9092 failed: Connection refused (after 0ms in state CONNECT)
%3|1790139128.355|FAIL|rdkafka#producer-1| [thrd:localhost:9092/bootstrap]: localhost:9092/bootstrap: Connect to ipv6#[::1]:9092 failed: Connection refused (after 0ms in state CONNECT)
%3|1790139128.410|FAIL|rdkafka#producer-1| [thrd:localhost:9092/bootstrap]: localhost:9092/bootstrap: Connect to ipv4#127.0.0.1:9092 failed: Connection refused (after 0ms in state CONNECT)
2026-09-23 10:22:08,559 [INFO] Produced SG768 | DEL -> MAA | status=DELAYED delay=103min
%3|1790139128.946|FAIL|rdkafka#producer-1| [thrd:localhost:9092/bootstrap]: localhost:9092/bootstrap: Connect to ipv6#[::1]:9092 failed: Connection refused (after 0ms in state CONNECT)
%3|1790139129.357|FAIL|rdkafka#producer-1| [thrd:localhost:9092/bootstrap]: localhost:9092/bootstrap: Connect to ipv4#127.0.0.1:9092 failed: Connection refused (after 0ms in state CONNECT)
%3|1790139129.413|FAIL|rdkafka#producer-1| [thrd:localhost:9092/bootstrap]: localhost:9092/bootstrap: Connect to ipv6#[::1]:9092 failed: Connection refused (after 0ms in state CONNECT)
2026-09-23 10:22:09,561 [INFO] Produced SG123 | HYD -> BLR | status=ON_TIME delay=0min
%3|1790139129.948|FAIL|rdkafka#producer-1| [thrd:localhost:9092/bootstrap]: localhost:9092/bootstrap: Connect to ipv4#127.0.0.1:9092 failed: Connection refused (after 0ms in state CONNECT)
%3|1790139130.363|FAIL|rdkafka#producer-1| [thrd:localhost:9092/bootstrap]: localhost:9092/bootstrap: Connect to ipv6#[::1]:9092 failed: Connection refused (after 0ms in state CONNECT)
%3|1790139130.414|FAIL|rdkafka#producer-1| [thrd:localhost:9092/bootstrap]: localhost:9092/bootstrap: Connect to ipv4#127.0.0.1:9092 failed: Connection refused (after 0ms in state CONNECT)
2026-09-23 10:22:10,567 [INFO] Produced QP582 | BLR -> HYD | status=DELAYED delay=12min
%3|1790139131.368|FAIL|rdkafka#producer-1| [thrd:localhost:9092/bootstrap]: localhost:9092/bootstrap: Connect to ipv6#[::1]:9092 failed: Connection refused (after 0ms in state CONNECT)
%3|1790139131.424|FAIL|rdkafka#producer-1| [thrd:localhost:9092/bootstrap]: localhost:9092/bootstrap: Connect to ipv4#127.0.0.1:9092 failed: Connection refused (after 0ms in state CONNECT)
2026-09-23 10:22:11,569 [INFO] Produced I5821 | HYD -> BLR | status=ON_TIME delay=0min
%3|1790139131.954|FAIL|rdkafka#producer-1| [thrd:localhost:9092/bootstrap]: localhost:9092/bootstrap: Connect to ipv6#[::1]:9092 failed: Connection refused (after 1ms in state CONNECT)
%3|1790139132.373|FAIL|rdkafka#producer-1| [thrd:localhost:9092/bootstrap]: localhost:9092/bootstrap: Connect to ipv4#127.0.0.1:9092 failed: Connection refused (after 0ms in state CONNECT)
%3|1790139132.429|FAIL|rdkafka#producer-1| [thrd:localhost:9092/bootstrap]: localhost:9092/bootstrap: Connect to ipv6#[::1]:9092 failed: Connection refused (after 0ms in state CONNECT)
2026-09-23 10:22:12,574 [INFO] Produced QP621 | BLR -> CCU | status=ON_TIME delay=0min
%3|1790139132.955|FAIL|rdkafka#producer-1| [thrd:localhost:9092/bootstrap]: localhost:9092/bootstrap: Connect to ipv4#127.0.0.1:9092 failed: Connection refused (after 0ms in state CONNECT)
%3|1790139133.377|FAIL|rdkafka#producer-1| [thrd:localhost:9092/bootstrap]: localhost:9092/bootstrap: Connect to ipv6#[::1]:9092 failed: Connection refused (after 0ms in state CONNECT)
%3|1790139133.433|FAIL|rdkafka#producer-1| [thrd:localhost:9092/bootstrap]: localhost:9092/bootstrap: Connect to ipv4#127.0.0.1:9092 failed: Connection refused (after 0ms in state CONNECT)
2026-09-23 10:22:13,580 [INFO] Produced 6E229 | BLR -> HYD | status=DELAYED delay=33min
%3|1790139134.382|FAIL|rdkafka#producer-1| [thrd:localhost:9092/bootstrap]: localhost:9092/bootstrap: Connect to ipv6#[::1]:9092 failed: Connection refused (after 0ms in state CONNECT)
%3|1790139134.438|FAIL|rdkafka#producer-1| [thrd:localhost:9092/bootstrap]: localhost:9092/bootstrap: Connect to ipv4#127.0.0.1:9092 failed: Connection refused (after 0ms in state CONNECT)
2026-09-23 10:22:14,585 [INFO] Produced QP675 | MAA -> HYD | status=DELAYED delay=108min
%3|1790139134.965|FAIL|rdkafka#producer-1| [thrd:localhost:9092/bootstrap]: localhost:9092/bootstrap: Connect to ipv4#127.0.0.1:9092 failed: Connection refused (after 0ms in state CONNECT, 1 identical error(s) suppressed)
%3|1790139135.387|FAIL|rdkafka#producer-1| [thrd:localhost:9092/bootstrap]: localhost:9092/bootstrap: Connect to ipv6#[::1]:9092 failed: Connection refused (after 0ms in state CONNECT)
%3|1790139135.443|FAIL|rdkafka#producer-1| [thrd:localhost:9092/bootstrap]: localhost:9092/bootstrap: Connect to ipv4#127.0.0.1:9092 failed: Connection refused (after 0ms in state CONNECT)
%3|1790139135.444|FAIL|rdkafka#producer-1| [thrd:localhost:9092/1]: localhost:9092/1: Connect to ipv6#[::1]:9092 failed: Connection refused (after 0ms in state CONNECT)
2026-09-23 10:22:15,590 [INFO] Produced I5892 | BOM -> DEL | status=ON_TIME delay=0min
%3|1790139135.971|FAIL|rdkafka#producer-1| [thrd:localhost:9092/bootstrap]: localhost:9092/bootstrap: Connect to ipv6#[::1]:9092 failed: Connection refused (after 0ms in state CONNECT)
%3|1790139136.392|FAIL|rdkafka#producer-1| [thrd:localhost:9092/bootstrap]: localhost:9092/bootstrap: Connect to ipv4#127.0.0.1:9092 failed: Connection refused (after 0ms in state CONNECT)
%3|1790139136.443|FAIL|rdkafka#producer-1| [thrd:localhost:9092/bootstrap]: localhost:9092/bootstrap: Connect to ipv6#[::1]:9092 failed: Connection refused (after 0ms in state CONNECT)
2026-09-23 10:22:16,594 [INFO] Produced 6E874 | BOM -> HYD | status=DELAYED delay=84min
%3|1790139137.397|FAIL|rdkafka#producer-1| [thrd:localhost:9092/bootstrap]: localhost:9092/bootstrap: Connect to ipv4#127.0.0.1:9092 failed: Connection refused (after 0ms in state CONNECT)
%3|1790139137.453|FAIL|rdkafka#producer-1| [thrd:localhost:9092/bootstrap]: localhost:9092/bootstrap: Connect to ipv6#[::1]:9092 failed: Connection refused (after 0ms in state CONNECT)
2026-09-23 10:22:17,596 [INFO] Produced 6E919 | BOM -> DEL | status=ON_TIME delay=0min
%3|1790139138.401|FAIL|rdkafka#producer-1| [thrd:localhost:9092/bootstrap]: localhost:9092/bootstrap: Connect to ipv4#127.0.0.1:9092 failed: Connection refused (after 0ms in state CONNECT)
%3|1790139138.453|FAIL|rdkafka#producer-1| [thrd:localhost:9092/bootstrap]: localhost:9092/bootstrap: Connect to ipv6#[::1]:9092 failed: Connection refused (after 0ms in state CONNECT)
2026-09-23 10:22:18,601 [INFO] Produced 6E666 | CCU -> HYD | status=DELAYED delay=48min
%3|1790139139.406|FAIL|rdkafka#producer-1| [thrd:localhost:9092/bootstrap]: localhost:9092/bootstrap: Connect to ipv4#127.0.0.1:9092 failed: Connection refused (after 0ms in state CONNECT)
%3|1790139139.462|FAIL|rdkafka#producer-1| [thrd:localhost:9092/bootstrap]: localhost:9092/bootstrap: Connect to ipv6#[::1]:9092 failed: Connection refused (after 0ms in state CONNECT)
2026-09-23 10:22:19,602 [INFO] Produced QP738 | MAA -> CCU | status=DELAYED delay=98min
%3|1790139140.411|FAIL|rdkafka#producer-1| [thrd:localhost:9092/bootstrap]: localhost:9092/bootstrap: Connect to ipv4#127.0.0.1:9092 failed: Connection refused (after 0ms in state CONNECT)
%3|1790139140.467|FAIL|rdkafka#producer-1| [thrd:localhost:9092/bootstrap]: localhost:9092/bootstrap: Connect to ipv6#[::1]:9092 failed: Connection refused (after 0ms in state CONNECT)
2026-09-23 10:22:20,606 [INFO] Produced QP908 | BOM -> CCU | status=ON_TIME delay=0min
%3|1790139140.995|FAIL|rdkafka#producer-1| [thrd:localhost:9092/bootstrap]: localhost:9092/bootstrap: Connect to ipv4#127.0.0.1:9092 failed: Connection refused (after 1ms in state CONNECT)
%3|1790139141.413|FAIL|rdkafka#producer-1| [thrd:localhost:9092/bootstrap]: localhost:9092/bootstrap: Connect to ipv6#[::1]:9092 failed: Connection refused (after 0ms in state CONNECT)
%3|1790139141.468|FAIL|rdkafka#producer-1| [thrd:localhost:9092/bootstrap]: localhost:9092/bootstrap: Connect to ipv4#127.0.0.1:9092 failed: Connection refused (after 0ms in state CONNECT)
2026-09-23 10:22:21,611 [INFO] Produced SG553 | HYD -> MAA | status=DELAYED delay=95min
%3|1790139142.419|FAIL|rdkafka#producer-1| [thrd:localhost:9092/bootstrap]: localhost:9092/bootstrap: Connect to ipv6#[::1]:9092 failed: Connection refused (after 0ms in state CONNECT)
%3|1790139142.475|FAIL|rdkafka#producer-1| [thrd:localhost:9092/bootstrap]: localhost:9092/bootstrap: Connect to ipv4#127.0.0.1:9092 failed: Connection refused (after 0ms in state CONNECT)
2026-09-23 10:22:22,614 [INFO] Produced AI892 | CCU -> BOM | status=DELAYED delay=50min
%3|1790139143.002|FAIL|rdkafka#producer-1| [thrd:localhost:9092/bootstrap]: localhost:9092/bootstrap: Connect to ipv6#[::1]:9092 failed: Connection refused (after 0ms in state CONNECT)
%3|1790139143.424|FAIL|rdkafka#producer-1| [thrd:localhost:9092/bootstrap]: localhost:9092/bootstrap: Connect to ipv4#127.0.0.1:9092 failed: Connection refused (after 0ms in state CONNECT)
%3|1790139143.477|FAIL|rdkafka#producer-1| [thrd:localhost:9092/bootstrap]: localhost:9092/bootstrap: Connect to ipv6#[::1]:9092 failed: Connection refused (after 0ms in state CONNECT)
2026-09-23 10:22:23,615 [INFO] Produced 6E428 | BOM -> CCU | status=ON_TIME delay=0min
%3|1790139144.007|FAIL|rdkafka#producer-1| [thrd:localhost:9092/bootstrap]: localhost:9092/bootstrap: Connect to ipv4#127.0.0.1:9092 failed: Connection refused (after 0ms in state CONNECT)
%3|1790139144.426|FAIL|rdkafka#producer-1| [thrd:localhost:9092/bootstrap]: localhost:9092/bootstrap: Connect to ipv6#[::1]:9092 failed: Connection refused (after 0ms in state CONNECT)
%3|1790139144.477|FAIL|rdkafka#producer-1| [thrd:localhost:9092/bootstrap]: localhost:9092/bootstrap: Connect to ipv4#127.0.0.1:9092 failed: Connection refused (after 0ms in state CONNECT)
2026-09-23 10:22:24,620 [INFO] Produced AI287 | BLR -> CCU | status=ON_TIME delay=0min
%3|1790139145.013|FAIL|rdkafka#producer-1| [thrd:localhost:9092/bootstrap]: localhost:9092/bootstrap: Connect to ipv6#[::1]:9092 failed: Connection refused (after 1ms in state CONNECT)
%3|1790139145.426|FAIL|rdkafka#producer-1| [thrd:localhost:9092/bootstrap]: localhost:9092/bootstrap: Connect to ipv4#127.0.0.1:9092 failed: Connection refused (after 0ms in state CONNECT)
%3|1790139145.445|FAIL|rdkafka#producer-1| [thrd:localhost:9092/1]: localhost:9092/1: Connect to ipv4#127.0.0.1:9092 failed: Connection refused (after 0ms in state CONNECT)
%3|1790139145.481|FAIL|rdkafka#producer-1| [thrd:localhost:9092/bootstrap]: localhost:9092/bootstrap: Connect to ipv6#[::1]:9092 failed: Connection refused (after 0ms in state CONNECT)
2026-09-23 10:22:25,622 [INFO] Produced I5581 | BOM -> MAA | status=ON_TIME delay=0min
%3|1790139146.016|FAIL|rdkafka#producer-1| [thrd:localhost:9092/bootstrap]: localhost:9092/bootstrap: Connect to ipv4#127.0.0.1:9092 failed: Connection refused (after 1ms in state CONNECT)
%3|1790139146.429|FAIL|rdkafka#producer-1| [thrd:localhost:9092/bootstrap]: localhost:9092/bootstrap: Connect to ipv6#[::1]:9092 failed: Connection refused (after 0ms in state CONNECT)
%3|1790139146.484|FAIL|rdkafka#producer-1| [thrd:localhost:9092/bootstrap]: localhost:9092/bootstrap: Connect to ipv4#127.0.0.1:9092 failed: Connection refused (after 0ms in state CONNECT)
2026-09-23 10:22:26,627 [INFO] Produced I5305 | BOM -> DEL | status=DELAYED delay=60min
%3|1790139147.435|FAIL|rdkafka#producer-1| [thrd:localhost:9092/bootstrap]: localhost:9092/bootstrap: Connect to ipv6#[::1]:9092 failed: Connection refused (after 0ms in state CONNECT)
%3|1790139147.491|FAIL|rdkafka#producer-1| [thrd:localhost:9092/bootstrap]: localhost:9092/bootstrap: Connect to ipv4#127.0.0.1:9092 failed: Connection refused (after 0ms in state CONNECT)
2026-09-23 10:22:27,633 [INFO] Produced I5141 | DEL -> CCU | status=ON_TIME delay=0min
%3|1790139148.020|FAIL|rdkafka#producer-1| [thrd:localhost:9092/bootstrap]: localhost:9092/bootstrap: Connect to ipv6#[::1]:9092 failed: Connection refused (after 0ms in state CONNECT)
%3|1790139148.441|FAIL|rdkafka#producer-1| [thrd:localhost:9092/bootstrap]: localhost:9092/bootstrap: Connect to ipv4#127.0.0.1:9092 failed: Connection refused (after 1ms in state CONNECT)
%3|1790139148.497|FAIL|rdkafka#producer-1| [thrd:localhost:9092/bootstrap]: localhost:9092/bootstrap: Connect to ipv6#[::1]:9092 failed: Connection refused (after 0ms in state CONNECT)
2026-09-23 10:22:28,636 [INFO] Produced UK941 | BOM -> BLR | status=DELAYED delay=110min
%3|1790139149.025|FAIL|rdkafka#producer-1| [thrd:localhost:9092/bootstrap]: localhost:9092/bootstrap: Connect to ipv4#127.0.0.1:9092 failed: Connection refused (after 0ms in state CONNECT)
%3|1790139149.444|FAIL|rdkafka#producer-1| [thrd:localhost:9092/bootstrap]: localhost:9092/bootstrap: Connect to ipv6#[::1]:9092 failed: Connection refused (after 0ms in state CONNECT)
%3|1790139149.500|FAIL|rdkafka#producer-1| [thrd:localhost:9092/bootstrap]: localhost:9092/bootstrap: Connect to ipv4#127.0.0.1:9092 failed: Connection refused (after 0ms in state CONNECT)
2026-09-23 10:22:29,639 [INFO] Produced 6E998 | DEL -> MAA | status=ON_TIME delay=0min
%3|1790139150.027|FAIL|rdkafka#producer-1| [thrd:localhost:9092/bootstrap]: localhost:9092/bootstrap: Connect to ipv6#[::1]:9092 failed: Connection refused (after 0ms in state CONNECT)
%3|1790139150.449|FAIL|rdkafka#producer-1| [thrd:localhost:9092/bootstrap]: localhost:9092/bootstrap: Connect to ipv4#127.0.0.1:9092 failed: Connection refused (after 0ms in state CONNECT)
%3|1790139150.503|FAIL|rdkafka#producer-1| [thrd:localhost:9092/bootstrap]: localhost:9092/bootstrap: Connect to ipv6#[::1]:9092 failed: Connection refused (after 0ms in state CONNECT)
2026-09-23 10:22:30,644 [INFO] Produced 6E366 | MAA -> DEL | status=DELAYED delay=77min
%3|1790139151.033|FAIL|rdkafka#producer-1| [thrd:localhost:9092/bootstrap]: localhost:9092/bootstrap: Connect to ipv4#127.0.0.1:9092 failed: Connection refused (after 0ms in state CONNECT)
%3|1790139151.507|FAIL|rdkafka#producer-1| [thrd:localhost:9092/bootstrap]: localhost:9092/bootstrap: Connect to ipv6#[::1]:9092 failed: Connection refused (after 0ms in state CONNECT)
2026-09-23 10:22:31,650 [INFO] Produced UK706 | BOM -> CCU | status=CANCELLED delay=0min
%3|1790139152.034|FAIL|rdkafka#producer-1| [thrd:localhost:9092/bootstrap]: localhost:9092/bootstrap: Connect to ipv4#127.0.0.1:9092 failed: Connection refused (after 0ms in state CONNECT)
%3|1790139152.510|FAIL|rdkafka#producer-1| [thrd:localhost:9092/bootstrap]: localhost:9092/bootstrap: Connect to ipv6#[::1]:9092 failed: Connection refused (after 0ms in state CONNECT)
2026-09-23 10:22:32,655 [INFO] Produced SG841 | MAA -> BLR | status=ON_TIME delay=0min
%3|1790139153.039|FAIL|rdkafka#producer-1| [thrd:localhost:9092/bootstrap]: localhost:9092/bootstrap: Connect to ipv4#127.0.0.1:9092 failed: Connection refused (after 0ms in state CONNECT)
%3|1790139153.456|FAIL|rdkafka#producer-1| [thrd:localhost:9092/bootstrap]: localhost:9092/bootstrap: Connect to ipv6#[::1]:9092 failed: Connection refused (after 0ms in state CONNECT)
%3|1790139153.511|FAIL|rdkafka#producer-1| [thrd:localhost:9092/bootstrap]: localhost:9092/bootstrap: Connect to ipv4#127.0.0.1:9092 failed: Connection refused (after 0ms in state CONNECT)
2026-09-23 10:22:33,661 [INFO] Produced QP540 | CCU -> DEL | status=DELAYED delay=81min
%3|1790139154.044|FAIL|rdkafka#producer-1| [thrd:localhost:9092/bootstrap]: localhost:9092/bootstrap: Connect to ipv6#[::1]:9092 failed: Connection refused (after 0ms in state CONNECT)
%3|1790139154.461|FAIL|rdkafka#producer-1| [thrd:localhost:9092/bootstrap]: localhost:9092/bootstrap: Connect to ipv4#127.0.0.1:9092 failed: Connection refused (after 1ms in state CONNECT)
%3|1790139154.513|FAIL|rdkafka#producer-1| [thrd:localhost:9092/bootstrap]: localhost:9092/bootstrap: Connect to ipv6#[::1]:9092 failed: Connection refused (after 0ms in state CONNECT)
2026-09-23 10:22:34,667 [INFO] Produced I5225 | CCU -> BOM | status=CANCELLED delay=0min
%3|1790139155.046|FAIL|rdkafka#producer-1| [thrd:localhost:9092/bootstrap]: localhost:9092/bootstrap: Connect to ipv4#127.0.0.1:9092 failed: Connection refused (after 0ms in state CONNECT)
%3|1790139155.450|FAIL|rdkafka#producer-1| [thrd:localhost:9092/1]: localhost:9092/1: Connect to ipv4#127.0.0.1:9092 failed: Connection refused (after 0ms in state CONNECT, 1 identical error(s) suppressed)
%3|1790139155.518|FAIL|rdkafka#producer-1| [thrd:localhost:9092/bootstrap]: localhost:9092/bootstrap: Connect to ipv6#[::1]:9092 failed: Connection refused (after 0ms in state CONNECT)
2026-09-23 10:22:35,672 [INFO] Produced SG254 | MAA -> DEL | status=CANCELLED delay=0min
%3|1790139156.051|FAIL|rdkafka#producer-1| [thrd:localhost:9092/bootstrap]: localhost:9092/bootstrap: Connect to ipv4#127.0.0.1:9092 failed: Connection refused (after 0ms in state CONNECT)
%3|1790139156.468|FAIL|rdkafka#producer-1| [thrd:localhost:9092/bootstrap]: localhost:9092/bootstrap: Connect to ipv6#[::1]:9092 failed: Connection refused (after 0ms in state CONNECT)
%3|1790139156.524|FAIL|rdkafka#producer-1| [thrd:localhost:9092/bootstrap]: localhost:9092/bootstrap: Connect to ipv4#127.0.0.1:9092 failed: Connection refused (after 0ms in state CONNECT)
2026-09-23 10:22:36,678 [INFO] Produced I5410 | HYD -> CCU | status=ON_TIME delay=0min
%3|1790139157.053|FAIL|rdkafka#producer-1| [thrd:localhost:9092/bootstrap]: localhost:9092/bootstrap: Connect to ipv6#[::1]:9092 failed: Connection refused (after 0ms in state CONNECT)
%3|1790139157.470|FAIL|rdkafka#producer-1| [thrd:localhost:9092/bootstrap]: localhost:9092/bootstrap: Connect to ipv4#127.0.0.1:9092 failed: Connection refused (after 0ms in state CONNECT)
%3|1790139157.525|FAIL|rdkafka#producer-1| [thrd:localhost:9092/bootstrap]: localhost:9092/bootstrap: Connect to ipv6#[::1]:9092 failed: Connection refused (after 0ms in state CONNECT)
2026-09-23 10:22:37,683 [INFO] Produced I5698 | DEL -> MAA | status=DELAYED delay=16min
%3|1790139158.059|FAIL|rdkafka#producer-1| [thrd:localhost:9092/bootstrap]: localhost:9092/bootstrap: Connect to ipv4#127.0.0.1:9092 failed: Connection refused (after 0ms in state CONNECT)
%3|1790139158.475|FAIL|rdkafka#producer-1| [thrd:localhost:9092/bootstrap]: localhost:9092/bootstrap: Connect to ipv6#[::1]:9092 failed: Connection refused (after 1ms in state CONNECT)
%3|1790139158.531|FAIL|rdkafka#producer-1| [thrd:localhost:9092/bootstrap]: localhost:9092/bootstrap: Connect to ipv4#127.0.0.1:9092 failed: Connection refused (after 0ms in state CONNECT)
2026-09-23 10:22:38,685 [INFO] Produced AI373 | BLR -> DEL | status=ON_TIME delay=0min
%3|1790139159.063|FAIL|rdkafka#producer-1| [thrd:localhost:9092/bootstrap]: localhost:9092/bootstrap: Connect to ipv6#[::1]:9092 failed: Connection refused (after 0ms in state CONNECT)
%3|1790139159.481|FAIL|rdkafka#producer-1| [thrd:localhost:9092/bootstrap]: localhost:9092/bootstrap: Connect to ipv4#127.0.0.1:9092 failed: Connection refused (after 0ms in state CONNECT)
%3|1790139159.535|FAIL|rdkafka#producer-1| [thrd:localhost:9092/bootstrap]: localhost:9092/bootstrap: Connect to ipv6#[::1]:9092 failed: Connection refused (after 0ms in state CONNECT)
2026-09-23 10:22:39,686 [INFO] Produced SG227 | MAA -> BOM | status=DELAYED delay=109min
%3|1790139160.068|FAIL|rdkafka#producer-1| [thrd:localhost:9092/bootstrap]: localhost:9092/bootstrap: Connect to ipv4#127.0.0.1:9092 failed: Connection refused (after 0ms in state CONNECT)
%3|1790139160.541|FAIL|rdkafka#producer-1| [thrd:localhost:9092/bootstrap]: localhost:9092/bootstrap: Connect to ipv6#[::1]:9092 failed: Connection refused (after 0ms in state CONNECT)
2026-09-23 10:22:40,692 [INFO] Produced AI265 | BOM -> CCU | status=ON_TIME delay=0min
%3|1790139161.072|FAIL|rdkafka#producer-1| [thrd:localhost:9092/bootstrap]: localhost:9092/bootstrap: Connect to ipv4#127.0.0.1:9092 failed: Connection refused (after 0ms in state CONNECT)
%3|1790139161.540|FAIL|rdkafka#producer-1| [thrd:localhost:9092/bootstrap]: localhost:9092/bootstrap: Connect to ipv6#[::1]:9092 failed: Connection refused (after 0ms in state CONNECT)
2026-09-23 10:22:41,696 [INFO] Produced 6E857 | CCU -> HYD | status=DELAYED delay=70min
%3|1790139162.078|FAIL|rdkafka#producer-1| [thrd:localhost:9092/bootstrap]: localhost:9092/bootstrap: Connect to ipv4#127.0.0.1:9092 failed: Connection refused (after 0ms in state CONNECT)
%3|1790139162.545|FAIL|rdkafka#producer-1| [thrd:localhost:9092/bootstrap]: localhost:9092/bootstrap: Connect to ipv6#[::1]:9092 failed: Connection refused (after 0ms in state CONNECT)
2026-09-23 10:22:42,701 [INFO] Produced AI427 | BLR -> DEL | status=DELAYED delay=25min
%3|1790139163.079|FAIL|rdkafka#producer-1| [thrd:localhost:9092/bootstrap]: localhost:9092/bootstrap: Connect to ipv4#127.0.0.1:9092 failed: Connection refused (after 0ms in state CONNECT)
%3|1790139163.553|FAIL|rdkafka#producer-1| [thrd:localhost:9092/bootstrap]: localhost:9092/bootstrap: Connect to ipv6#[::1]:9092 failed: Connection refused (after 0ms in state CONNECT)
2026-09-23 10:22:43,707 [INFO] Produced QP767 | BLR -> BOM | status=DELAYED delay=90min
%3|1790139164.084|FAIL|rdkafka#producer-1| [thrd:localhost:9092/bootstrap]: localhost:9092/bootstrap: Connect to ipv4#127.0.0.1:9092 failed: Connection refused (after 0ms in state CONNECT)
%3|1790139164.503|FAIL|rdkafka#producer-1| [thrd:localhost:9092/bootstrap]: localhost:9092/bootstrap: Connect to ipv6#[::1]:9092 failed: Connection refused (after 0ms in state CONNECT)
%3|1790139164.558|FAIL|rdkafka#producer-1| [thrd:localhost:9092/bootstrap]: localhost:9092/bootstrap: Connect to ipv4#127.0.0.1:9092 failed: Connection refused (after 0ms in state CONNECT)
2026-09-23 10:22:44,712 [INFO] Produced AI837 | HYD -> CCU | status=ON_TIME delay=0min
%3|1790139165.087|FAIL|rdkafka#producer-1| [thrd:localhost:9092/bootstrap]: localhost:9092/bootstrap: Connect to ipv6#[::1]:9092 failed: Connection refused (after 0ms in state CONNECT)
%3|1790139165.452|FAIL|rdkafka#producer-1| [thrd:localhost:9092/1]: localhost:9092/1: Connect to ipv6#[::1]:9092 failed: Connection refused (after 1ms in state CONNECT)
%3|1790139165.508|FAIL|rdkafka#producer-1| [thrd:localhost:9092/bootstrap]: localhost:9092/bootstrap: Connect to ipv4#127.0.0.1:9092 failed: Connection refused (after 0ms in state CONNECT)
%3|1790139165.560|FAIL|rdkafka#producer-1| [thrd:localhost:9092/bootstrap]: localhost:9092/bootstrap: Connect to ipv6#[::1]:9092 failed: Connection refused (after 0ms in state CONNECT)
2026-09-23 10:22:45,718 [INFO] Produced SG461 | MAA -> DEL | status=ON_TIME delay=0min
%3|1790139166.089|FAIL|rdkafka#producer-1| [thrd:localhost:9092/bootstrap]: localhost:9092/bootstrap: Connect to ipv4#127.0.0.1:9092 failed: Connection refused (after 0ms in state CONNECT)
%3|1790139166.519|FAIL|rdkafka#producer-1| [thrd:localhost:9092/bootstrap]: localhost:9092/bootstrap: Connect to ipv4#127.0.0.1:9092 failed: Connection refused (after 0ms in state CONNECT, 1 identical error(s) suppressed)
%3|1790139166.579|FAIL|rdkafka#producer-1| [thrd:localhost:9092/bootstrap]: localhost:9092/bootstrap: Connect to ipv6#[::1]:9092 failed: Connection refused (after 0ms in state CONNECT)
2026-09-23 10:22:46,723 [INFO] Produced I5431 | DEL -> MAA | status=DELAYED delay=117min
%3|1790139167.099|FAIL|rdkafka#producer-1| [thrd:localhost:9092/bootstrap]: localhost:9092/bootstrap: Connect to ipv4#127.0.0.1:9092 failed: Connection refused (after 0ms in state CONNECT)
%3|1790139167.529|FAIL|rdkafka#producer-1| [thrd:localhost:9092/bootstrap]: localhost:9092/bootstrap: Connect to ipv6#[::1]:9092 failed: Connection refused (after 1ms in state CONNECT)
%3|1790139167.590|FAIL|rdkafka#producer-1| [thrd:localhost:9092/bootstrap]: localhost:9092/bootstrap: Connect to ipv4#127.0.0.1:9092 failed: Connection refused (after 0ms in state CONNECT)
2026-09-23 10:22:47,733 [INFO] Produced UK172 | HYD -> CCU | status=ON_TIME delay=0min
%3|1790139168.106|FAIL|rdkafka#producer-1| [thrd:localhost:9092/bootstrap]: localhost:9092/bootstrap: Connect to ipv6#[::1]:9092 failed: Connection refused (after 0ms in state CONNECT)
%3|1790139168.598|FAIL|rdkafka#producer-1| [thrd:localhost:9092/bootstrap]: localhost:9092/bootstrap: Connect to ipv4#127.0.0.1:9092 failed: Connection refused (after 0ms in state CONNECT)
2026-09-23 10:22:48,744 [INFO] Produced QP771 | MAA -> HYD | status=DELAYED delay=78min
%3|1790139169.117|FAIL|rdkafka#producer-1| [thrd:localhost:9092/bootstrap]: localhost:9092/bootstrap: Connect to ipv6#[::1]:9092 failed: Connection refused (after 0ms in state CONNECT)
%3|1790139169.592|FAIL|rdkafka#producer-1| [thrd:localhost:9092/bootstrap]: localhost:9092/bootstrap: Connect to ipv4#127.0.0.1:9092 failed: Connection refused (after 0ms in state CONNECT)
2026-09-23 10:22:49,745 [INFO] Produced SG428 | HYD -> CCU | status=DELAYED delay=63min
%3|1790139170.128|FAIL|rdkafka#producer-1| [thrd:localhost:9092/bootstrap]: localhost:9092/bootstrap: Connect to ipv6#[::1]:9092 failed: Connection refused (after 0ms in state CONNECT)
%3|1790139170.543|FAIL|rdkafka#producer-1| [thrd:localhost:9092/bootstrap]: localhost:9092/bootstrap: Connect to ipv4#127.0.0.1:9092 failed: Connection refused (after 0ms in state CONNECT)
%3|1790139170.593|FAIL|rdkafka#producer-1| [thrd:localhost:9092/bootstrap]: localhost:9092/bootstrap: Connect to ipv6#[::1]:9092 failed: Connection refused (after 0ms in state CONNECT)
2026-09-23 10:22:50,756 [INFO] Produced UK362 | BOM -> DEL | status=DELAYED delay=36min
%3|1790139171.134|FAIL|rdkafka#producer-1| [thrd:localhost:9092/bootstrap]: localhost:9092/bootstrap: Connect to ipv4#127.0.0.1:9092 failed: Connection refused (after 0ms in state CONNECT)
%3|1790139171.553|FAIL|rdkafka#producer-1| [thrd:localhost:9092/bootstrap]: localhost:9092/bootstrap: Connect to ipv6#[::1]:9092 failed: Connection refused (after 0ms in state CONNECT)
%3|1790139171.606|FAIL|rdkafka#producer-1| [thrd:localhost:9092/bootstrap]: localhost:9092/bootstrap: Connect to ipv4#127.0.0.1:9092 failed: Connection refused (after 0ms in state CONNECT)
2026-09-23 10:32:46,885 [INFO] Produced AI507 | HYD -> BOM | status=ON_TIME delay=0min
%3|1790139767.145|FAIL|rdkafka#producer-1| [thrd:localhost:9092/bootstrap]: localhost:9092/bootstrap: Connect to ipv4#127.0.0.1:9092 failed: Connection refused (after 0ms in state CONNECT, 1 identical error(s) suppressed)
%3|1790139767.205|FAIL|rdkafka#producer-1| [thrd:localhost:9092/bootstrap]: localhost:9092/bootstrap: Connect to ipv6#[::1]:9092 failed: Connection refused (after 0ms in state CONNECT)
2026-09-23 10:32:47,895 [INFO] Produced 6E863 | MAA -> BLR | status=ON_TIME delay=0min
%3|1790139768.213|FAIL|rdkafka#producer-1| [thrd:localhost:9092/bootstrap]: localhost:9092/bootstrap: Connect to ipv4#127.0.0.1:9092 failed: Connection refused (after 0ms in state CONNECT)
2026-09-23 10:32:48,902 [INFO] Produced I5641 | HYD -> DEL | status=DELAYED delay=76min
%3|1790139769.157|FAIL|rdkafka#producer-1| [thrd:localhost:9092/bootstrap]: localhost:9092/bootstrap: Connect to ipv6#[::1]:9092 failed: Connection refused (after 1ms in state CONNECT)
%3|1790139769.218|FAIL|rdkafka#producer-1| [thrd:localhost:9092/bootstrap]: localhost:9092/bootstrap: Connect to ipv4#127.0.0.1:9092 failed: Connection refused (after 0ms in state CONNECT)
2026-09-23 10:32:49,908 [INFO] Produced AI168 | MAA -> CCU | status=ON_TIME delay=0min
%3|1790139770.160|FAIL|rdkafka#producer-1| [thrd:localhost:9092/bootstrap]: localhost:9092/bootstrap: Connect to ipv6#[::1]:9092 failed: Connection refused (after 1ms in state CONNECT)
%3|1790139770.221|FAIL|rdkafka#producer-1| [thrd:localhost:9092/bootstrap]: localhost:9092/bootstrap: Connect to ipv4#127.0.0.1:9092 failed: Connection refused (after 0ms in state CONNECT)
%3|1790139770.466|FAIL|rdkafka#producer-1| [thrd:localhost:9092/1]: localhost:9092/1: Connect to ipv4#127.0.0.1:9092 failed: Connection refused (after 0ms in state CONNECT)
%3|1790139770.729|FAIL|rdkafka#producer-1| [thrd:localhost:9092/1]: localhost:9092/1: Connect to ipv6#[::1]:9092 failed: Connection refused (after 0ms in state CONNECT)
2026-09-23 10:32:50,917 [ERROR] Delivery failed for record b'AI969': KafkaError{code=_MSG_TIMED_OUT,val=-192,str="Local: Message timed out"}
2026-09-23 10:32:50,921 [ERROR] Delivery failed for record b'6E928': KafkaError{code=_MSG_TIMED_OUT,val=-192,str="Local: Message timed out"}
2026-09-23 10:32:50,921 [ERROR] Delivery failed for record b'SG902': KafkaError{code=_MSG_TIMED_OUT,val=-192,str="Local: Message timed out"}
2026-09-23 10:32:50,921 [ERROR] Delivery failed for record b'AI238': KafkaError{code=_MSG_TIMED_OUT,val=-192,str="Local: Message timed out"}
2026-09-23 10:32:50,921 [ERROR] Delivery failed for record b'AI884': KafkaError{code=_MSG_TIMED_OUT,val=-192,str="Local: Message timed out"}
2026-09-23 10:32:50,921 [ERROR] Delivery failed for record b'AI862': KafkaError{code=_MSG_TIMED_OUT,val=-192,str="Local: Message timed out"}
2026-09-23 10:32:50,921 [ERROR] Delivery failed for record b'SG777': KafkaError{code=_MSG_TIMED_OUT,val=-192,str="Local: Message timed out"}
2026-09-23 10:32:50,921 [ERROR] Delivery failed for record b'I5687': KafkaError{code=_MSG_TIMED_OUT,val=-192,str="Local: Message timed out"}
2026-09-23 10:32:50,921 [ERROR] Delivery failed for record b'6E261': KafkaError{code=_MSG_TIMED_OUT,val=-192,str="Local: Message timed out"}
2026-09-23 10:32:50,921 [ERROR] Delivery failed for record b'AI319': KafkaError{code=_MSG_TIMED_OUT,val=-192,str="Local: Message timed out"}
2026-09-23 10:32:50,921 [ERROR] Delivery failed for record b'UK408': KafkaError{code=_MSG_TIMED_OUT,val=-192,str="Local: Message timed out"}
2026-09-23 10:32:50,921 [ERROR] Delivery failed for record b'I5340': KafkaError{code=_MSG_TIMED_OUT,val=-192,str="Local: Message timed out"}
2026-09-23 10:32:50,921 [ERROR] Delivery failed for record b'6E391': KafkaError{code=_MSG_TIMED_OUT,val=-192,str="Local: Message timed out"}
2026-09-23 10:32:50,921 [ERROR] Delivery failed for record b'6E747': KafkaError{code=_MSG_TIMED_OUT,val=-192,str="Local: Message timed out"}
2026-09-23 10:32:50,921 [ERROR] Delivery failed for record b'I5621': KafkaError{code=_MSG_TIMED_OUT,val=-192,str="Local: Message timed out"}
2026-09-23 10:32:50,921 [ERROR] Delivery failed for record b'I5696': KafkaError{code=_MSG_TIMED_OUT,val=-192,str="Local: Message timed out"}
2026-09-23 10:32:50,921 [ERROR] Delivery failed for record b'SG184': KafkaError{code=_MSG_TIMED_OUT,val=-192,str="Local: Message timed out"}
2026-09-23 10:32:50,921 [ERROR] Delivery failed for record b'AI487': KafkaError{code=_MSG_TIMED_OUT,val=-192,str="Local: Message timed out"}
2026-09-23 10:32:50,921 [ERROR] Delivery failed for record b'AI985': KafkaError{code=_MSG_TIMED_OUT,val=-192,str="Local: Message timed out"}
2026-09-23 10:32:50,921 [ERROR] Delivery failed for record b'6E106': KafkaError{code=_MSG_TIMED_OUT,val=-192,str="Local: Message timed out"}
2026-09-23 10:32:50,921 [ERROR] Delivery failed for record b'QP396': KafkaError{code=_MSG_TIMED_OUT,val=-192,str="Local: Message timed out"}
2026-09-23 10:32:50,921 [ERROR] Delivery failed for record b'SG608': KafkaError{code=_MSG_TIMED_OUT,val=-192,str="Local: Message timed out"}
2026-09-23 10:32:50,921 [ERROR] Delivery failed for record b'SG423': KafkaError{code=_MSG_TIMED_OUT,val=-192,str="Local: Message timed out"}
2026-09-23 10:32:50,921 [ERROR] Delivery failed for record b'QP194': KafkaError{code=_MSG_TIMED_OUT,val=-192,str="Local: Message timed out"}
2026-09-23 10:32:50,921 [ERROR] Delivery failed for record b'I5117': KafkaError{code=_MSG_TIMED_OUT,val=-192,str="Local: Message timed out"}
2026-09-23 10:32:50,921 [ERROR] Delivery failed for record b'AI287': KafkaError{code=_MSG_TIMED_OUT,val=-192,str="Local: Message timed out"}
2026-09-23 10:32:50,921 [ERROR] Delivery failed for record b'AI925': KafkaError{code=_MSG_TIMED_OUT,val=-192,str="Local: Message timed out"}
2026-09-23 10:32:50,921 [ERROR] Delivery failed for record b'AI373': KafkaError{code=_MSG_TIMED_OUT,val=-192,str="Local: Message timed out"}
2026-09-23 10:32:50,921 [ERROR] Delivery failed for record b'UK273': KafkaError{code=_MSG_TIMED_OUT,val=-192,str="Local: Message timed out"}
2026-09-23 10:32:50,922 [ERROR] Delivery failed for record b'UK798': KafkaError{code=_MSG_TIMED_OUT,val=-192,str="Local: Message timed out"}
2026-09-23 10:32:50,922 [ERROR] Delivery failed for record b'I5662': KafkaError{code=_MSG_TIMED_OUT,val=-192,str="Local: Message timed out"}
2026-09-23 10:32:50,922 [ERROR] Delivery failed for record b'SG145': KafkaError{code=_MSG_TIMED_OUT,val=-192,str="Local: Message timed out"}
2026-09-23 10:32:50,922 [ERROR] Delivery failed for record b'QP130': KafkaError{code=_MSG_TIMED_OUT,val=-192,str="Local: Message timed out"}
2026-09-23 10:32:50,922 [ERROR] Delivery failed for record b'SG701': KafkaError{code=_MSG_TIMED_OUT,val=-192,str="Local: Message timed out"}
2026-09-23 10:32:50,922 [ERROR] Delivery failed for record b'SG540': KafkaError{code=_MSG_TIMED_OUT,val=-192,str="Local: Message timed out"}
2026-09-23 10:32:50,922 [ERROR] Delivery failed for record b'SG740': KafkaError{code=_MSG_TIMED_OUT,val=-192,str="Local: Message timed out"}
2026-09-23 10:32:50,922 [ERROR] Delivery failed for record b'I5635': KafkaError{code=_MSG_TIMED_OUT,val=-192,str="Local: Message timed out"}
2026-09-23 10:32:50,922 [ERROR] Delivery failed for record b'UK726': KafkaError{code=_MSG_TIMED_OUT,val=-192,str="Local: Message timed out"}
2026-09-23 10:32:50,922 [ERROR] Delivery failed for record b'SG897': KafkaError{code=_MSG_TIMED_OUT,val=-192,str="Local: Message timed out"}
2026-09-23 10:32:50,922 [ERROR] Delivery failed for record b'AI246': KafkaError{code=_MSG_TIMED_OUT,val=-192,str="Local: Message timed out"}
2026-09-23 10:32:50,922 [ERROR] Delivery failed for record b'AI353': KafkaError{code=_MSG_TIMED_OUT,val=-192,str="Local: Message timed out"}
2026-09-23 10:32:50,922 [ERROR] Delivery failed for record b'UK364': KafkaError{code=_MSG_TIMED_OUT,val=-192,str="Local: Message timed out"}
2026-09-23 10:32:50,922 [ERROR] Delivery failed for record b'AI984': KafkaError{code=_MSG_TIMED_OUT,val=-192,str="Local: Message timed out"}
2026-09-23 10:32:50,922 [ERROR] Delivery failed for record b'6E255': KafkaError{code=_MSG_TIMED_OUT,val=-192,str="Local: Message timed out"}
2026-09-23 10:32:50,922 [ERROR] Delivery failed for record b'I5784': KafkaError{code=_MSG_TIMED_OUT,val=-192,str="Local: Message timed out"}
2026-09-23 10:32:50,922 [ERROR] Delivery failed for record b'UK271': KafkaError{code=_MSG_TIMED_OUT,val=-192,str="Local: Message timed out"}
2026-09-23 10:32:50,922 [ERROR] Delivery failed for record b'6E540': KafkaError{code=_MSG_TIMED_OUT,val=-192,str="Local: Message timed out"}
2026-09-23 10:32:50,922 [ERROR] Delivery failed for record b'AI946': KafkaError{code=_MSG_TIMED_OUT,val=-192,str="Local: Message timed out"}
2026-09-23 10:32:50,922 [ERROR] Delivery failed for record b'6E285': KafkaError{code=_MSG_TIMED_OUT,val=-192,str="Local: Message timed out"}
2026-09-23 10:32:50,922 [ERROR] Delivery failed for record b'UK509': KafkaError{code=_MSG_TIMED_OUT,val=-192,str="Local: Message timed out"}
2026-09-23 10:32:50,922 [ERROR] Delivery failed for record b'6E447': KafkaError{code=_MSG_TIMED_OUT,val=-192,str="Local: Message timed out"}
2026-09-23 10:32:50,922 [ERROR] Delivery failed for record b'I5470': KafkaError{code=_MSG_TIMED_OUT,val=-192,str="Local: Message timed out"}
2026-09-23 10:32:50,922 [ERROR] Delivery failed for record b'AI528': KafkaError{code=_MSG_TIMED_OUT,val=-192,str="Local: Message timed out"}
2026-09-23 10:32:50,922 [ERROR] Delivery failed for record b'6E476': KafkaError{code=_MSG_TIMED_OUT,val=-192,str="Local: Message timed out"}
2026-09-23 10:32:50,922 [ERROR] Delivery failed for record b'I5586': KafkaError{code=_MSG_TIMED_OUT,val=-192,str="Local: Message timed out"}
2026-09-23 10:32:50,922 [ERROR] Delivery failed for record b'SG895': KafkaError{code=_MSG_TIMED_OUT,val=-192,str="Local: Message timed out"}
2026-09-23 10:32:50,922 [ERROR] Delivery failed for record b'AI636': KafkaError{code=_MSG_TIMED_OUT,val=-192,str="Local: Message timed out"}
2026-09-23 10:32:50,922 [ERROR] Delivery failed for record b'UK973': KafkaError{code=_MSG_TIMED_OUT,val=-192,str="Local: Message timed out"}
2026-09-23 10:32:50,922 [ERROR] Delivery failed for record b'I5110': KafkaError{code=_MSG_TIMED_OUT,val=-192,str="Local: Message timed out"}
2026-09-23 10:32:50,922 [ERROR] Delivery failed for record b'AI292': KafkaError{code=_MSG_TIMED_OUT,val=-192,str="Local: Message timed out"}
2026-09-23 10:32:50,922 [ERROR] Delivery failed for record b'I5346': KafkaError{code=_MSG_TIMED_OUT,val=-192,str="Local: Message timed out"}
2026-09-23 10:32:50,922 [ERROR] Delivery failed for record b'6E768': KafkaError{code=_MSG_TIMED_OUT,val=-192,str="Local: Message timed out"}
2026-09-23 10:32:50,922 [ERROR] Delivery failed for record b'I5484': KafkaError{code=_MSG_TIMED_OUT,val=-192,str="Local: Message timed out"}
2026-09-23 10:32:50,922 [ERROR] Delivery failed for record b'SG330': KafkaError{code=_MSG_TIMED_OUT,val=-192,str="Local: Message timed out"}
2026-09-23 10:32:50,922 [ERROR] Delivery failed for record b'6E207': KafkaError{code=_MSG_TIMED_OUT,val=-192,str="Local: Message timed out"}
2026-09-23 10:32:50,922 [ERROR] Delivery failed for record b'6E287': KafkaError{code=_MSG_TIMED_OUT,val=-192,str="Local: Message timed out"}
2026-09-23 10:32:50,922 [ERROR] Delivery failed for record b'6E125': KafkaError{code=_MSG_TIMED_OUT,val=-192,str="Local: Message timed out"}
2026-09-23 10:32:50,922 [ERROR] Delivery failed for record b'6E190': KafkaError{code=_MSG_TIMED_OUT,val=-192,str="Local: Message timed out"}
2026-09-23 10:32:50,922 [ERROR] Delivery failed for record b'6E692': KafkaError{code=_MSG_TIMED_OUT,val=-192,str="Local: Message timed out"}
2026-09-23 10:32:50,922 [ERROR] Delivery failed for record b'6E504': KafkaError{code=_MSG_TIMED_OUT,val=-192,str="Local: Message timed out"}
2026-09-23 10:32:50,922 [ERROR] Delivery failed for record b'SG207': KafkaError{code=_MSG_TIMED_OUT,val=-192,str="Local: Message timed out"}
2026-09-23 10:32:50,923 [ERROR] Delivery failed for record b'SG196': KafkaError{code=_MSG_TIMED_OUT,val=-192,str="Local: Message timed out"}
2026-09-23 10:32:50,923 [ERROR] Delivery failed for record b'6E249': KafkaError{code=_MSG_TIMED_OUT,val=-192,str="Local: Message timed out"}
2026-09-23 10:32:50,923 [ERROR] Delivery failed for record b'AI118': KafkaError{code=_MSG_TIMED_OUT,val=-192,str="Local: Message timed out"}
2026-09-23 10:32:50,923 [ERROR] Delivery failed for record b'AI199': KafkaError{code=_MSG_TIMED_OUT,val=-192,str="Local: Message timed out"}
2026-09-23 10:32:50,923 [ERROR] Delivery failed for record b'QP988': KafkaError{code=_MSG_TIMED_OUT,val=-192,str="Local: Message timed out"}
2026-09-23 10:32:50,923 [ERROR] Delivery failed for record b'QP518': KafkaError{code=_MSG_TIMED_OUT,val=-192,str="Local: Message timed out"}
2026-09-23 10:32:50,923 [ERROR] Delivery failed for record b'QP566': KafkaError{code=_MSG_TIMED_OUT,val=-192,str="Local: Message timed out"}
2026-09-23 10:32:50,923 [ERROR] Delivery failed for record b'UK178': KafkaError{code=_MSG_TIMED_OUT,val=-192,str="Local: Message timed out"}
2026-09-23 10:32:50,923 [ERROR] Delivery failed for record b'I5123': KafkaError{code=_MSG_TIMED_OUT,val=-192,str="Local: Message timed out"}
2026-09-23 10:32:50,923 [ERROR] Delivery failed for record b'6E181': KafkaError{code=_MSG_TIMED_OUT,val=-192,str="Local: Message timed out"}
2026-09-23 10:32:50,923 [ERROR] Delivery failed for record b'I5468': KafkaError{code=_MSG_TIMED_OUT,val=-192,str="Local: Message timed out"}
2026-09-23 10:32:50,923 [ERROR] Delivery failed for record b'6E820': KafkaError{code=_MSG_TIMED_OUT,val=-192,str="Local: Message timed out"}
2026-09-23 10:32:50,923 [ERROR] Delivery failed for record b'I5510': KafkaError{code=_MSG_TIMED_OUT,val=-192,str="Local: Message timed out"}
2026-09-23 10:32:50,923 [ERROR] Delivery failed for record b'UK503': KafkaError{code=_MSG_TIMED_OUT,val=-192,str="Local: Message timed out"}
2026-09-23 10:32:50,923 [ERROR] Delivery failed for record b'UK289': KafkaError{code=_MSG_TIMED_OUT,val=-192,str="Local: Message timed out"}
2026-09-23 10:32:50,923 [ERROR] Delivery failed for record b'6E326': KafkaError{code=_MSG_TIMED_OUT,val=-192,str="Local: Message timed out"}
2026-09-23 10:32:50,923 [ERROR] Delivery failed for record b'AI596': KafkaError{code=_MSG_TIMED_OUT,val=-192,str="Local: Message timed out"}
2026-09-23 10:32:50,923 [ERROR] Delivery failed for record b'QP220': KafkaError{code=_MSG_TIMED_OUT,val=-192,str="Local: Message timed out"}
2026-09-23 10:32:50,923 [ERROR] Delivery failed for record b'QP480': KafkaError{code=_MSG_TIMED_OUT,val=-192,str="Local: Message timed out"}
2026-09-23 10:32:50,923 [ERROR] Delivery failed for record b'AI541': KafkaError{code=_MSG_TIMED_OUT,val=-192,str="Local: Message timed out"}
2026-09-23 10:32:50,923 [ERROR] Delivery failed for record b'UK514': KafkaError{code=_MSG_TIMED_OUT,val=-192,str="Local: Message timed out"}
2026-09-23 10:32:50,923 [ERROR] Delivery failed for record b'UK244': KafkaError{code=_MSG_TIMED_OUT,val=-192,str="Local: Message timed out"}
2026-09-23 10:32:50,923 [ERROR] Delivery failed for record b'SG578': KafkaError{code=_MSG_TIMED_OUT,val=-192,str="Local: Message timed out"}
2026-09-23 10:32:50,923 [ERROR] Delivery failed for record b'6E669': KafkaError{code=_MSG_TIMED_OUT,val=-192,str="Local: Message timed out"}
2026-09-23 10:32:50,923 [ERROR] Delivery failed for record b'UK957': KafkaError{code=_MSG_TIMED_OUT,val=-192,str="Local: Message timed out"}
2026-09-23 10:32:50,923 [ERROR] Delivery failed for record b'UK931': KafkaError{code=_MSG_TIMED_OUT,val=-192,str="Local: Message timed out"}
2026-09-23 10:32:50,923 [ERROR] Delivery failed for record b'QP302': KafkaError{code=_MSG_TIMED_OUT,val=-192,str="Local: Message timed out"}
2026-09-23 10:32:50,923 [ERROR] Delivery failed for record b'I5178': KafkaError{code=_MSG_TIMED_OUT,val=-192,str="Local: Message timed out"}
2026-09-23 10:32:50,923 [ERROR] Delivery failed for record b'SG306': KafkaError{code=_MSG_TIMED_OUT,val=-192,str="Local: Message timed out"}
2026-09-23 10:32:50,923 [ERROR] Delivery failed for record b'I5268': KafkaError{code=_MSG_TIMED_OUT,val=-192,str="Local: Message timed out"}
2026-09-23 10:32:50,923 [ERROR] Delivery failed for record b'SG284': KafkaError{code=_MSG_TIMED_OUT,val=-192,str="Local: Message timed out"}
2026-09-23 10:32:50,923 [ERROR] Delivery failed for record b'QP304': KafkaError{code=_MSG_TIMED_OUT,val=-192,str="Local: Message timed out"}
2026-09-23 10:32:50,923 [ERROR] Delivery failed for record b'I5448': KafkaError{code=_MSG_TIMED_OUT,val=-192,str="Local: Message timed out"}
2026-09-23 10:32:50,923 [ERROR] Delivery failed for record b'UK882': KafkaError{code=_MSG_TIMED_OUT,val=-192,str="Local: Message timed out"}
2026-09-23 10:32:50,923 [ERROR] Delivery failed for record b'AI365': KafkaError{code=_MSG_TIMED_OUT,val=-192,str="Local: Message timed out"}
2026-09-23 10:32:50,923 [ERROR] Delivery failed for record b'I5672': KafkaError{code=_MSG_TIMED_OUT,val=-192,str="Local: Message timed out"}
2026-09-23 10:32:50,923 [ERROR] Delivery failed for record b'UK759': KafkaError{code=_MSG_TIMED_OUT,val=-192,str="Local: Message timed out"}
2026-09-23 10:32:50,923 [ERROR] Delivery failed for record b'UK172': KafkaError{code=_MSG_TIMED_OUT,val=-192,str="Local: Message timed out"}
2026-09-23 10:32:50,923 [ERROR] Delivery failed for record b'QP626': KafkaError{code=_MSG_TIMED_OUT,val=-192,str="Local: Message timed out"}
2026-09-23 10:32:50,923 [ERROR] Delivery failed for record b'I5838': KafkaError{code=_MSG_TIMED_OUT,val=-192,str="Local: Message timed out"}
2026-09-23 10:32:50,923 [ERROR] Delivery failed for record b'QP117': KafkaError{code=_MSG_TIMED_OUT,val=-192,str="Local: Message timed out"}
2026-09-23 10:32:50,923 [ERROR] Delivery failed for record b'UK706': KafkaError{code=_MSG_TIMED_OUT,val=-192,str="Local: Message timed out"}
2026-09-23 10:32:50,924 [ERROR] Delivery failed for record b'SG593': KafkaError{code=_MSG_TIMED_OUT,val=-192,str="Local: Message timed out"}
2026-09-23 10:32:50,924 [ERROR] Delivery failed for record b'I5338': KafkaError{code=_MSG_TIMED_OUT,val=-192,str="Local: Message timed out"}
2026-09-23 10:32:50,924 [ERROR] Delivery failed for record b'I5495': KafkaError{code=_MSG_TIMED_OUT,val=-192,str="Local: Message timed out"}
2026-09-23 10:32:50,924 [ERROR] Delivery failed for record b'I5472': KafkaError{code=_MSG_TIMED_OUT,val=-192,str="Local: Message timed out"}
2026-09-23 10:32:50,924 [ERROR] Delivery failed for record b'QP949': KafkaError{code=_MSG_TIMED_OUT,val=-192,str="Local: Message timed out"}
2026-09-23 10:32:50,924 [ERROR] Delivery failed for record b'QP618': KafkaError{code=_MSG_TIMED_OUT,val=-192,str="Local: Message timed out"}
2026-09-23 10:32:50,924 [ERROR] Delivery failed for record b'QP293': KafkaError{code=_MSG_TIMED_OUT,val=-192,str="Local: Message timed out"}
2026-09-23 10:32:50,924 [ERROR] Delivery failed for record b'I5845': KafkaError{code=_MSG_TIMED_OUT,val=-192,str="Local: Message timed out"}
2026-09-23 10:32:50,924 [ERROR] Delivery failed for record b'SG254': KafkaError{code=_MSG_TIMED_OUT,val=-192,str="Local: Message timed out"}
2026-09-23 10:32:50,924 [ERROR] Delivery failed for record b'UK708': KafkaError{code=_MSG_TIMED_OUT,val=-192,str="Local: Message timed out"}
2026-09-23 10:32:50,924 [ERROR] Delivery failed for record b'6E706': KafkaError{code=_MSG_TIMED_OUT,val=-192,str="Local: Message timed out"}
2026-09-23 10:32:50,924 [ERROR] Delivery failed for record b'6E615': KafkaError{code=_MSG_TIMED_OUT,val=-192,str="Local: Message timed out"}
2026-09-23 10:32:50,924 [ERROR] Delivery failed for record b'UK646': KafkaError{code=_MSG_TIMED_OUT,val=-192,str="Local: Message timed out"}
2026-09-23 10:32:50,924 [ERROR] Delivery failed for record b'6E399': KafkaError{code=_MSG_TIMED_OUT,val=-192,str="Local: Message timed out"}
2026-09-23 10:32:50,924 [ERROR] Delivery failed for record b'SG577': KafkaError{code=_MSG_TIMED_OUT,val=-192,str="Local: Message timed out"}
2026-09-23 10:32:50,924 [ERROR] Delivery failed for record b'AI758': KafkaError{code=_MSG_TIMED_OUT,val=-192,str="Local: Message timed out"}
2026-09-23 10:32:50,924 [ERROR] Delivery failed for record b'AI836': KafkaError{code=_MSG_TIMED_OUT,val=-192,str="Local: Message timed out"}
2026-09-23 10:32:50,924 [ERROR] Delivery failed for record b'QP252': KafkaError{code=_MSG_TIMED_OUT,val=-192,str="Local: Message timed out"}
2026-09-23 10:32:50,924 [ERROR] Delivery failed for record b'6E673': KafkaError{code=_MSG_TIMED_OUT,val=-192,str="Local: Message timed out"}
2026-09-23 10:32:50,924 [ERROR] Delivery failed for record b'6E560': KafkaError{code=_MSG_TIMED_OUT,val=-192,str="Local: Message timed out"}
2026-09-23 10:32:50,924 [ERROR] Delivery failed for record b'UK251': KafkaError{code=_MSG_TIMED_OUT,val=-192,str="Local: Message timed out"}
2026-09-23 10:32:50,924 [ERROR] Delivery failed for record b'AI585': KafkaError{code=_MSG_TIMED_OUT,val=-192,str="Local: Message timed out"}
2026-09-23 10:32:50,924 [ERROR] Delivery failed for record b'SG240': KafkaError{code=_MSG_TIMED_OUT,val=-192,str="Local: Message timed out"}
2026-09-23 10:32:50,924 [ERROR] Delivery failed for record b'I5534': KafkaError{code=_MSG_TIMED_OUT,val=-192,str="Local: Message timed out"}
2026-09-23 10:32:50,924 [ERROR] Delivery failed for record b'I5270': KafkaError{code=_MSG_TIMED_OUT,val=-192,str="Local: Message timed out"}
2026-09-23 10:32:50,924 [ERROR] Delivery failed for record b'UK909': KafkaError{code=_MSG_TIMED_OUT,val=-192,str="Local: Message timed out"}
2026-09-23 10:32:50,924 [ERROR] Delivery failed for record b'6E964': KafkaError{code=_MSG_TIMED_OUT,val=-192,str="Local: Message timed out"}
2026-09-23 10:32:50,924 [ERROR] Delivery failed for record b'AI945': KafkaError{code=_MSG_TIMED_OUT,val=-192,str="Local: Message timed out"}
2026-09-23 10:32:50,924 [ERROR] Delivery failed for record b'AI863': KafkaError{code=_MSG_TIMED_OUT,val=-192,str="Local: Message timed out"}
2026-09-23 10:32:50,924 [ERROR] Delivery failed for record b'UK194': KafkaError{code=_MSG_TIMED_OUT,val=-192,str="Local: Message timed out"}
2026-09-23 10:32:50,924 [ERROR] Delivery failed for record b'QP740': KafkaError{code=_MSG_TIMED_OUT,val=-192,str="Local: Message timed out"}
2026-09-23 10:32:50,924 [ERROR] Delivery failed for record b'SG154': KafkaError{code=_MSG_TIMED_OUT,val=-192,str="Local: Message timed out"}
2026-09-23 10:32:50,924 [ERROR] Delivery failed for record b'UK714': KafkaError{code=_MSG_TIMED_OUT,val=-192,str="Local: Message timed out"}
2026-09-23 10:32:50,924 [ERROR] Delivery failed for record b'AI889': KafkaError{code=_MSG_TIMED_OUT,val=-192,str="Local: Message timed out"}
2026-09-23 10:32:50,924 [ERROR] Delivery failed for record b'UK266': KafkaError{code=_MSG_TIMED_OUT,val=-192,str="Local: Message timed out"}
2026-09-23 10:32:50,924 [ERROR] Delivery failed for record b'I5994': KafkaError{code=_MSG_TIMED_OUT,val=-192,str="Local: Message timed out"}
2026-09-23 10:32:50,924 [ERROR] Delivery failed for record b'SG354': KafkaError{code=_MSG_TIMED_OUT,val=-192,str="Local: Message timed out"}
2026-09-23 10:32:50,924 [ERROR] Delivery failed for record b'SG236': KafkaError{code=_MSG_TIMED_OUT,val=-192,str="Local: Message timed out"}
2026-09-23 10:32:50,924 [ERROR] Delivery failed for record b'SG773': KafkaError{code=_MSG_TIMED_OUT,val=-192,str="Local: Message timed out"}
2026-09-23 10:32:50,924 [ERROR] Delivery failed for record b'6E947': KafkaError{code=_MSG_TIMED_OUT,val=-192,str="Local: Message timed out"}
2026-09-23 10:32:50,924 [ERROR] Delivery failed for record b'UK267': KafkaError{code=_MSG_TIMED_OUT,val=-192,str="Local: Message timed out"}
2026-09-23 10:32:50,924 [ERROR] Delivery failed for record b'SG623': KafkaError{code=_MSG_TIMED_OUT,val=-192,str="Local: Message timed out"}
2026-09-23 10:32:50,924 [ERROR] Delivery failed for record b'I5132': KafkaError{code=_MSG_TIMED_OUT,val=-192,str="Local: Message timed out"}
2026-09-23 10:32:50,925 [ERROR] Delivery failed for record b'6E430': KafkaError{code=_MSG_TIMED_OUT,val=-192,str="Local: Message timed out"}
2026-09-23 10:32:50,925 [ERROR] Delivery failed for record b'AI703': KafkaError{code=_MSG_TIMED_OUT,val=-192,str="Local: Message timed out"}
2026-09-23 10:32:50,925 [ERROR] Delivery failed for record b'I5153': KafkaError{code=_MSG_TIMED_OUT,val=-192,str="Local: Message timed out"}
2026-09-23 10:32:50,925 [ERROR] Delivery failed for record b'I5306': KafkaError{code=_MSG_TIMED_OUT,val=-192,str="Local: Message timed out"}
2026-09-23 10:32:50,925 [ERROR] Delivery failed for record b'6E977': KafkaError{code=_MSG_TIMED_OUT,val=-192,str="Local: Message timed out"}
2026-09-23 10:32:50,925 [ERROR] Delivery failed for record b'QP363': KafkaError{code=_MSG_TIMED_OUT,val=-192,str="Local: Message timed out"}
2026-09-23 10:32:50,925 [ERROR] Delivery failed for record b'I5972': KafkaError{code=_MSG_TIMED_OUT,val=-192,str="Local: Message timed out"}
2026-09-23 10:32:50,925 [ERROR] Delivery failed for record b'UK151': KafkaError{code=_MSG_TIMED_OUT,val=-192,str="Local: Message timed out"}
2026-09-23 10:32:50,925 [ERROR] Delivery failed for record b'SG633': KafkaError{code=_MSG_TIMED_OUT,val=-192,str="Local: Message timed out"}
2026-09-23 10:32:50,925 [ERROR] Delivery failed for record b'AI296': KafkaError{code=_MSG_TIMED_OUT,val=-192,str="Local: Message timed out"}
2026-09-23 10:32:50,925 [ERROR] Delivery failed for record b'I5812': KafkaError{code=_MSG_TIMED_OUT,val=-192,str="Local: Message timed out"}
2026-09-23 10:32:50,925 [ERROR] Delivery failed for record b'I5193': KafkaError{code=_MSG_TIMED_OUT,val=-192,str="Local: Message timed out"}
2026-09-23 10:32:50,925 [ERROR] Delivery failed for record b'QP679': KafkaError{code=_MSG_TIMED_OUT,val=-192,str="Local: Message timed out"}
2026-09-23 10:32:50,925 [ERROR] Delivery failed for record b'AI647': KafkaError{code=_MSG_TIMED_OUT,val=-192,str="Local: Message timed out"}
2026-09-23 10:32:50,925 [ERROR] Delivery failed for record b'AI670': KafkaError{code=_MSG_TIMED_OUT,val=-192,str="Local: Message timed out"}
2026-09-23 10:32:50,925 [ERROR] Delivery failed for record b'6E841': KafkaError{code=_MSG_TIMED_OUT,val=-192,str="Local: Message timed out"}
2026-09-23 10:32:50,925 [ERROR] Delivery failed for record b'SG406': KafkaError{code=_MSG_TIMED_OUT,val=-192,str="Local: Message timed out"}
2026-09-23 10:32:50,925 [ERROR] Delivery failed for record b'QP300': KafkaError{code=_MSG_TIMED_OUT,val=-192,str="Local: Message timed out"}
2026-09-23 10:32:50,925 [ERROR] Delivery failed for record b'I5579': KafkaError{code=_MSG_TIMED_OUT,val=-192,str="Local: Message timed out"}
2026-09-23 10:32:50,925 [ERROR] Delivery failed for record b'I5874': KafkaError{code=_MSG_TIMED_OUT,val=-192,str="Local: Message timed out"}
2026-09-23 10:32:50,925 [ERROR] Delivery failed for record b'I5823': KafkaError{code=_MSG_TIMED_OUT,val=-192,str="Local: Message timed out"}
2026-09-23 10:32:50,925 [ERROR] Delivery failed for record b'UK798': KafkaError{code=_MSG_TIMED_OUT,val=-192,str="Local: Message timed out"}
2026-09-23 10:32:50,925 [ERROR] Delivery failed for record b'SG195': KafkaError{code=_MSG_TIMED_OUT,val=-192,str="Local: Message timed out"}
2026-09-23 10:32:50,925 [ERROR] Delivery failed for record b'SG963': KafkaError{code=_MSG_TIMED_OUT,val=-192,str="Local: Message timed out"}
2026-09-23 10:32:50,925 [ERROR] Delivery failed for record b'QP503': KafkaError{code=_MSG_TIMED_OUT,val=-192,str="Local: Message timed out"}
2026-09-23 10:32:50,925 [ERROR] Delivery failed for record b'6E828': KafkaError{code=_MSG_TIMED_OUT,val=-192,str="Local: Message timed out"}
2026-09-23 10:32:50,925 [ERROR] Delivery failed for record b'SG360': KafkaError{code=_MSG_TIMED_OUT,val=-192,str="Local: Message timed out"}
2026-09-23 10:32:50,925 [ERROR] Delivery failed for record b'6E180': KafkaError{code=_MSG_TIMED_OUT,val=-192,str="Local: Message timed out"}
2026-09-23 10:32:50,925 [ERROR] Delivery failed for record b'AI589': KafkaError{code=_MSG_TIMED_OUT,val=-192,str="Local: Message timed out"}
2026-09-23 10:32:50,925 [ERROR] Delivery failed for record b'QP297': KafkaError{code=_MSG_TIMED_OUT,val=-192,str="Local: Message timed out"}
2026-09-23 10:32:50,925 [ERROR] Delivery failed for record b'6E247': KafkaError{code=_MSG_TIMED_OUT,val=-192,str="Local: Message timed out"}
2026-09-23 10:32:50,925 [ERROR] Delivery failed for record b'AI575': KafkaError{code=_MSG_TIMED_OUT,val=-192,str="Local: Message timed out"}
2026-09-23 10:32:50,925 [ERROR] Delivery failed for record b'6E885': KafkaError{code=_MSG_TIMED_OUT,val=-192,str="Local: Message timed out"}
2026-09-23 10:32:50,925 [ERROR] Delivery failed for record b'AI327': KafkaError{code=_MSG_TIMED_OUT,val=-192,str="Local: Message timed out"}
2026-09-23 10:32:50,925 [ERROR] Delivery failed for record b'I5209': KafkaError{code=_MSG_TIMED_OUT,val=-192,str="Local: Message timed out"}
2026-09-23 10:32:50,925 [ERROR] Delivery failed for record b'UK197': KafkaError{code=_MSG_TIMED_OUT,val=-192,str="Local: Message timed out"}
2026-09-23 10:32:50,925 [ERROR] Delivery failed for record b'UK917': KafkaError{code=_MSG_TIMED_OUT,val=-192,str="Local: Message timed out"}
2026-09-23 10:32:50,925 [ERROR] Delivery failed for record b'I5116': KafkaError{code=_MSG_TIMED_OUT,val=-192,str="Local: Message timed out"}
2026-09-23 10:32:50,925 [ERROR] Delivery failed for record b'6E387': KafkaError{code=_MSG_TIMED_OUT,val=-192,str="Local: Message timed out"}
2026-09-23 10:32:50,925 [ERROR] Delivery failed for record b'UK338': KafkaError{code=_MSG_TIMED_OUT,val=-192,str="Local: Message timed out"}
2026-09-23 10:32:50,925 [ERROR] Delivery failed for record b'SG768': KafkaError{code=_MSG_TIMED_OUT,val=-192,str="Local: Message timed out"}
2026-09-23 10:32:50,925 [ERROR] Delivery failed for record b'SG123': KafkaError{code=_MSG_TIMED_OUT,val=-192,str="Local: Message timed out"}
2026-09-23 10:32:50,925 [ERROR] Delivery failed for record b'QP582': KafkaError{code=_MSG_TIMED_OUT,val=-192,str="Local: Message timed out"}
2026-09-23 10:32:50,925 [ERROR] Delivery failed for record b'I5821': KafkaError{code=_MSG_TIMED_OUT,val=-192,str="Local: Message timed out"}
2026-09-23 10:32:50,925 [ERROR] Delivery failed for record b'QP621': KafkaError{code=_MSG_TIMED_OUT,val=-192,str="Local: Message timed out"}
2026-09-23 10:32:50,925 [ERROR] Delivery failed for record b'6E229': KafkaError{code=_MSG_TIMED_OUT,val=-192,str="Local: Message timed out"}
2026-09-23 10:32:50,925 [ERROR] Delivery failed for record b'QP675': KafkaError{code=_MSG_TIMED_OUT,val=-192,str="Local: Message timed out"}
2026-09-23 10:32:50,925 [ERROR] Delivery failed for record b'I5892': KafkaError{code=_MSG_TIMED_OUT,val=-192,str="Local: Message timed out"}
2026-09-23 10:32:50,926 [ERROR] Delivery failed for record b'6E874': KafkaError{code=_MSG_TIMED_OUT,val=-192,str="Local: Message timed out"}
2026-09-23 10:32:50,926 [ERROR] Delivery failed for record b'6E919': KafkaError{code=_MSG_TIMED_OUT,val=-192,str="Local: Message timed out"}
2026-09-23 10:32:50,926 [ERROR] Delivery failed for record b'6E666': KafkaError{code=_MSG_TIMED_OUT,val=-192,str="Local: Message timed out"}
2026-09-23 10:32:50,926 [ERROR] Delivery failed for record b'QP738': KafkaError{code=_MSG_TIMED_OUT,val=-192,str="Local: Message timed out"}
2026-09-23 10:32:50,926 [ERROR] Delivery failed for record b'QP908': KafkaError{code=_MSG_TIMED_OUT,val=-192,str="Local: Message timed out"}
2026-09-23 10:32:50,926 [ERROR] Delivery failed for record b'SG553': KafkaError{code=_MSG_TIMED_OUT,val=-192,str="Local: Message timed out"}
2026-09-23 10:32:50,926 [ERROR] Delivery failed for record b'AI892': KafkaError{code=_MSG_TIMED_OUT,val=-192,str="Local: Message timed out"}
2026-09-23 10:32:50,926 [ERROR] Delivery failed for record b'6E428': KafkaError{code=_MSG_TIMED_OUT,val=-192,str="Local: Message timed out"}
2026-09-23 10:32:50,926 [ERROR] Delivery failed for record b'AI287': KafkaError{code=_MSG_TIMED_OUT,val=-192,str="Local: Message timed out"}
2026-09-23 10:32:50,926 [ERROR] Delivery failed for record b'I5581': KafkaError{code=_MSG_TIMED_OUT,val=-192,str="Local: Message timed out"}
2026-09-23 10:32:50,926 [ERROR] Delivery failed for record b'I5305': KafkaError{code=_MSG_TIMED_OUT,val=-192,str="Local: Message timed out"}
2026-09-23 10:32:50,926 [ERROR] Delivery failed for record b'I5141': KafkaError{code=_MSG_TIMED_OUT,val=-192,str="Local: Message timed out"}
2026-09-23 10:32:50,926 [ERROR] Delivery failed for record b'UK941': KafkaError{code=_MSG_TIMED_OUT,val=-192,str="Local: Message timed out"}
2026-09-23 10:32:50,926 [ERROR] Delivery failed for record b'6E998': KafkaError{code=_MSG_TIMED_OUT,val=-192,str="Local: Message timed out"}
2026-09-23 10:32:50,926 [ERROR] Delivery failed for record b'6E366': KafkaError{code=_MSG_TIMED_OUT,val=-192,str="Local: Message timed out"}
2026-09-23 10:32:50,926 [ERROR] Delivery failed for record b'UK706': KafkaError{code=_MSG_TIMED_OUT,val=-192,str="Local: Message timed out"}
2026-09-23 10:32:50,926 [ERROR] Delivery failed for record b'SG841': KafkaError{code=_MSG_TIMED_OUT,val=-192,str="Local: Message timed out"}
2026-09-23 10:32:50,926 [ERROR] Delivery failed for record b'QP540': KafkaError{code=_MSG_TIMED_OUT,val=-192,str="Local: Message timed out"}
2026-09-23 10:32:50,926 [ERROR] Delivery failed for record b'I5225': KafkaError{code=_MSG_TIMED_OUT,val=-192,str="Local: Message timed out"}
2026-09-23 10:32:50,926 [ERROR] Delivery failed for record b'SG254': KafkaError{code=_MSG_TIMED_OUT,val=-192,str="Local: Message timed out"}
2026-09-23 10:32:50,926 [ERROR] Delivery failed for record b'I5410': KafkaError{code=_MSG_TIMED_OUT,val=-192,str="Local: Message timed out"}
2026-09-23 10:32:50,926 [ERROR] Delivery failed for record b'I5698': KafkaError{code=_MSG_TIMED_OUT,val=-192,str="Local: Message timed out"}
2026-09-23 10:32:50,926 [ERROR] Delivery failed for record b'AI373': KafkaError{code=_MSG_TIMED_OUT,val=-192,str="Local: Message timed out"}
2026-09-23 10:32:50,926 [ERROR] Delivery failed for record b'SG227': KafkaError{code=_MSG_TIMED_OUT,val=-192,str="Local: Message timed out"}
2026-09-23 10:32:50,926 [ERROR] Delivery failed for record b'AI265': KafkaError{code=_MSG_TIMED_OUT,val=-192,str="Local: Message timed out"}
2026-09-23 10:32:50,926 [ERROR] Delivery failed for record b'6E857': KafkaError{code=_MSG_TIMED_OUT,val=-192,str="Local: Message timed out"}
2026-09-23 10:32:50,926 [ERROR] Delivery failed for record b'AI427': KafkaError{code=_MSG_TIMED_OUT,val=-192,str="Local: Message timed out"}
2026-09-23 10:32:50,926 [ERROR] Delivery failed for record b'QP767': KafkaError{code=_MSG_TIMED_OUT,val=-192,str="Local: Message timed out"}
2026-09-23 10:32:50,926 [ERROR] Delivery failed for record b'AI837': KafkaError{code=_MSG_TIMED_OUT,val=-192,str="Local: Message timed out"}
2026-09-23 10:32:50,926 [ERROR] Delivery failed for record b'SG461': KafkaError{code=_MSG_TIMED_OUT,val=-192,str="Local: Message timed out"}
2026-09-23 10:32:50,926 [ERROR] Delivery failed for record b'I5431': KafkaError{code=_MSG_TIMED_OUT,val=-192,str="Local: Message timed out"}
2026-09-23 10:32:50,926 [ERROR] Delivery failed for record b'UK172': KafkaError{code=_MSG_TIMED_OUT,val=-192,str="Local: Message timed out"}
2026-09-23 10:32:50,926 [ERROR] Delivery failed for record b'QP771': KafkaError{code=_MSG_TIMED_OUT,val=-192,str="Local: Message timed out"}
2026-09-23 10:32:50,926 [ERROR] Delivery failed for record b'SG428': KafkaError{code=_MSG_TIMED_OUT,val=-192,str="Local: Message timed out"}
2026-09-23 10:32:50,926 [ERROR] Delivery failed for record b'UK362': KafkaError{code=_MSG_TIMED_OUT,val=-192,str="Local: Message timed out"}
2026-09-23 10:32:50,926 [INFO] Produced AI842 | HYD -> BLR | status=DELAYED delay=109min
%3|1790139771.171|FAIL|rdkafka#producer-1| [thrd:localhost:9092/bootstrap]: localhost:9092/bootstrap: Connect to ipv6#[::1]:9092 failed: Connection refused (after 0ms in state CONNECT)
%3|1790139771.216|FAIL|rdkafka#producer-1| [thrd:localhost:9092/1]: localhost:9092/1: Connect to ipv4#127.0.0.1:9092 failed: Connection refused (after 0ms in state CONNECT)
%3|1790139771.231|FAIL|rdkafka#producer-1| [thrd:localhost:9092/bootstrap]: localhost:9092/bootstrap: Connect to ipv4#127.0.0.1:9092 failed: Connection refused (after 0ms in state CONNECT)
2026-09-23 10:32:51,937 [INFO] Produced I5524 | BOM -> DEL | status=ON_TIME delay=0min
%3|1790139772.173|FAIL|rdkafka#producer-1| [thrd:localhost:9092/bootstrap]: localhost:9092/bootstrap: Connect to ipv6#[::1]:9092 failed: Connection refused (after 0ms in state CONNECT)
%3|1790139772.233|FAIL|rdkafka#producer-1| [thrd:localhost:9092/bootstrap]: localhost:9092/bootstrap: Connect to ipv4#127.0.0.1:9092 failed: Connection refused (after 0ms in state CONNECT)
2026-09-23 10:32:52,940 [INFO] Produced I5219 | BLR -> HYD | status=ON_TIME delay=0min
%3|1790139773.173|FAIL|rdkafka#producer-1| [thrd:localhost:9092/1]: localhost:9092/1: Connect to ipv4#127.0.0.1:9092 failed: Connection refused (after 0ms in state CONNECT, 1 identical error(s) suppressed)
%3|1790139773.175|FAIL|rdkafka#producer-1| [thrd:localhost:9092/bootstrap]: localhost:9092/bootstrap: Connect to ipv6#[::1]:9092 failed: Connection refused (after 0ms in state CONNECT)
%3|1790139773.236|FAIL|rdkafka#producer-1| [thrd:localhost:9092/bootstrap]: localhost:9092/bootstrap: Connect to ipv4#127.0.0.1:9092 failed: Connection refused (after 0ms in state CONNECT)
2026-09-23 10:32:53,949 [INFO] Produced QP234 | BLR -> MAA | status=DELAYED delay=102min
%3|1790139774.177|FAIL|rdkafka#producer-1| [thrd:localhost:9092/bootstrap]: localhost:9092/bootstrap: Connect to ipv6#[::1]:9092 failed: Connection refused (after 0ms in state CONNECT)
%3|1790139774.237|FAIL|rdkafka#producer-1| [thrd:localhost:9092/bootstrap]: localhost:9092/bootstrap: Connect to ipv4#127.0.0.1:9092 failed: Connection refused (after 0ms in state CONNECT)
2026-09-23 10:32:54,958 [INFO] Produced QP944 | BOM -> HYD | status=ON_TIME delay=0min
%3|1790139775.240|FAIL|rdkafka#producer-1| [thrd:localhost:9092/bootstrap]: localhost:9092/bootstrap: Connect to ipv6#[::1]:9092 failed: Connection refused (after 0ms in state CONNECT)
2026-09-23 10:32:55,969 [INFO] Produced AI778 | BOM -> HYD | status=ON_TIME delay=0min
%3|1790139776.179|FAIL|rdkafka#producer-1| [thrd:localhost:9092/bootstrap]: localhost:9092/bootstrap: Connect to ipv4#127.0.0.1:9092 failed: Connection refused (after 0ms in state CONNECT)
2026-09-23 10:32:56,978 [INFO] Produced I5222 | MAA -> HYD | status=DELAYED delay=24min
%3|1790140792.890|FAIL|rdkafka#producer-1| [thrd:localhost:9092/bootstrap]: localhost:9092/bootstrap: Connect to ipv6#[::1]:9092 failed: Connection refused (after 3ms in state CONNECT)
%3|1790140792.938|FAIL|rdkafka#producer-1| [thrd:localhost:9092/bootstrap]: localhost:9092/bootstrap: Connect to ipv4#127.0.0.1:9092 failed: Connection refused (after 0ms in state CONNECT)
2026-09-23 10:49:53,494 [ERROR] Delivery failed for record b'I5641': KafkaError{code=_MSG_TIMED_OUT,val=-192,str="Local: Message timed out"}
2026-09-23 10:49:53,494 [ERROR] Delivery failed for record b'AI168': KafkaError{code=_MSG_TIMED_OUT,val=-192,str="Local: Message timed out"}
2026-09-23 10:49:53,494 [ERROR] Delivery failed for record b'AI842': KafkaError{code=_MSG_TIMED_OUT,val=-192,str="Local: Message timed out"}
2026-09-23 10:49:53,494 [ERROR] Delivery failed for record b'I5524': KafkaError{code=_MSG_TIMED_OUT,val=-192,str="Local: Message timed out"}
2026-09-23 10:49:53,494 [ERROR] Delivery failed for record b'I5219': KafkaError{code=_MSG_TIMED_OUT,val=-192,str="Local: Message timed out"}
2026-09-23 10:49:53,494 [ERROR] Delivery failed for record b'QP234': KafkaError{code=_MSG_TIMED_OUT,val=-192,str="Local: Message timed out"}
2026-09-23 10:49:53,494 [ERROR] Delivery failed for record b'QP944': KafkaError{code=_MSG_TIMED_OUT,val=-192,str="Local: Message timed out"}
2026-09-23 10:49:53,494 [ERROR] Delivery failed for record b'AI778': KafkaError{code=_MSG_TIMED_OUT,val=-192,str="Local: Message timed out"}
2026-09-23 10:49:53,494 [ERROR] Delivery failed for record b'I5222': KafkaError{code=_MSG_TIMED_OUT,val=-192,str="Local: Message timed out"}
2026-09-23 10:49:53,494 [INFO] Produced UK186 | BOM -> DEL | status=ON_TIME delay=0min
%3|1790140793.895|FAIL|rdkafka#producer-1| [thrd:localhost:9092/bootstrap]: localhost:9092/bootstrap: Connect to ipv4#127.0.0.1:9092 failed: Connection refused (after 0ms in state CONNECT, 1 identical error(s) suppressed)
%3|1790140793.946|FAIL|rdkafka#producer-1| [thrd:localhost:9092/bootstrap]: localhost:9092/bootstrap: Connect to ipv6#[::1]:9092 failed: Connection refused (after 0ms in state CONNECT)
2026-09-23 10:49:54,495 [INFO] Produced QP824 | MAA -> CCU | status=DELAYED delay=48min
%3|1790140794.961|FAIL|rdkafka#producer-1| [thrd:localhost:9092/bootstrap]: localhost:9092/bootstrap: Connect to ipv4#127.0.0.1:9092 failed: Connection refused (after 0ms in state CONNECT)
2026-09-23 10:49:55,505 [INFO] Produced QP751 | DEL -> MAA | status=ON_TIME delay=0min
%3|1790140795.911|FAIL|rdkafka#producer-1| [thrd:localhost:9092/bootstrap]: localhost:9092/bootstrap: Connect to ipv6#[::1]:9092 failed: Connection refused (after 0ms in state CONNECT)
%3|1790140795.963|FAIL|rdkafka#producer-1| [thrd:localhost:9092/bootstrap]: localhost:9092/bootstrap: Connect to ipv4#127.0.0.1:9092 failed: Connection refused (after 0ms in state CONNECT)
2026-09-23 10:49:56,514 [INFO] Produced AI326 | HYD -> CCU | status=DELAYED delay=11min
%3|1790140796.916|FAIL|rdkafka#producer-1| [thrd:localhost:9092/bootstrap]: localhost:9092/bootstrap: Connect to ipv6#[::1]:9092 failed: Connection refused (after 0ms in state CONNECT)
%3|1790140796.976|FAIL|rdkafka#producer-1| [thrd:localhost:9092/bootstrap]: localhost:9092/bootstrap: Connect to ipv4#127.0.0.1:9092 failed: Connection refused (after 0ms in state CONNECT)
2026-09-23 10:49:57,523 [INFO] Produced UK734 | MAA -> BLR | status=ON_TIME delay=0min
%3|1790140797.926|FAIL|rdkafka#producer-1| [thrd:localhost:9092/bootstrap]: localhost:9092/bootstrap: Connect to ipv6#[::1]:9092 failed: Connection refused (after 0ms in state CONNECT)
%3|1790141722.881|FAIL|rdkafka#producer-1| [thrd:localhost:9092/bootstrap]: localhost:9092/bootstrap: Connect to ipv4#127.0.0.1:9092 failed: Connection refused (after 1ms in state CONNECT)
%3|1790141722.941|FAIL|rdkafka#producer-1| [thrd:localhost:9092/bootstrap]: localhost:9092/bootstrap: Connect to ipv6#[::1]:9092 failed: Connection refused (after 0ms in state CONNECT)
2026-09-23 11:05:23,250 [ERROR] Delivery failed for record b'UK186': KafkaError{code=_MSG_TIMED_OUT,val=-192,str="Local: Message timed out"}
2026-09-23 11:05:23,250 [ERROR] Delivery failed for record b'QP824': KafkaError{code=_MSG_TIMED_OUT,val=-192,str="Local: Message timed out"}
2026-09-23 11:05:23,250 [ERROR] Delivery failed for record b'QP751': KafkaError{code=_MSG_TIMED_OUT,val=-192,str="Local: Message timed out"}
2026-09-23 11:05:23,250 [ERROR] Delivery failed for record b'AI326': KafkaError{code=_MSG_TIMED_OUT,val=-192,str="Local: Message timed out"}
2026-09-23 11:05:23,250 [ERROR] Delivery failed for record b'UK734': KafkaError{code=_MSG_TIMED_OUT,val=-192,str="Local: Message timed out"}
2026-09-23 11:05:23,250 [INFO] Produced AI348 | MAA -> BOM | status=DELAYED delay=67min
%3|1790141723.891|FAIL|rdkafka#producer-1| [thrd:localhost:9092/bootstrap]: localhost:9092/bootstrap: Connect to ipv4#127.0.0.1:9092 failed: Connection refused (after 0ms in state CONNECT)
%3|1790141723.951|FAIL|rdkafka#producer-1| [thrd:localhost:9092/bootstrap]: localhost:9092/bootstrap: Connect to ipv6#[::1]:9092 failed: Connection refused (after 0ms in state CONNECT)
2026-09-23 11:05:24,261 [INFO] Produced 6E608 | CCU -> BOM | status=ON_TIME delay=0min
%3|1790141724.901|FAIL|rdkafka#producer-1| [thrd:localhost:9092/bootstrap]: localhost:9092/bootstrap: Connect to ipv4#127.0.0.1:9092 failed: Connection refused (after 1ms in state CONNECT)
%3|1790141724.961|FAIL|rdkafka#producer-1| [thrd:localhost:9092/bootstrap]: localhost:9092/bootstrap: Connect to ipv6#[::1]:9092 failed: Connection refused (after 0ms in state CONNECT)
2026-09-23 11:05:25,265 [INFO] Produced 6E912 | BLR -> HYD | status=ON_TIME delay=0min
%3|1790141725.905|FAIL|rdkafka#producer-1| [thrd:localhost:9092/bootstrap]: localhost:9092/bootstrap: Connect to ipv4#127.0.0.1:9092 failed: Connection refused (after 0ms in state CONNECT)
%3|1790141725.966|FAIL|rdkafka#producer-1| [thrd:localhost:9092/bootstrap]: localhost:9092/bootstrap: Connect to ipv6#[::1]:9092 failed: Connection refused (after 0ms in state CONNECT)
2026-09-23 11:05:26,276 [INFO] Produced 6E108 | DEL -> CCU | status=ON_TIME delay=0min
%3|1790141726.495|FAIL|rdkafka#producer-1| [thrd:localhost:9092/1]: localhost:9092/1: Connect to ipv4#127.0.0.1:9092 failed: Connection refused (after 0ms in state CONNECT, 2 identical error(s) suppressed)
%3|1790141726.908|FAIL|rdkafka#producer-1| [thrd:localhost:9092/bootstrap]: localhost:9092/bootstrap: Connect to ipv6#[::1]:9092 failed: Connection refused (after 0ms in state CONNECT, 1 identical error(s) suppressed)
%3|1790141726.961|FAIL|rdkafka#producer-1| [thrd:localhost:9092/bootstrap]: localhost:9092/bootstrap: Connect to ipv4#127.0.0.1:9092 failed: Connection refused (after 0ms in state CONNECT)
2026-09-23 11:05:27,285 [ERROR] Delivery failed for record b'AI507': KafkaError{code=_MSG_TIMED_OUT,val=-192,str="Local: Message timed out"}
2026-09-23 11:05:27,286 [ERROR] Delivery failed for record b'6E863': KafkaError{code=_MSG_TIMED_OUT,val=-192,str="Local: Message timed out"}
2026-09-23 11:05:27,286 [INFO] Produced AI548 | CCU -> BOM | status=ON_TIME delay=0min
%3|1790141727.912|FAIL|rdkafka#producer-1| [thrd:localhost:9092/1]: localhost:9092/1: Connect to ipv6#[::1]:9092 failed: Connection refused (after 0ms in state CONNECT)
%3|1790142709.887|FAIL|rdkafka#producer-1| [thrd:localhost:9092/bootstrap]: localhost:9092/bootstrap: Connect to ipv6#[::1]:9092 failed: Connection refused (after 3ms in state CONNECT)
%3|1790142709.934|FAIL|rdkafka#producer-1| [thrd:localhost:9092/bootstrap]: localhost:9092/bootstrap: Connect to ipv4#127.0.0.1:9092 failed: Connection refused (after 0ms in state CONNECT)
2026-09-23 11:21:50,039 [ERROR] Delivery failed for record b'AI348': KafkaError{code=_MSG_TIMED_OUT,val=-192,str="Local: Message timed out"}
2026-09-23 11:21:50,039 [ERROR] Delivery failed for record b'6E608': KafkaError{code=_MSG_TIMED_OUT,val=-192,str="Local: Message timed out"}
2026-09-23 11:21:50,039 [ERROR] Delivery failed for record b'6E912': KafkaError{code=_MSG_TIMED_OUT,val=-192,str="Local: Message timed out"}
2026-09-23 11:21:50,039 [ERROR] Delivery failed for record b'6E108': KafkaError{code=_MSG_TIMED_OUT,val=-192,str="Local: Message timed out"}
2026-09-23 11:21:50,039 [ERROR] Delivery failed for record b'AI548': KafkaError{code=_MSG_TIMED_OUT,val=-192,str="Local: Message timed out"}
2026-09-23 11:21:50,039 [INFO] Produced 6E897 | DEL -> BLR | status=ON_TIME delay=0min
%3|1790142710.886|FAIL|rdkafka#producer-1| [thrd:localhost:9092/1]: localhost:9092/1: Connect to ipv6#[::1]:9092 failed: Connection refused (after 0ms in state CONNECT, 1 identical error(s) suppressed)
%3|1790142710.947|FAIL|rdkafka#producer-1| [thrd:localhost:9092/1]: localhost:9092/1: Connect to ipv4#127.0.0.1:9092 failed: Connection refused (after 0ms in state CONNECT)
2026-09-23 11:21:51,042 [INFO] Produced QP565 | CCU -> BLR | status=ON_TIME delay=0min
%3|1790142711.897|FAIL|rdkafka#producer-1| [thrd:localhost:9092/bootstrap]: localhost:9092/bootstrap: Connect to ipv6#[::1]:9092 failed: Connection refused (after 0ms in state CONNECT)
2026-09-23 11:21:52,052 [INFO] Produced I5707 | MAA -> BOM | status=ON_TIME delay=0min
%3|1790142712.907|FAIL|rdkafka#producer-1| [thrd:localhost:9092/bootstrap]: localhost:9092/bootstrap: Connect to ipv6#[::1]:9092 failed: Connection refused (after 0ms in state CONNECT, 1 identical error(s) suppressed)
%3|1790142712.967|FAIL|rdkafka#producer-1| [thrd:localhost:9092/1]: localhost:9092/1: Connect to ipv6#[::1]:9092 failed: Connection refused (after 0ms in state CONNECT)
2026-09-23 11:21:53,063 [INFO] Produced UK693 | BOM -> CCU | status=ON_TIME delay=0min
%3|1790142713.912|FAIL|rdkafka#producer-1| [thrd:localhost:9092/1]: localhost:9092/1: Connect to ipv4#127.0.0.1:9092 failed: Connection refused (after 0ms in state CONNECT)
2026-09-23 11:21:54,073 [INFO] Produced 6E503 | MAA -> BLR | status=DELAYED delay=4min
%3|1790142714.921|FAIL|rdkafka#producer-1| [thrd:localhost:9092/1]: localhost:9092/1: Connect to ipv6#[::1]:9092 failed: Connection refused (after 0ms in state CONNECT)
2026-09-23 11:22:46,875 [INFO] Produced AI508 | HYD -> BOM | status=DELAYED delay=18min
%3|1790142766.885|FAIL|rdkafka#producer-1| [thrd:localhost:9092/1]: localhost:9092/1: Connect to ipv4#127.0.0.1:9092 failed: Connection refused (after 10ms in state CONNECT)
%3|1790142766.936|FAIL|rdkafka#producer-1| [thrd:localhost:9092/1]: localhost:9092/1: Connect to ipv6#[::1]:9092 failed: Connection refused (after 0ms in state CONNECT)
2026-09-23 11:22:47,885 [INFO] Produced UK495 | BOM -> CCU | status=ON_TIME delay=0min
%3|1790142767.886|FAIL|rdkafka#producer-1| [thrd:localhost:9092/bootstrap]: localhost:9092/bootstrap: Connect to ipv6#[::1]:9092 failed: Connection refused (after 1ms in state CONNECT, 2 identical error(s) suppressed)
%3|1790142767.947|FAIL|rdkafka#producer-1| [thrd:localhost:9092/1]: localhost:9092/1: Connect to ipv6#[::1]:9092 failed: Connection refused (after 0ms in state CONNECT, 1 identical error(s) suppressed)
2026-09-23 11:22:48,895 [INFO] Produced QP962 | BLR -> MAA | status=ON_TIME delay=0min
%3|1790142768.896|FAIL|rdkafka#producer-1| [thrd:localhost:9092/bootstrap]: localhost:9092/bootstrap: Connect to ipv4#127.0.0.1:9092 failed: Connection refused (after 1ms in state CONNECT)
%3|1790142768.957|FAIL|rdkafka#producer-1| [thrd:localhost:9092/1]: localhost:9092/1: Connect to ipv4#127.0.0.1:9092 failed: Connection refused (after 0ms in state CONNECT)
2026-09-23 11:22:49,900 [INFO] Produced I5830 | DEL -> BLR | status=ON_TIME delay=0min
2026-09-23 11:22:50,906 [INFO] Produced SG844 | BOM -> CCU | status=ON_TIME delay=0min
%3|1790142771.911|FAIL|rdkafka#producer-1| [thrd:localhost:9092/1]: localhost:9092/1: Connect to ipv6#[::1]:9092 failed: Connection refused (after 0ms in state CONNECT)
2026-09-23 11:22:51,916 [INFO] Produced I5109 | HYD -> DEL | status=ON_TIME delay=0min
%3|1790142772.916|FAIL|rdkafka#producer-1| [thrd:localhost:9092/1]: localhost:9092/1: Connect to ipv4#127.0.0.1:9092 failed: Connection refused (after 0ms in state CONNECT)
2026-09-23 11:22:52,927 [INFO] Produced SG801 | DEL -> MAA | status=DELAYED delay=41min
%3|1790143733.882|FAIL|rdkafka#producer-1| [thrd:localhost:9092/bootstrap]: localhost:9092/bootstrap: Connect to ipv4#127.0.0.1:9092 failed: Connection refused (after 9ms in state CONNECT, 3 identical error(s) suppressed)
%3|1790143733.940|FAIL|rdkafka#producer-1| [thrd:localhost:9092/1]: localhost:9092/1: Connect to ipv4#127.0.0.1:9092 failed: Connection refused (after 5ms in state CONNECT, 1 identical error(s) suppressed)
2026-09-23 11:38:54,668 [ERROR] Delivery failed for record b'6E897': KafkaError{code=_MSG_TIMED_OUT,val=-192,str="Local: Message timed out"}
2026-09-23 11:38:54,668 [ERROR] Delivery failed for record b'QP565': KafkaError{code=_MSG_TIMED_OUT,val=-192,str="Local: Message timed out"}
2026-09-23 11:38:54,668 [ERROR] Delivery failed for record b'I5707': KafkaError{code=_MSG_TIMED_OUT,val=-192,str="Local: Message timed out"}
2026-09-23 11:38:54,669 [ERROR] Delivery failed for record b'UK693': KafkaError{code=_MSG_TIMED_OUT,val=-192,str="Local: Message timed out"}
2026-09-23 11:38:54,669 [ERROR] Delivery failed for record b'6E503': KafkaError{code=_MSG_TIMED_OUT,val=-192,str="Local: Message timed out"}
2026-09-23 11:38:54,669 [ERROR] Delivery failed for record b'AI508': KafkaError{code=_MSG_TIMED_OUT,val=-192,str="Local: Message timed out"}
2026-09-23 11:38:54,669 [ERROR] Delivery failed for record b'UK495': KafkaError{code=_MSG_TIMED_OUT,val=-192,str="Local: Message timed out"}
2026-09-23 11:38:54,669 [ERROR] Delivery failed for record b'QP962': KafkaError{code=_MSG_TIMED_OUT,val=-192,str="Local: Message timed out"}
2026-09-23 11:38:54,669 [ERROR] Delivery failed for record b'I5830': KafkaError{code=_MSG_TIMED_OUT,val=-192,str="Local: Message timed out"}
2026-09-23 11:38:54,669 [ERROR] Delivery failed for record b'SG844': KafkaError{code=_MSG_TIMED_OUT,val=-192,str="Local: Message timed out"}
2026-09-23 11:38:54,669 [ERROR] Delivery failed for record b'I5109': KafkaError{code=_MSG_TIMED_OUT,val=-192,str="Local: Message timed out"}
2026-09-23 11:38:54,669 [ERROR] Delivery failed for record b'SG801': KafkaError{code=_MSG_TIMED_OUT,val=-192,str="Local: Message timed out"}
2026-09-23 11:38:54,669 [INFO] Produced AI435 | MAA -> DEL | status=DELAYED delay=63min
%3|1790143734.875|FAIL|rdkafka#producer-1| [thrd:localhost:9092/1]: localhost:9092/1: Connect to ipv6#[::1]:9092 failed: Connection refused (after 0ms in state CONNECT)
%3|1790143734.936|FAIL|rdkafka#producer-1| [thrd:localhost:9092/1]: localhost:9092/1: Connect to ipv4#127.0.0.1:9092 failed: Connection refused (after 0ms in state CONNECT)
2026-09-23 11:38:55,679 [INFO] Produced I5115 | CCU -> MAA | status=ON_TIME delay=0min
%3|1790143735.946|FAIL|rdkafka#producer-1| [thrd:localhost:9092/1]: localhost:9092/1: Connect to ipv6#[::1]:9092 failed: Connection refused (after 0ms in state CONNECT)
2026-09-23 11:38:56,690 [INFO] Produced I5620 | BLR -> CCU | status=DELAYED delay=106min
%3|1790143736.893|FAIL|rdkafka#producer-1| [thrd:localhost:9092/1]: localhost:9092/1: Connect to ipv4#127.0.0.1:9092 failed: Connection refused (after 1ms in state CONNECT)
%3|1790143736.945|FAIL|rdkafka#producer-1| [thrd:localhost:9092/bootstrap]: localhost:9092/bootstrap: Connect to ipv6#[::1]:9092 failed: Connection refused (after 0ms in state CONNECT)
2026-09-23 11:38:57,698 [INFO] Produced SG826 | MAA -> BOM | status=ON_TIME delay=0min
%3|1790143737.901|FAIL|rdkafka#producer-1| [thrd:localhost:9092/1]: localhost:9092/1: Connect to ipv6#[::1]:9092 failed: Connection refused (after 0ms in state CONNECT)
%3|1790143737.960|FAIL|rdkafka#producer-1| [thrd:localhost:9092/1]: localhost:9092/1: Connect to ipv4#127.0.0.1:9092 failed: Connection refused (after 0ms in state CONNECT)
2026-09-23 11:38:58,709 [INFO] Produced QP684 | CCU -> DEL | status=ON_TIME delay=0min
%3|1790143785.635|FAIL|rdkafka#producer-1| [thrd:localhost:9092/1]: localhost:9092/1: Connect to ipv6#[::1]:9092 failed: Connection refused (after 10ms in state CONNECT)
%3|1790143785.686|FAIL|rdkafka#producer-1| [thrd:localhost:9092/1]: localhost:9092/1: Connect to ipv4#127.0.0.1:9092 failed: Connection refused (after 0ms in state CONNECT)
2026-09-23 11:39:46,186 [INFO] Produced AI484 | HYD -> CCU | status=DELAYED delay=80min
%3|1790143786.631|FAIL|rdkafka#producer-1| [thrd:localhost:9092/1]: localhost:9092/1: Connect to ipv6#[::1]:9092 failed: Connection refused (after 0ms in state CONNECT)
%3|1790143786.687|FAIL|rdkafka#producer-1| [thrd:localhost:9092/bootstrap]: localhost:9092/bootstrap: Connect to ipv6#[::1]:9092 failed: Connection refused (after 0ms in state CONNECT, 2 identical error(s) suppressed)
2026-09-23 11:39:47,192 [INFO] Produced 6E416 | BLR -> HYD | status=ON_TIME delay=0min
%3|1790143787.632|FAIL|rdkafka#producer-1| [thrd:localhost:9092/1]: localhost:9092/1: Connect to ipv4#127.0.0.1:9092 failed: Connection refused (after 0ms in state CONNECT)
%3|1790143787.685|FAIL|rdkafka#producer-1| [thrd:localhost:9092/bootstrap]: localhost:9092/bootstrap: Connect to ipv4#127.0.0.1:9092 failed: Connection refused (after 0ms in state CONNECT)
2026-09-23 11:39:48,197 [INFO] Produced UK229 | BLR -> MAA | status=ON_TIME delay=0min
%3|1790143788.637|FAIL|rdkafka#producer-1| [thrd:localhost:9092/1]: localhost:9092/1: Connect to ipv6#[::1]:9092 failed: Connection refused (after 0ms in state CONNECT)
2026-09-23 11:39:49,203 [INFO] Produced 6E620 | CCU -> DEL | status=ON_TIME delay=0min
%3|1790143789.638|FAIL|rdkafka#producer-1| [thrd:localhost:9092/1]: localhost:9092/1: Connect to ipv4#127.0.0.1:9092 failed: Connection refused (after 0ms in state CONNECT)
%3|1790143789.690|FAIL|rdkafka#producer-1| [thrd:localhost:9092/bootstrap]: localhost:9092/bootstrap: Connect to ipv6#[::1]:9092 failed: Connection refused (after 0ms in state CONNECT)
2026-09-23 11:39:50,208 [INFO] Produced AI355 | BLR -> DEL | status=DELAYED delay=23min
%3|1790143790.695|FAIL|rdkafka#producer-1| [thrd:localhost:9092/1]: localhost:9092/1: Connect to ipv6#[::1]:9092 failed: Connection refused (after 0ms in state CONNECT)
2026-09-23 11:39:51,210 [INFO] Produced QP526 | BOM -> MAA | status=DELAYED delay=85min
%3|1790143791.700|FAIL|rdkafka#producer-1| [thrd:localhost:9092/bootstrap]: localhost:9092/bootstrap: Connect to ipv4#127.0.0.1:9092 failed: Connection refused (after 0ms in state CONNECT)
2026-09-23 11:39:52,211 [INFO] Produced 6E415 | CCU -> DEL | status=DELAYED delay=97min
%3|1790143792.650|FAIL|rdkafka#producer-1| [thrd:localhost:9092/bootstrap]: localhost:9092/bootstrap: Connect to ipv6#[::1]:9092 failed: Connection refused (after 0ms in state CONNECT)
%3|1790143792.702|FAIL|rdkafka#producer-1| [thrd:localhost:9092/bootstrap]: localhost:9092/bootstrap: Connect to ipv4#127.0.0.1:9092 failed: Connection refused (after 0ms in state CONNECT)
2026-09-23 11:39:53,217 [INFO] Produced AI355 | DEL -> BOM | status=ON_TIME delay=0min
%3|1790143793.707|FAIL|rdkafka#producer-1| [thrd:localhost:9092/bootstrap]: localhost:9092/bootstrap: Connect to ipv6#[::1]:9092 failed: Connection refused (after 0ms in state CONNECT)
2026-09-23 11:39:54,222 [INFO] Produced 6E646 | BOM -> HYD | status=DELAYED delay=30min
%3|1790143794.716|FAIL|rdkafka#producer-1| [thrd:localhost:9092/bootstrap]: localhost:9092/bootstrap: Connect to ipv4#127.0.0.1:9092 failed: Connection refused (after 0ms in state CONNECT)
2026-09-23 11:39:55,229 [INFO] Produced UK234 | DEL -> BLR | status=ON_TIME delay=0min
%3|1790143795.661|FAIL|rdkafka#producer-1| [thrd:localhost:9092/1]: localhost:9092/1: Connect to ipv4#127.0.0.1:9092 failed: Connection refused (after 0ms in state CONNECT)
%3|1790143795.718|FAIL|rdkafka#producer-1| [thrd:localhost:9092/bootstrap]: localhost:9092/bootstrap: Connect to ipv6#[::1]:9092 failed: Connection refused (after 0ms in state CONNECT)
2026-09-23 11:39:56,234 [INFO] Produced I5908 | BLR -> CCU | status=ON_TIME delay=0min
%3|1790143796.667|FAIL|rdkafka#producer-1| [thrd:localhost:9092/1]: localhost:9092/1: Connect to ipv6#[::1]:9092 failed: Connection refused (after 0ms in state CONNECT)
%3|1790143796.723|FAIL|rdkafka#producer-1| [thrd:localhost:9092/1]: localhost:9092/1: Connect to ipv4#127.0.0.1:9092 failed: Connection refused (after 0ms in state CONNECT)
2026-09-23 11:39:57,238 [INFO] Produced I5667 | MAA -> HYD | status=DELAYED delay=40min
%3|1790143797.671|FAIL|rdkafka#producer-1| [thrd:localhost:9092/1]: localhost:9092/1: Connect to ipv4#127.0.0.1:9092 failed: Connection refused (after 0ms in state CONNECT, 1 identical error(s) suppressed)
%3|1790143797.727|FAIL|rdkafka#producer-1| [thrd:localhost:9092/bootstrap]: localhost:9092/bootstrap: Connect to ipv4#127.0.0.1:9092 failed: Connection refused (after 0ms in state CONNECT)
2026-09-23 11:39:58,244 [INFO] Produced QP815 | MAA -> HYD | status=ON_TIME delay=0min
%3|1790143798.676|FAIL|rdkafka#producer-1| [thrd:localhost:9092/bootstrap]: localhost:9092/bootstrap: Connect to ipv6#[::1]:9092 failed: Connection refused (after 0ms in state CONNECT)
%3|1790143798.729|FAIL|rdkafka#producer-1| [thrd:localhost:9092/1]: localhost:9092/1: Connect to ipv6#[::1]:9092 failed: Connection refused (after 1ms in state CONNECT)
2026-09-23 11:39:59,246 [INFO] Produced UK657 | DEL -> CCU | status=ON_TIME delay=0min
%3|1790143799.682|FAIL|rdkafka#producer-1| [thrd:localhost:9092/bootstrap]: localhost:9092/bootstrap: Connect to ipv4#127.0.0.1:9092 failed: Connection refused (after 0ms in state CONNECT)
%3|1790143799.736|FAIL|rdkafka#producer-1| [thrd:localhost:9092/1]: localhost:9092/1: Connect to ipv4#127.0.0.1:9092 failed: Connection refused (after 0ms in state CONNECT)
2026-09-23 11:40:00,251 [INFO] Produced UK656 | HYD -> BLR | status=ON_TIME delay=0min
%3|1790143800.687|FAIL|rdkafka#producer-1| [thrd:localhost:9092/bootstrap]: localhost:9092/bootstrap: Connect to ipv6#[::1]:9092 failed: Connection refused (after 0ms in state CONNECT)
%3|1790143800.741|FAIL|rdkafka#producer-1| [thrd:localhost:9092/bootstrap]: localhost:9092/bootstrap: Connect to ipv4#127.0.0.1:9092 failed: Connection refused (after 0ms in state CONNECT)
2026-09-23 11:40:01,253 [INFO] Produced SG176 | DEL -> CCU | status=DELAYED delay=94min
%3|1790143801.688|FAIL|rdkafka#producer-1| [thrd:localhost:9092/1]: localhost:9092/1: Connect to ipv6#[::1]:9092 failed: Connection refused (after 0ms in state CONNECT)
%3|1790143801.743|FAIL|rdkafka#producer-1| [thrd:localhost:9092/1]: localhost:9092/1: Connect to ipv4#127.0.0.1:9092 failed: Connection refused (after 0ms in state CONNECT)
2026-09-23 11:40:02,258 [INFO] Produced UK794 | BLR -> BOM | status=DELAYED delay=48min
%3|1790143802.749|FAIL|rdkafka#producer-1| [thrd:localhost:9092/1]: localhost:9092/1: Connect to ipv6#[::1]:9092 failed: Connection refused (after 0ms in state CONNECT)
2026-09-23 11:40:03,263 [INFO] Produced SG967 | CCU -> MAA | status=DELAYED delay=116min
%3|1790143803.699|FAIL|rdkafka#producer-1| [thrd:localhost:9092/bootstrap]: localhost:9092/bootstrap: Connect to ipv6#[::1]:9092 failed: Connection refused (after 0ms in state CONNECT)
%3|1790143803.755|FAIL|rdkafka#producer-1| [thrd:localhost:9092/1]: localhost:9092/1: Connect to ipv4#127.0.0.1:9092 failed: Connection refused (after 0ms in state CONNECT)
2026-09-23 11:40:04,274 [INFO] Produced AI518 | MAA -> CCU | status=ON_TIME delay=0min
%3|1790143804.709|FAIL|rdkafka#producer-1| [thrd:localhost:9092/1]: localhost:9092/1: Connect to ipv6#[::1]:9092 failed: Connection refused (after 0ms in state CONNECT)
2026-09-23 11:40:05,275 [INFO] Produced SG754 | HYD -> DEL | status=ON_TIME delay=0min
%3|1790143805.711|FAIL|rdkafka#producer-1| [thrd:localhost:9092/1]: localhost:9092/1: Connect to ipv4#127.0.0.1:9092 failed: Connection refused (after 0ms in state CONNECT)
%3|1790143805.772|FAIL|rdkafka#producer-1| [thrd:localhost:9092/1]: localhost:9092/1: Connect to ipv6#[::1]:9092 failed: Connection refused (after 0ms in state CONNECT)
2026-09-23 11:40:06,286 [INFO] Produced 6E773 | CCU -> MAA | status=DELAYED delay=103min
%3|1790143806.721|FAIL|rdkafka#producer-1| [thrd:localhost:9092/1]: localhost:9092/1: Connect to ipv4#127.0.0.1:9092 failed: Connection refused (after 0ms in state CONNECT)
2026-09-23 11:40:07,296 [INFO] Produced SG187 | DEL -> HYD | status=ON_TIME delay=0min
%3|1790143807.732|FAIL|rdkafka#producer-1| [thrd:localhost:9092/bootstrap]: localhost:9092/bootstrap: Connect to ipv4#127.0.0.1:9092 failed: Connection refused (after 0ms in state CONNECT)
%3|1790143807.793|FAIL|rdkafka#producer-1| [thrd:localhost:9092/bootstrap]: localhost:9092/bootstrap: Connect to ipv6#[::1]:9092 failed: Connection refused (after 0ms in state CONNECT)
2026-09-23 11:40:08,307 [INFO] Produced UK689 | HYD -> DEL | status=DELAYED delay=73min
2026-09-23 11:40:09,307 [INFO] Produced I5382 | MAA -> BLR | status=DELAYED delay=120min
%3|1790143809.738|FAIL|rdkafka#producer-1| [thrd:localhost:9092/1]: localhost:9092/1: Connect to ipv6#[::1]:9092 failed: Connection refused (after 0ms in state CONNECT)
2026-09-23 11:40:10,317 [INFO] Produced AI609 | BOM -> MAA | status=DELAYED delay=119min
%3|1790143810.748|FAIL|rdkafka#producer-1| [thrd:localhost:9092/1]: localhost:9092/1: Connect to ipv4#127.0.0.1:9092 failed: Connection refused (after 0ms in state CONNECT)
2026-09-23 11:40:11,328 [INFO] Produced I5865 | DEL -> BOM | status=CANCELLED delay=0min
%3|1790143811.809|FAIL|rdkafka#producer-1| [thrd:localhost:9092/bootstrap]: localhost:9092/bootstrap: Connect to ipv4#127.0.0.1:9092 failed: Connection refused (after 0ms in state CONNECT)
2026-09-23 11:40:12,339 [INFO] Produced 6E583 | BOM -> BLR | status=DELAYED delay=91min
2026-09-23 11:40:13,341 [INFO] Produced I5761 | HYD -> BOM | status=DELAYED delay=82min
2026-09-23 11:44:00,678 [ERROR] Delivery failed for record b'AI435': KafkaError{code=_MSG_TIMED_OUT,val=-192,str="Local: Message timed out"}
2026-09-23 11:44:00,678 [ERROR] Delivery failed for record b'I5115': KafkaError{code=_MSG_TIMED_OUT,val=-192,str="Local: Message timed out"}
2026-09-23 11:44:00,678 [ERROR] Delivery failed for record b'I5620': KafkaError{code=_MSG_TIMED_OUT,val=-192,str="Local: Message timed out"}
2026-09-23 11:44:00,678 [ERROR] Delivery failed for record b'SG826': KafkaError{code=_MSG_TIMED_OUT,val=-192,str="Local: Message timed out"}
2026-09-23 11:44:00,678 [ERROR] Delivery failed for record b'QP684': KafkaError{code=_MSG_TIMED_OUT,val=-192,str="Local: Message timed out"}
2026-09-23 11:44:00,678 [INFO] Produced I5368 | BOM -> BLR | status=ON_TIME delay=0min
%3|1790144040.682|FAIL|rdkafka#producer-1| [thrd:localhost:9092/1]: localhost:9092/1: Connect to ipv6#[::1]:9092 failed: Connection refused (after 4ms in state CONNECT)
%3|1790144040.739|FAIL|rdkafka#producer-1| [thrd:localhost:9092/bootstrap]: localhost:9092/bootstrap: Connect to ipv4#127.0.0.1:9092 failed: Connection refused (after 0ms in state CONNECT, 2 identical error(s) suppressed)
2026-09-23 11:44:01,689 [INFO] Produced UK297 | CCU -> BLR | status=DELAYED delay=51min
%3|1790144041.689|FAIL|rdkafka#producer-1| [thrd:localhost:9092/1]: localhost:9092/1: Connect to ipv4#127.0.0.1:9092 failed: Connection refused (after 0ms in state CONNECT)
%3|1790144041.742|FAIL|rdkafka#producer-1| [thrd:localhost:9092/1]: localhost:9092/1: Connect to ipv6#[::1]:9092 failed: Connection refused (after 0ms in state CONNECT)
2026-09-23 11:44:02,692 [INFO] Produced AI791 | HYD -> CCU | status=ON_TIME delay=0min
%3|1790144042.699|FAIL|rdkafka#producer-1| [thrd:localhost:9092/bootstrap]: localhost:9092/bootstrap: Connect to ipv6#[::1]:9092 failed: Connection refused (after 0ms in state CONNECT)
%3|1790144042.755|FAIL|rdkafka#producer-1| [thrd:localhost:9092/bootstrap]: localhost:9092/bootstrap: Connect to ipv4#127.0.0.1:9092 failed: Connection refused (after 0ms in state CONNECT)
2026-09-23 11:44:03,703 [INFO] Produced UK199 | CCU -> DEL | status=ON_TIME delay=0min
%3|1790144043.763|FAIL|rdkafka#producer-1| [thrd:localhost:9092/1]: localhost:9092/1: Connect to ipv4#127.0.0.1:9092 failed: Connection refused (after 0ms in state CONNECT)
%3|1790144044.712|FAIL|rdkafka#producer-1| [thrd:localhost:9092/1]: localhost:9092/1: Connect to ipv6#[::1]:9092 failed: Connection refused (after 0ms in state CONNECT)
2026-09-23 11:44:04,712 [INFO] Produced SG146 | HYD -> CCU | status=ON_TIME delay=0min
%3|1790144044.773|FAIL|rdkafka#producer-1| [thrd:localhost:9092/1]: localhost:9092/1: Connect to ipv4#127.0.0.1:9092 failed: Connection refused (after 0ms in state CONNECT)
%3|1790144045.713|FAIL|rdkafka#producer-1| [thrd:localhost:9092/1]: localhost:9092/1: Connect to ipv6#[::1]:9092 failed: Connection refused (after 0ms in state CONNECT)
2026-09-23 11:44:05,713 [INFO] Produced 6E947 | DEL -> MAA | status=DELAYED delay=116min
%3|1790144045.774|FAIL|rdkafka#producer-1| [thrd:localhost:9092/1]: localhost:9092/1: Connect to ipv6#[::1]:9092 failed: Connection refused (after 0ms in state CONNECT, 1 identical error(s) suppressed)
2026-09-23 11:44:06,720 [INFO] Produced QP809 | CCU -> DEL | status=ON_TIME delay=0min
%3|1790144046.723|FAIL|rdkafka#producer-1| [thrd:localhost:9092/bootstrap]: localhost:9092/bootstrap: Connect to ipv6#[::1]:9092 failed: Connection refused (after 0ms in state CONNECT)
%3|1790144046.783|FAIL|rdkafka#producer-1| [thrd:localhost:9092/bootstrap]: localhost:9092/bootstrap: Connect to ipv4#127.0.0.1:9092 failed: Connection refused (after 0ms in state CONNECT)
2026-09-23 11:44:07,729 [INFO] Produced 6E180 | DEL -> MAA | status=ON_TIME delay=0min
%3|1790144047.791|FAIL|rdkafka#producer-1| [thrd:localhost:9092/1]: localhost:9092/1: Connect to ipv4#127.0.0.1:9092 failed: Connection refused (after 0ms in state CONNECT)
2026-09-23 11:44:08,738 [INFO] Produced QP162 | HYD -> CCU | status=ON_TIME delay=0min
%3|1790144048.799|FAIL|rdkafka#producer-1| [thrd:localhost:9092/bootstrap]: localhost:9092/bootstrap: Connect to ipv6#[::1]:9092 failed: Connection refused (after 0ms in state CONNECT)
2026-09-23 11:44:56,360 [ERROR] Delivery failed for record b'AI484': KafkaError{code=_MSG_TIMED_OUT,val=-192,str="Local: Message timed out"}
2026-09-23 11:44:56,360 [ERROR] Delivery failed for record b'6E416': KafkaError{code=_MSG_TIMED_OUT,val=-192,str="Local: Message timed out"}
2026-09-23 11:44:56,360 [ERROR] Delivery failed for record b'UK229': KafkaError{code=_MSG_TIMED_OUT,val=-192,str="Local: Message timed out"}
2026-09-23 11:44:56,360 [ERROR] Delivery failed for record b'6E620': KafkaError{code=_MSG_TIMED_OUT,val=-192,str="Local: Message timed out"}
%3|1790144096.361|FAIL|rdkafka#producer-1| [thrd:localhost:9092/1]: localhost:9092/1: Connect to ipv4#127.0.0.1:9092 failed: Connection refused (after 0ms in state CONNECT, 1 identical error(s) suppressed)
2026-09-23 11:44:56,361 [ERROR] Delivery failed for record b'AI355': KafkaError{code=_MSG_TIMED_OUT,val=-192,str="Local: Message timed out"}
2026-09-23 11:44:56,361 [ERROR] Delivery failed for record b'QP526': KafkaError{code=_MSG_TIMED_OUT,val=-192,str="Local: Message timed out"}
2026-09-23 11:44:56,361 [ERROR] Delivery failed for record b'6E415': KafkaError{code=_MSG_TIMED_OUT,val=-192,str="Local: Message timed out"}
2026-09-23 11:44:56,361 [ERROR] Delivery failed for record b'AI355': KafkaError{code=_MSG_TIMED_OUT,val=-192,str="Local: Message timed out"}
2026-09-23 11:44:56,361 [ERROR] Delivery failed for record b'6E646': KafkaError{code=_MSG_TIMED_OUT,val=-192,str="Local: Message timed out"}
2026-09-23 11:44:56,361 [ERROR] Delivery failed for record b'UK234': KafkaError{code=_MSG_TIMED_OUT,val=-192,str="Local: Message timed out"}
2026-09-23 11:44:56,361 [ERROR] Delivery failed for record b'I5908': KafkaError{code=_MSG_TIMED_OUT,val=-192,str="Local: Message timed out"}
2026-09-23 11:44:56,361 [INFO] Produced QP880 | BOM -> HYD | status=ON_TIME delay=0min
%3|1790144096.417|FAIL|rdkafka#producer-1| [thrd:localhost:9092/1]: localhost:9092/1: Connect to ipv6#[::1]:9092 failed: Connection refused (after 0ms in state CONNECT)
2026-09-23 11:44:57,363 [INFO] Produced SG704 | BLR -> DEL | status=CANCELLED delay=0min
%3|1790144097.427|FAIL|rdkafka#producer-1| [thrd:localhost:9092/1]: localhost:9092/1: Connect to ipv4#127.0.0.1:9092 failed: Connection refused (after 0ms in state CONNECT)
2026-09-23 11:44:58,373 [ERROR] Delivery failed for record b'I5667': KafkaError{code=_MSG_TIMED_OUT,val=-192,str="Local: Message timed out"}
2026-09-23 11:44:58,373 [INFO] Produced I5291 | HYD -> BOM | status=ON_TIME delay=0min
%3|1790144098.442|FAIL|rdkafka#producer-1| [thrd:localhost:9092/1]: localhost:9092/1: Connect to ipv6#[::1]:9092 failed: Connection refused (after 0ms in state CONNECT)
2026-09-23 11:44:59,377 [ERROR] Delivery failed for record b'QP815': KafkaError{code=_MSG_TIMED_OUT,val=-192,str="Local: Message timed out"}
2026-09-23 11:44:59,377 [INFO] Produced 6E226 | BLR -> HYD | status=DELAYED delay=42min
%3|1790144099.445|FAIL|rdkafka#producer-1| [thrd:localhost:9092/1]: localhost:9092/1: Connect to ipv4#127.0.0.1:9092 failed: Connection refused (after 0ms in state CONNECT)
2026-09-23 11:45:00,387 [ERROR] Delivery failed for record b'UK657': KafkaError{code=_MSG_TIMED_OUT,val=-192,str="Local: Message timed out"}
2026-09-23 11:45:00,388 [INFO] Produced 6E150 | DEL -> HYD | status=DELAYED delay=102min
%3|1790144100.394|FAIL|rdkafka#producer-1| [thrd:localhost:9092/bootstrap]: localhost:9092/bootstrap: Connect to ipv6#[::1]:9092 failed: Connection refused (after 0ms in state CONNECT, 1 identical error(s) suppressed)
%3|1790144100.454|FAIL|rdkafka#producer-1| [thrd:localhost:9092/1]: localhost:9092/1: Connect to ipv6#[::1]:9092 failed: Connection refused (after 0ms in state CONNECT)
%3|1790144101.395|FAIL|rdkafka#producer-1| [thrd:localhost:9092/1]: localhost:9092/1: Connect to ipv4#127.0.0.1:9092 failed: Connection refused (after 0ms in state CONNECT)
2026-09-23 11:45:01,396 [ERROR] Delivery failed for record b'UK656': KafkaError{code=_MSG_TIMED_OUT,val=-192,str="Local: Message timed out"}
2026-09-23 11:45:01,396 [ERROR] Delivery failed for record b'SG176': KafkaError{code=_MSG_TIMED_OUT,val=-192,str="Local: Message timed out"}
2026-09-23 11:45:01,396 [INFO] Produced I5537 | HYD -> CCU | status=ON_TIME delay=0min
2026-09-23 11:45:02,403 [ERROR] Delivery failed for record b'UK794': KafkaError{code=_MSG_TIMED_OUT,val=-192,str="Local: Message timed out"}
2026-09-23 11:45:02,404 [INFO] Produced I5805 | DEL -> BLR | status=ON_TIME delay=0min
%3|1790144102.460|FAIL|rdkafka#producer-1| [thrd:localhost:9092/1]: localhost:9092/1: Connect to ipv6#[::1]:9092 failed: Connection refused (after 0ms in state CONNECT)
2026-09-23 11:45:03,405 [ERROR] Delivery failed for record b'SG967': KafkaError{code=_MSG_TIMED_OUT,val=-192,str="Local: Message timed out"}
2026-09-23 11:45:03,405 [INFO] Produced SG151 | BLR -> MAA | status=DELAYED delay=119min
%3|1790144103.405|FAIL|rdkafka#producer-1| [thrd:localhost:9092/bootstrap]: localhost:9092/bootstrap: Connect to ipv4#127.0.0.1:9092 failed: Connection refused (after 0ms in state CONNECT)
%3|1790144103.461|FAIL|rdkafka#producer-1| [thrd:localhost:9092/bootstrap]: localhost:9092/bootstrap: Connect to ipv6#[::1]:9092 failed: Connection refused (after 0ms in state CONNECT)
2026-09-23 11:45:04,415 [INFO] Produced QP772 | MAA -> HYD | status=ON_TIME delay=0min
%3|1790144104.468|FAIL|rdkafka#producer-1| [thrd:localhost:9092/1]: localhost:9092/1: Connect to ipv4#127.0.0.1:9092 failed: Connection refused (after 0ms in state CONNECT)
2026-09-23 11:45:05,419 [ERROR] Delivery failed for record b'AI518': KafkaError{code=_MSG_TIMED_OUT,val=-192,str="Local: Message timed out"}
2026-09-23 11:45:05,419 [ERROR] Delivery failed for record b'SG754': KafkaError{code=_MSG_TIMED_OUT,val=-192,str="Local: Message timed out"}
2026-09-23 11:45:05,419 [INFO] Produced I5233 | BOM -> CCU | status=ON_TIME delay=0min
%3|1790144105.420|FAIL|rdkafka#producer-1| [thrd:localhost:9092/1]: localhost:9092/1: Connect to ipv6#[::1]:9092 failed: Connection refused (after 0ms in state CONNECT)
%3|1790144105.474|FAIL|rdkafka#producer-1| [thrd:localhost:9092/1]: localhost:9092/1: Connect to ipv4#127.0.0.1:9092 failed: Connection refused (after 0ms in state CONNECT)
2026-09-23 11:45:06,422 [INFO] Produced UK386 | BOM -> BLR | status=ON_TIME delay=0min
%3|1790144106.427|FAIL|rdkafka#producer-1| [thrd:localhost:9092/1]: localhost:9092/1: Connect to ipv6#[::1]:9092 failed: Connection refused (after 0ms in state CONNECT)
2026-09-23 11:45:07,429 [ERROR] Delivery failed for record b'6E773': KafkaError{code=_MSG_TIMED_OUT,val=-192,str="Local: Message timed out"}
2026-09-23 11:45:07,429 [INFO] Produced 6E364 | BLR -> HYD | status=ON_TIME delay=0min
%3|1790144107.430|FAIL|rdkafka#producer-1| [thrd:localhost:9092/bootstrap]: localhost:9092/bootstrap: Connect to ipv4#127.0.0.1:9092 failed: Connection refused (after 0ms in state CONNECT)
%3|1790144107.484|FAIL|rdkafka#producer-1| [thrd:localhost:9092/bootstrap]: localhost:9092/bootstrap: Connect to ipv6#[::1]:9092 failed: Connection refused (after 0ms in state CONNECT)
2026-09-23 11:45:08,436 [ERROR] Delivery failed for record b'SG187': KafkaError{code=_MSG_TIMED_OUT,val=-192,str="Local: Message timed out"}
2026-09-23 11:45:08,436 [INFO] Produced AI373 | CCU -> MAA | status=DELAYED delay=110min
%3|1790144108.496|FAIL|rdkafka#producer-1| [thrd:localhost:9092/1]: localhost:9092/1: Connect to ipv4#127.0.0.1:9092 failed: Connection refused (after 0ms in state CONNECT)
2026-09-23 11:45:09,437 [ERROR] Delivery failed for record b'UK689': KafkaError{code=_MSG_TIMED_OUT,val=-192,str="Local: Message timed out"}
2026-09-23 11:45:09,437 [INFO] Produced 6E487 | HYD -> DEL | status=DELAYED delay=27min
%3|1790144109.441|FAIL|rdkafka#producer-1| [thrd:localhost:9092/bootstrap]: localhost:9092/bootstrap: Connect to ipv4#127.0.0.1:9092 failed: Connection refused (after 0ms in state CONNECT)
%3|1790144109.497|FAIL|rdkafka#producer-1| [thrd:localhost:9092/bootstrap]: localhost:9092/bootstrap: Connect to ipv6#[::1]:9092 failed: Connection refused (after 0ms in state CONNECT)
2026-09-23 11:50:04,557 [ERROR] Delivery failed for record b'I5382': KafkaError{code=_MSG_TIMED_OUT,val=-192,str="Local: Message timed out"}
2026-09-23 11:50:04,557 [ERROR] Delivery failed for record b'AI609': KafkaError{code=_MSG_TIMED_OUT,val=-192,str="Local: Message timed out"}
2026-09-23 11:50:04,557 [ERROR] Delivery failed for record b'I5865': KafkaError{code=_MSG_TIMED_OUT,val=-192,str="Local: Message timed out"}
2026-09-23 11:50:04,557 [ERROR] Delivery failed for record b'6E583': KafkaError{code=_MSG_TIMED_OUT,val=-192,str="Local: Message timed out"}
2026-09-23 11:50:04,557 [ERROR] Delivery failed for record b'I5761': KafkaError{code=_MSG_TIMED_OUT,val=-192,str="Local: Message timed out"}
2026-09-23 11:50:04,557 [ERROR] Delivery failed for record b'I5368': KafkaError{code=_MSG_TIMED_OUT,val=-192,str="Local: Message timed out"}
2026-09-23 11:50:04,557 [ERROR] Delivery failed for record b'UK297': KafkaError{code=_MSG_TIMED_OUT,val=-192,str="Local: Message timed out"}
2026-09-23 11:50:04,557 [ERROR] Delivery failed for record b'AI791': KafkaError{code=_MSG_TIMED_OUT,val=-192,str="Local: Message timed out"}
2026-09-23 11:50:04,557 [ERROR] Delivery failed for record b'UK199': KafkaError{code=_MSG_TIMED_OUT,val=-192,str="Local: Message timed out"}
%3|1790144404.557|FAIL|rdkafka#producer-1| [thrd:localhost:9092/1]: localhost:9092/1: Connect to ipv6#[::1]:9092 failed: Connection refused (after 1ms in state CONNECT)
2026-09-23 11:50:04,557 [ERROR] Delivery failed for record b'SG146': KafkaError{code=_MSG_TIMED_OUT,val=-192,str="Local: Message timed out"}
2026-09-23 11:50:04,558 [ERROR] Delivery failed for record b'6E947': KafkaError{code=_MSG_TIMED_OUT,val=-192,str="Local: Message timed out"}
2026-09-23 11:50:04,558 [ERROR] Delivery failed for record b'QP809': KafkaError{code=_MSG_TIMED_OUT,val=-192,str="Local: Message timed out"}
2026-09-23 11:50:04,558 [ERROR] Delivery failed for record b'6E180': KafkaError{code=_MSG_TIMED_OUT,val=-192,str="Local: Message timed out"}
2026-09-23 11:50:04,558 [ERROR] Delivery failed for record b'QP162': KafkaError{code=_MSG_TIMED_OUT,val=-192,str="Local: Message timed out"}
2026-09-23 11:50:04,558 [ERROR] Delivery failed for record b'QP880': KafkaError{code=_MSG_TIMED_OUT,val=-192,str="Local: Message timed out"}
2026-09-23 11:50:04,558 [ERROR] Delivery failed for record b'SG704': KafkaError{code=_MSG_TIMED_OUT,val=-192,str="Local: Message timed out"}
2026-09-23 11:50:04,558 [ERROR] Delivery failed for record b'I5291': KafkaError{code=_MSG_TIMED_OUT,val=-192,str="Local: Message timed out"}
2026-09-23 11:50:04,558 [ERROR] Delivery failed for record b'6E226': KafkaError{code=_MSG_TIMED_OUT,val=-192,str="Local: Message timed out"}
2026-09-23 11:50:04,558 [ERROR] Delivery failed for record b'6E150': KafkaError{code=_MSG_TIMED_OUT,val=-192,str="Local: Message timed out"}
2026-09-23 11:50:04,558 [ERROR] Delivery failed for record b'I5537': KafkaError{code=_MSG_TIMED_OUT,val=-192,str="Local: Message timed out"}
2026-09-23 11:50:04,558 [ERROR] Delivery failed for record b'I5805': KafkaError{code=_MSG_TIMED_OUT,val=-192,str="Local: Message timed out"}
2026-09-23 11:50:04,558 [ERROR] Delivery failed for record b'SG151': KafkaError{code=_MSG_TIMED_OUT,val=-192,str="Local: Message timed out"}
2026-09-23 11:50:04,558 [ERROR] Delivery failed for record b'QP772': KafkaError{code=_MSG_TIMED_OUT,val=-192,str="Local: Message timed out"}
2026-09-23 11:50:04,558 [INFO] Produced 6E364 | BLR -> HYD | status=DELAYED delay=96min
%3|1790144404.616|FAIL|rdkafka#producer-1| [thrd:localhost:9092/bootstrap]: localhost:9092/bootstrap: Connect to ipv6#[::1]:9092 failed: Connection refused (after 0ms in state CONNECT, 1 identical error(s) suppressed)
2026-09-23 11:50:05,562 [ERROR] Delivery failed for record b'I5233': KafkaError{code=_MSG_TIMED_OUT,val=-192,str="Local: Message timed out"}
2026-09-23 11:50:05,562 [INFO] Produced QP347 | MAA -> DEL | status=ON_TIME delay=0min
%3|1790144405.563|FAIL|rdkafka#producer-1| [thrd:localhost:9092/1]: localhost:9092/1: Connect to ipv4#127.0.0.1:9092 failed: Connection refused (after 0ms in state CONNECT)
%3|1790144405.621|FAIL|rdkafka#producer-1| [thrd:localhost:9092/bootstrap]: localhost:9092/bootstrap: Connect to ipv4#127.0.0.1:9092 failed: Connection refused (after 0ms in state CONNECT)
2026-09-23 11:50:06,565 [INFO] Produced UK239 | HYD -> CCU | status=ON_TIME delay=0min
%3|1790144406.573|FAIL|rdkafka#producer-1| [thrd:localhost:9092/bootstrap]: localhost:9092/bootstrap: Connect to ipv6#[::1]:9092 failed: Connection refused (after 0ms in state CONNECT)
%3|1790144406.634|FAIL|rdkafka#producer-1| [thrd:localhost:9092/1]: localhost:9092/1: Connect to ipv6#[::1]:9092 failed: Connection refused (after 0ms in state CONNECT)
2026-09-23 11:50:07,574 [ERROR] Delivery failed for record b'UK386': KafkaError{code=_MSG_TIMED_OUT,val=-192,str="Local: Message timed out"}
2026-09-23 11:50:07,574 [INFO] Produced QP660 | MAA -> HYD | status=ON_TIME delay=0min
%3|1790144407.582|FAIL|rdkafka#producer-1| [thrd:localhost:9092/1]: localhost:9092/1: Connect to ipv4#127.0.0.1:9092 failed: Connection refused (after 0ms in state CONNECT)
%3|1790144407.640|FAIL|rdkafka#producer-1| [thrd:localhost:9092/1]: localhost:9092/1: Connect to ipv4#127.0.0.1:9092 failed: Connection refused (after 0ms in state CONNECT, 1 identical error(s) suppressed)
2026-09-23 11:50:08,584 [ERROR] Delivery failed for record b'6E364': KafkaError{code=_MSG_TIMED_OUT,val=-192,str="Local: Message timed out"}
2026-09-23 11:50:08,585 [INFO] Produced SG620 | BOM -> CCU | status=CANCELLED delay=0min
%3|1790144408.592|FAIL|rdkafka#producer-1| [thrd:localhost:9092/1]: localhost:9092/1: Connect to ipv6#[::1]:9092 failed: Connection refused (after 0ms in state CONNECT)
2026-09-23 11:50:09,594 [ERROR] Delivery failed for record b'AI373': KafkaError{code=_MSG_TIMED_OUT,val=-192,str="Local: Message timed out"}
2026-09-23 11:50:09,595 [INFO] Produced 6E338 | DEL -> MAA | status=DELAYED delay=21min
%3|1790144409.596|FAIL|rdkafka#producer-1| [thrd:localhost:9092/1]: localhost:9092/1: Connect to ipv4#127.0.0.1:9092 failed: Connection refused (after 0ms in state CONNECT)
%3|1790144409.658|FAIL|rdkafka#producer-1| [thrd:localhost:9092/1]: localhost:9092/1: Connect to ipv6#[::1]:9092 failed: Connection refused (after 0ms in state CONNECT)
2026-09-23 12:07:34,329 [ERROR] Delivery failed for record b'6E487': KafkaError{code=_MSG_TIMED_OUT,val=-192,str="Local: Message timed out"}
2026-09-23 12:07:34,329 [INFO] Produced 6E231 | HYD -> BOM | status=ON_TIME delay=0min
%3|1790145454.330|FAIL|rdkafka#producer-1| [thrd:localhost:9092/bootstrap]: localhost:9092/bootstrap: Connect to ipv4#127.0.0.1:9092 failed: Connection refused (after 0ms in state CONNECT)
%3|1790145454.383|FAIL|rdkafka#producer-1| [thrd:localhost:9092/bootstrap]: localhost:9092/bootstrap: Connect to ipv6#[::1]:9092 failed: Connection refused (after 0ms in state CONNECT)
%3|1790145455.332|FAIL|rdkafka#producer-1| [thrd:localhost:9092/bootstrap]: localhost:9092/bootstrap: Connect to ipv4#127.0.0.1:9092 failed: Connection refused (after 0ms in state CONNECT)
2026-09-23 12:07:35,340 [ERROR] Delivery failed for record b'6E364': KafkaError{code=_MSG_TIMED_OUT,val=-192,str="Local: Message timed out"}
2026-09-23 12:07:35,340 [ERROR] Delivery failed for record b'QP347': KafkaError{code=_MSG_TIMED_OUT,val=-192,str="Local: Message timed out"}
2026-09-23 12:07:35,340 [ERROR] Delivery failed for record b'UK239': KafkaError{code=_MSG_TIMED_OUT,val=-192,str="Local: Message timed out"}
2026-09-23 12:07:35,340 [ERROR] Delivery failed for record b'QP660': KafkaError{code=_MSG_TIMED_OUT,val=-192,str="Local: Message timed out"}
2026-09-23 12:07:35,340 [ERROR] Delivery failed for record b'SG620': KafkaError{code=_MSG_TIMED_OUT,val=-192,str="Local: Message timed out"}
2026-09-23 12:07:35,340 [ERROR] Delivery failed for record b'6E338': KafkaError{code=_MSG_TIMED_OUT,val=-192,str="Local: Message timed out"}
2026-09-23 12:07:35,340 [INFO] Produced 6E344 | HYD -> CCU | status=ON_TIME delay=0min
%3|1790145455.388|FAIL|rdkafka#producer-1| [thrd:localhost:9092/bootstrap]: localhost:9092/bootstrap: Connect to ipv6#[::1]:9092 failed: Connection refused (after 0ms in state CONNECT)
%3|1790145456.343|FAIL|rdkafka#producer-1| [thrd:localhost:9092/bootstrap]: localhost:9092/bootstrap: Connect to ipv4#127.0.0.1:9092 failed: Connection refused (after 0ms in state CONNECT)
2026-09-23 12:07:36,347 [INFO] Produced 6E503 | CCU -> HYD | status=ON_TIME delay=0min
%3|1790145456.403|FAIL|rdkafka#producer-1| [thrd:localhost:9092/1]: localhost:9092/1: Connect to ipv4#127.0.0.1:9092 failed: Connection refused (after 0ms in state CONNECT)
%3|1790145457.345|FAIL|rdkafka#producer-1| [thrd:localhost:9092/bootstrap]: localhost:9092/bootstrap: Connect to ipv6#[::1]:9092 failed: Connection refused (after 0ms in state CONNECT)
2026-09-23 12:07:37,358 [INFO] Produced SG127 | BOM -> DEL | status=DELAYED delay=105min
%3|1790145457.399|FAIL|rdkafka#producer-1| [thrd:localhost:9092/bootstrap]: localhost:9092/bootstrap: Connect to ipv4#127.0.0.1:9092 failed: Connection refused (after 0ms in state CONNECT)
%3|1790145458.349|FAIL|rdkafka#producer-1| [thrd:localhost:9092/bootstrap]: localhost:9092/bootstrap: Connect to ipv4#127.0.0.1:9092 failed: Connection refused (after 0ms in state CONNECT, 1 identical error(s) suppressed)
2026-09-23 12:07:38,365 [INFO] Produced 6E239 | DEL -> CCU | status=ON_TIME delay=0min
%3|1790145458.410|FAIL|rdkafka#producer-1| [thrd:localhost:9092/bootstrap]: localhost:9092/bootstrap: Connect to ipv6#[::1]:9092 failed: Connection refused (after 0ms in state CONNECT)
%3|1790146381.214|FAIL|rdkafka#producer-1| [thrd:localhost:9092/1]: localhost:9092/1: Connect to ipv4#127.0.0.1:9092 failed: Connection refused (after 0ms in state CONNECT, 1 identical error(s) suppressed)
2026-09-23 12:23:01,229 [ERROR] Delivery failed for record b'6E231': KafkaError{code=_MSG_TIMED_OUT,val=-192,str="Local: Message timed out"}
2026-09-23 12:23:01,230 [ERROR] Delivery failed for record b'6E344': KafkaError{code=_MSG_TIMED_OUT,val=-192,str="Local: Message timed out"}
2026-09-23 12:23:01,234 [ERROR] Delivery failed for record b'6E503': KafkaError{code=_MSG_TIMED_OUT,val=-192,str="Local: Message timed out"}
2026-09-23 12:23:01,234 [ERROR] Delivery failed for record b'SG127': KafkaError{code=_MSG_TIMED_OUT,val=-192,str="Local: Message timed out"}
2026-09-23 12:23:01,234 [ERROR] Delivery failed for record b'6E239': KafkaError{code=_MSG_TIMED_OUT,val=-192,str="Local: Message timed out"}
2026-09-23 12:23:01,234 [INFO] Produced AI984 | BLR -> HYD | status=ON_TIME delay=0min
%3|1790146381.270|FAIL|rdkafka#producer-1| [thrd:localhost:9092/bootstrap]: localhost:9092/bootstrap: Connect to ipv4#127.0.0.1:9092 failed: Connection refused (after 0ms in state CONNECT)
%3|1790146382.215|FAIL|rdkafka#producer-1| [thrd:localhost:9092/1]: localhost:9092/1: Connect to ipv6#[::1]:9092 failed: Connection refused (after 0ms in state CONNECT)
2026-09-23 12:23:02,234 [INFO] Produced I5790 | BLR -> MAA | status=DELAYED delay=69min
%3|1790146382.270|FAIL|rdkafka#producer-1| [thrd:localhost:9092/1]: localhost:9092/1: Connect to ipv4#127.0.0.1:9092 failed: Connection refused (after 0ms in state CONNECT)
%3|1790146383.218|FAIL|rdkafka#producer-1| [thrd:localhost:9092/bootstrap]: localhost:9092/bootstrap: Connect to ipv4#127.0.0.1:9092 failed: Connection refused (after 0ms in state CONNECT, 1 identical error(s) suppressed)
2026-09-23 12:23:03,235 [INFO] Produced I5763 | HYD -> BLR | status=ON_TIME delay=0min
%3|1790146383.271|FAIL|rdkafka#producer-1| [thrd:localhost:9092/bootstrap]: localhost:9092/bootstrap: Connect to ipv6#[::1]:9092 failed: Connection refused (after 0ms in state CONNECT)
%3|1790146384.221|FAIL|rdkafka#producer-1| [thrd:localhost:9092/1]: localhost:9092/1: Connect to ipv6#[::1]:9092 failed: Connection refused (after 0ms in state CONNECT)
2026-09-23 12:23:04,241 [INFO] Produced SG895 | CCU -> HYD | status=ON_TIME delay=0min
%3|1790146384.275|FAIL|rdkafka#producer-1| [thrd:localhost:9092/1]: localhost:9092/1: Connect to ipv4#127.0.0.1:9092 failed: Connection refused (after 0ms in state CONNECT)
%3|1790146385.226|FAIL|rdkafka#producer-1| [thrd:localhost:9092/1]: localhost:9092/1: Connect to ipv6#[::1]:9092 failed: Connection refused (after 0ms in state CONNECT)
2026-09-23 12:23:05,243 [INFO] Produced 6E914 | BOM -> CCU | status=ON_TIME delay=0min
%3|1790146385.282|FAIL|rdkafka#producer-1| [thrd:localhost:9092/bootstrap]: localhost:9092/bootstrap: Connect to ipv4#127.0.0.1:9092 failed: Connection refused (after 0ms in state CONNECT)
%3|1790146386.227|FAIL|rdkafka#producer-1| [thrd:localhost:9092/1]: localhost:9092/1: Connect to ipv4#127.0.0.1:9092 failed: Connection refused (after 0ms in state CONNECT)
2026-09-23 12:23:06,244 [INFO] Produced UK260 | MAA -> HYD | status=ON_TIME delay=0min
%3|1790146386.283|FAIL|rdkafka#producer-1| [thrd:localhost:9092/bootstrap]: localhost:9092/bootstrap: Connect to ipv6#[::1]:9092 failed: Connection refused (after 0ms in state CONNECT)
%3|1790146387.228|FAIL|rdkafka#producer-1| [thrd:localhost:9092/1]: localhost:9092/1: Connect to ipv6#[::1]:9092 failed: Connection refused (after 0ms in state CONNECT)
2026-09-23 12:23:07,249 [INFO] Produced QP754 | MAA -> BOM | status=DELAYED delay=12min
%3|1790146387.284|FAIL|rdkafka#producer-1| [thrd:localhost:9092/1]: localhost:9092/1: Connect to ipv4#127.0.0.1:9092 failed: Connection refused (after 0ms in state CONNECT)
2026-09-23 12:23:08,255 [INFO] Produced 6E785 | BLR -> MAA | status=ON_TIME delay=0min
2026-09-23 12:23:09,259 [INFO] Produced AI899 | BLR -> MAA | status=ON_TIME delay=0min
%3|1790146389.294|FAIL|rdkafka#producer-1| [thrd:localhost:9092/1]: localhost:9092/1: Connect to ipv6#[::1]:9092 failed: Connection refused (after 0ms in state CONNECT)
2026-09-23 12:23:10,264 [INFO] Produced SG789 | DEL -> BOM | status=ON_TIME delay=0min
%3|1790146391.242|FAIL|rdkafka#producer-1| [thrd:localhost:9092/1]: localhost:9092/1: Connect to ipv4#127.0.0.1:9092 failed: Connection refused (after 0ms in state CONNECT)
2026-09-23 12:23:11,270 [INFO] Produced SG665 | HYD -> BLR | status=DELAYED delay=112min
%3|1790146391.298|FAIL|rdkafka#producer-1| [thrd:localhost:9092/1]: localhost:9092/1: Connect to ipv6#[::1]:9092 failed: Connection refused (after 0ms in state CONNECT)
%3|1790146392.248|FAIL|rdkafka#producer-1| [thrd:localhost:9092/1]: localhost:9092/1: Connect to ipv4#127.0.0.1:9092 failed: Connection refused (after 0ms in state CONNECT)
2026-09-23 12:23:12,275 [INFO] Produced SG768 | BOM -> HYD | status=DELAYED delay=23min
%3|1790146392.300|FAIL|rdkafka#producer-1| [thrd:localhost:9092/bootstrap]: localhost:9092/bootstrap: Connect to ipv4#127.0.0.1:9092 failed: Connection refused (after 0ms in state CONNECT)
%3|1790146393.253|FAIL|rdkafka#producer-1| [thrd:localhost:9092/1]: localhost:9092/1: Connect to ipv6#[::1]:9092 failed: Connection refused (after 0ms in state CONNECT)
2026-09-23 12:23:13,279 [INFO] Produced AI763 | DEL -> HYD | status=ON_TIME delay=0min
%3|1790146393.309|FAIL|rdkafka#producer-1| [thrd:localhost:9092/1]: localhost:9092/1: Connect to ipv4#127.0.0.1:9092 failed: Connection refused (after 0ms in state CONNECT)
2026-09-23 12:23:14,286 [INFO] Produced I5100 | DEL -> BLR | status=ON_TIME delay=0min
%3|1790146394.309|FAIL|rdkafka#producer-1| [thrd:localhost:9092/bootstrap]: localhost:9092/bootstrap: Connect to ipv6#[::1]:9092 failed: Connection refused (after 0ms in state CONNECT)
2026-09-23 12:23:15,291 [INFO] Produced AI928 | CCU -> BLR | status=ON_TIME delay=0min
%3|1790146395.311|FAIL|rdkafka#producer-1| [thrd:localhost:9092/1]: localhost:9092/1: Connect to ipv6#[::1]:9092 failed: Connection refused (after 0ms in state CONNECT)
%3|1790146396.261|FAIL|rdkafka#producer-1| [thrd:localhost:9092/bootstrap]: localhost:9092/bootstrap: Connect to ipv4#127.0.0.1:9092 failed: Connection refused (after 0ms in state CONNECT)
2026-09-23 12:23:16,297 [INFO] Produced UK784 | DEL -> BOM | status=ON_TIME delay=0min
%3|1790146396.318|FAIL|rdkafka#producer-1| [thrd:localhost:9092/1]: localhost:9092/1: Connect to ipv4#127.0.0.1:9092 failed: Connection refused (after 0ms in state CONNECT)
%3|1790146397.267|FAIL|rdkafka#producer-1| [thrd:localhost:9092/bootstrap]: localhost:9092/bootstrap: Connect to ipv6#[::1]:9092 failed: Connection refused (after 0ms in state CONNECT)
2026-09-23 12:23:17,302 [INFO] Produced UK860 | BLR -> DEL | status=DELAYED delay=118min
%3|1790146397.323|FAIL|rdkafka#producer-1| [thrd:localhost:9092/bootstrap]: localhost:9092/bootstrap: Connect to ipv4#127.0.0.1:9092 failed: Connection refused (after 0ms in state CONNECT)
2026-09-23 12:23:18,307 [INFO] Produced 6E687 | BOM -> MAA | status=DELAYED delay=120min
%3|1790146398.325|FAIL|rdkafka#producer-1| [thrd:localhost:9092/1]: localhost:9092/1: Connect to ipv6#[::1]:9092 failed: Connection refused (after 0ms in state CONNECT)
%3|1790146399.273|FAIL|rdkafka#producer-1| [thrd:localhost:9092/1]: localhost:9092/1: Connect to ipv4#127.0.0.1:9092 failed: Connection refused (after 0ms in state CONNECT)
2026-09-23 12:23:19,312 [INFO] Produced SG933 | BLR -> BOM | status=DELAYED delay=15min
%3|1790146399.325|FAIL|rdkafka#producer-1| [thrd:localhost:9092/1]: localhost:9092/1: Connect to ipv6#[::1]:9092 failed: Connection refused (after 0ms in state CONNECT)
%3|1790146400.275|FAIL|rdkafka#producer-1| [thrd:localhost:9092/bootstrap]: localhost:9092/bootstrap: Connect to ipv6#[::1]:9092 failed: Connection refused (after 0ms in state CONNECT)
2026-09-23 12:23:20,313 [INFO] Produced SG271 | CCU -> BOM | status=CANCELLED delay=0min
%3|1790146400.331|FAIL|rdkafka#producer-1| [thrd:localhost:9092/bootstrap]: localhost:9092/bootstrap: Connect to ipv4#127.0.0.1:9092 failed: Connection refused (after 0ms in state CONNECT)
2026-09-23 12:23:21,314 [INFO] Produced 6E306 | BLR -> HYD | status=ON_TIME delay=0min
%3|1790146401.331|FAIL|rdkafka#producer-1| [thrd:localhost:9092/1]: localhost:9092/1: Connect to ipv4#127.0.0.1:9092 failed: Connection refused (after 0ms in state CONNECT)
%3|1790146402.279|FAIL|rdkafka#producer-1| [thrd:localhost:9092/1]: localhost:9092/1: Connect to ipv6#[::1]:9092 failed: Connection refused (after 0ms in state CONNECT)
2026-09-23 12:23:22,320 [INFO] Produced AI358 | CCU -> MAA | status=CANCELLED delay=0min
%3|1790146402.335|FAIL|rdkafka#producer-1| [thrd:localhost:9092/1]: localhost:9092/1: Connect to ipv4#127.0.0.1:9092 failed: Connection refused (after 0ms in state CONNECT)
%3|1790146403.284|FAIL|rdkafka#producer-1| [thrd:localhost:9092/1]: localhost:9092/1: Connect to ipv6#[::1]:9092 failed: Connection refused (after 0ms in state CONNECT)
2026-09-23 12:23:23,322 [INFO] Produced SG187 | BLR -> DEL | status=ON_TIME delay=0min
%3|1790146404.289|FAIL|rdkafka#producer-1| [thrd:localhost:9092/1]: localhost:9092/1: Connect to ipv4#127.0.0.1:9092 failed: Connection refused (after 0ms in state CONNECT)
2026-09-23 12:23:24,327 [INFO] Produced AI342 | CCU -> BLR | status=DELAYED delay=91min
%3|1790146404.344|FAIL|rdkafka#producer-1| [thrd:localhost:9092/1]: localhost:9092/1: Connect to ipv6#[::1]:9092 failed: Connection refused (after 0ms in state CONNECT)
2026-09-23 12:23:25,333 [INFO] Produced AI958 | HYD -> DEL | status=ON_TIME delay=0min
%3|1790146405.348|FAIL|rdkafka#producer-1| [thrd:localhost:9092/1]: localhost:9092/1: Connect to ipv4#127.0.0.1:9092 failed: Connection refused (after 0ms in state CONNECT)
%3|1790146406.297|FAIL|rdkafka#producer-1| [thrd:localhost:9092/1]: localhost:9092/1: Connect to ipv6#[::1]:9092 failed: Connection refused (after 0ms in state CONNECT)
2026-09-23 12:23:26,338 [INFO] Produced SG190 | BOM -> MAA | status=DELAYED delay=111min
%3|1790146406.352|FAIL|rdkafka#producer-1| [thrd:localhost:9092/bootstrap]: localhost:9092/bootstrap: Connect to ipv6#[::1]:9092 failed: Connection refused (after 0ms in state CONNECT)
2026-09-23 12:23:27,342 [INFO] Produced AI854 | BOM -> DEL | status=ON_TIME delay=0min
%3|1790146408.304|FAIL|rdkafka#producer-1| [thrd:localhost:9092/bootstrap]: localhost:9092/bootstrap: Connect to ipv4#127.0.0.1:9092 failed: Connection refused (after 0ms in state CONNECT)
2026-09-23 12:23:28,348 [INFO] Produced QP949 | CCU -> HYD | status=DELAYED delay=73min
%3|1790146408.361|FAIL|rdkafka#producer-1| [thrd:localhost:9092/1]: localhost:9092/1: Connect to ipv4#127.0.0.1:9092 failed: Connection refused (after 0ms in state CONNECT)
%3|1790146409.310|FAIL|rdkafka#producer-1| [thrd:localhost:9092/bootstrap]: localhost:9092/bootstrap: Connect to ipv6#[::1]:9092 failed: Connection refused (after 0ms in state CONNECT)
2026-09-23 12:23:29,353 [INFO] Produced SG980 | MAA -> HYD | status=DELAYED delay=26min
%3|1790146409.360|FAIL|rdkafka#producer-1| [thrd:localhost:9092/bootstrap]: localhost:9092/bootstrap: Connect to ipv4#127.0.0.1:9092 failed: Connection refused (after 0ms in state CONNECT)
2026-09-23 12:23:30,357 [INFO] Produced UK638 | BLR -> DEL | status=DELAYED delay=43min
%3|1790146410.365|FAIL|rdkafka#producer-1| [thrd:localhost:9092/1]: localhost:9092/1: Connect to ipv6#[::1]:9092 failed: Connection refused (after 0ms in state CONNECT)
2026-09-23 12:23:31,363 [INFO] Produced AI354 | MAA -> BOM | status=ON_TIME delay=0min
%3|1790146411.370|FAIL|rdkafka#producer-1| [thrd:localhost:9092/1]: localhost:9092/1: Connect to ipv6#[::1]:9092 failed: Connection refused (after 0ms in state CONNECT, 1 identical error(s) suppressed)
%3|1790146412.321|FAIL|rdkafka#producer-1| [thrd:localhost:9092/1]: localhost:9092/1: Connect to ipv4#127.0.0.1:9092 failed: Connection refused (after 0ms in state CONNECT)
2026-09-23 12:23:32,365 [INFO] Produced I5327 | BLR -> HYD | status=ON_TIME delay=0min
%3|1790146412.375|FAIL|rdkafka#producer-1| [thrd:localhost:9092/1]: localhost:9092/1: Connect to ipv6#[::1]:9092 failed: Connection refused (after 0ms in state CONNECT)
%3|1790146413.327|FAIL|rdkafka#producer-1| [thrd:localhost:9092/bootstrap]: localhost:9092/bootstrap: Connect to ipv6#[::1]:9092 failed: Connection refused (after 0ms in state CONNECT)
2026-09-23 12:23:33,367 [INFO] Produced I5619 | HYD -> MAA | status=DELAYED delay=73min
%3|1790146413.383|FAIL|rdkafka#producer-1| [thrd:localhost:9092/1]: localhost:9092/1: Connect to ipv4#127.0.0.1:9092 failed: Connection refused (after 0ms in state CONNECT)
%3|1790146414.332|FAIL|rdkafka#producer-1| [thrd:localhost:9092/bootstrap]: localhost:9092/bootstrap: Connect to ipv6#[::1]:9092 failed: Connection refused (after 0ms in state CONNECT, 1 identical error(s) suppressed)
2026-09-23 12:23:34,369 [INFO] Produced QP483 | CCU -> HYD | status=DELAYED delay=48min
%3|1790146414.386|FAIL|rdkafka#producer-1| [thrd:localhost:9092/bootstrap]: localhost:9092/bootstrap: Connect to ipv4#127.0.0.1:9092 failed: Connection refused (after 0ms in state CONNECT)
%3|1790146415.338|FAIL|rdkafka#producer-1| [thrd:localhost:9092/1]: localhost:9092/1: Connect to ipv6#[::1]:9092 failed: Connection refused (after 0ms in state CONNECT)
2026-09-23 12:23:35,374 [INFO] Produced QP916 | BOM -> BLR | status=ON_TIME delay=0min
%3|1790146415.391|FAIL|rdkafka#producer-1| [thrd:localhost:9092/1]: localhost:9092/1: Connect to ipv4#127.0.0.1:9092 failed: Connection refused (after 0ms in state CONNECT)
%3|1790146416.342|FAIL|rdkafka#producer-1| [thrd:localhost:9092/bootstrap]: localhost:9092/bootstrap: Connect to ipv6#[::1]:9092 failed: Connection refused (after 1ms in state CONNECT)
2026-09-23 12:23:36,375 [INFO] Produced SG276 | CCU -> MAA | status=ON_TIME delay=0min
%3|1790146416.397|FAIL|rdkafka#producer-1| [thrd:localhost:9092/bootstrap]: localhost:9092/bootstrap: Connect to ipv4#127.0.0.1:9092 failed: Connection refused (after 0ms in state CONNECT)
2026-09-23 12:23:37,381 [INFO] Produced 6E593 | CCU -> BLR | status=ON_TIME delay=0min
%3|1790146417.398|FAIL|rdkafka#producer-1| [thrd:localhost:9092/1]: localhost:9092/1: Connect to ipv6#[::1]:9092 failed: Connection refused (after 0ms in state CONNECT)
%3|1790146418.346|FAIL|rdkafka#producer-1| [thrd:localhost:9092/1]: localhost:9092/1: Connect to ipv4#127.0.0.1:9092 failed: Connection refused (after 0ms in state CONNECT)
2026-09-23 12:23:38,385 [INFO] Produced I5184 | BOM -> DEL | status=ON_TIME delay=0min
%3|1790146418.402|FAIL|rdkafka#producer-1| [thrd:localhost:9092/bootstrap]: localhost:9092/bootstrap: Connect to ipv6#[::1]:9092 failed: Connection refused (after 0ms in state CONNECT)
%3|1790146419.352|FAIL|rdkafka#producer-1| [thrd:localhost:9092/bootstrap]: localhost:9092/bootstrap: Connect to ipv4#127.0.0.1:9092 failed: Connection refused (after 0ms in state CONNECT)
2026-09-23 12:23:39,386 [INFO] Produced AI746 | DEL -> CCU | status=ON_TIME delay=0min
%3|1790146420.357|FAIL|rdkafka#producer-1| [thrd:localhost:9092/1]: localhost:9092/1: Connect to ipv6#[::1]:9092 failed: Connection refused (after 0ms in state CONNECT)
2026-09-23 12:23:40,391 [INFO] Produced UK911 | BLR -> CCU | status=ON_TIME delay=0min
%3|1790146420.409|FAIL|rdkafka#producer-1| [thrd:localhost:9092/1]: localhost:9092/1: Connect to ipv4#127.0.0.1:9092 failed: Connection refused (after 0ms in state CONNECT)
%3|1790146421.359|FAIL|rdkafka#producer-1| [thrd:localhost:9092/bootstrap]: localhost:9092/bootstrap: Connect to ipv6#[::1]:9092 failed: Connection refused (after 0ms in state CONNECT)
2026-09-23 12:23:41,396 [INFO] Produced SG925 | DEL -> CCU | status=ON_TIME delay=0min
%3|1790146421.415|FAIL|rdkafka#producer-1| [thrd:localhost:9092/bootstrap]: localhost:9092/bootstrap: Connect to ipv4#127.0.0.1:9092 failed: Connection refused (after 0ms in state CONNECT)
2026-09-23 12:23:42,400 [INFO] Produced I5119 | BOM -> DEL | status=DELAYED delay=78min
%3|1790146422.417|FAIL|rdkafka#producer-1| [thrd:localhost:9092/bootstrap]: localhost:9092/bootstrap: Connect to ipv6#[::1]:9092 failed: Connection refused (after 0ms in state CONNECT)
2026-09-23 12:23:43,405 [INFO] Produced QP314 | DEL -> BOM | status=CANCELLED delay=0min
%3|1790146423.420|FAIL|rdkafka#producer-1| [thrd:localhost:9092/1]: localhost:9092/1: Connect to ipv6#[::1]:9092 failed: Connection refused (after 0ms in state CONNECT)
2026-09-23 12:23:44,408 [INFO] Produced QP132 | HYD -> BLR | status=ON_TIME delay=0min
%3|1790146425.372|FAIL|rdkafka#producer-1| [thrd:localhost:9092/1]: localhost:9092/1: Connect to ipv4#127.0.0.1:9092 failed: Connection refused (after 0ms in state CONNECT)
2026-09-23 12:23:45,414 [INFO] Produced QP569 | HYD -> BLR | status=ON_TIME delay=0min
%3|1790146426.374|FAIL|rdkafka#producer-1| [thrd:localhost:9092/bootstrap]: localhost:9092/bootstrap: Connect to ipv4#127.0.0.1:9092 failed: Connection refused (after 0ms in state CONNECT)
2026-09-23 12:23:46,419 [INFO] Produced SG772 | BLR -> HYD | status=DELAYED delay=98min
2026-09-23 12:23:47,424 [INFO] Produced 6E213 | CCU -> DEL | status=ON_TIME delay=0min
%3|1790146427.431|FAIL|rdkafka#producer-1| [thrd:localhost:9092/bootstrap]: localhost:9092/bootstrap: Connect to ipv6#[::1]:9092 failed: Connection refused (after 0ms in state CONNECT)
%3|1790146428.382|FAIL|rdkafka#producer-1| [thrd:localhost:9092/1]: localhost:9092/1: Connect to ipv6#[::1]:9092 failed: Connection refused (after 0ms in state CONNECT)
2026-09-23 12:23:48,425 [INFO] Produced SG152 | DEL -> MAA | status=ON_TIME delay=0min
%3|1790146428.438|FAIL|rdkafka#producer-1| [thrd:localhost:9092/1]: localhost:9092/1: Connect to ipv4#127.0.0.1:9092 failed: Connection refused (after 0ms in state CONNECT)
2026-09-23 12:23:49,431 [INFO] Produced UK776 | DEL -> MAA | status=ON_TIME delay=0min
%3|1790146429.440|FAIL|rdkafka#producer-1| [thrd:localhost:9092/bootstrap]: localhost:9092/bootstrap: Connect to ipv4#127.0.0.1:9092 failed: Connection refused (after 0ms in state CONNECT)
2026-09-23 12:23:50,435 [INFO] Produced QP147 | BLR -> BOM | status=DELAYED delay=61min
%3|1790146430.446|FAIL|rdkafka#producer-1| [thrd:localhost:9092/bootstrap]: localhost:9092/bootstrap: Connect to ipv6#[::1]:9092 failed: Connection refused (after 0ms in state CONNECT)
%3|1790146431.392|FAIL|rdkafka#producer-1| [thrd:localhost:9092/1]: localhost:9092/1: Connect to ipv6#[::1]:9092 failed: Connection refused (after 1ms in state CONNECT)
2026-09-23 12:23:51,438 [INFO] Produced AI215 | BLR -> CCU | status=ON_TIME delay=0min
%3|1790146431.448|FAIL|rdkafka#producer-1| [thrd:localhost:9092/1]: localhost:9092/1: Connect to ipv4#127.0.0.1:9092 failed: Connection refused (after 0ms in state CONNECT)
2026-09-23 12:23:52,444 [INFO] Produced I5774 | HYD -> DEL | status=ON_TIME delay=0min
%3|1790146432.452|FAIL|rdkafka#producer-1| [thrd:localhost:9092/bootstrap]: localhost:9092/bootstrap: Connect to ipv4#127.0.0.1:9092 failed: Connection refused (after 0ms in state CONNECT)
%3|1790146433.402|FAIL|rdkafka#producer-1| [thrd:localhost:9092/bootstrap]: localhost:9092/bootstrap: Connect to ipv6#[::1]:9092 failed: Connection refused (after 0ms in state CONNECT)
2026-09-23 12:23:53,449 [INFO] Produced I5354 | DEL -> BOM | status=DELAYED delay=109min
%3|1790146434.406|FAIL|rdkafka#producer-1| [thrd:localhost:9092/1]: localhost:9092/1: Connect to ipv6#[::1]:9092 failed: Connection refused (after 0ms in state CONNECT)
2026-09-23 12:23:54,453 [INFO] Produced QP916 | HYD -> BLR | status=ON_TIME delay=0min
%3|1790146434.459|FAIL|rdkafka#producer-1| [thrd:localhost:9092/1]: localhost:9092/1: Connect to ipv4#127.0.0.1:9092 failed: Connection refused (after 0ms in state CONNECT)
%3|1790146435.409|FAIL|rdkafka#producer-1| [thrd:localhost:9092/bootstrap]: localhost:9092/bootstrap: Connect to ipv4#127.0.0.1:9092 failed: Connection refused (after 0ms in state CONNECT)
2026-09-23 12:23:55,457 [INFO] Produced I5652 | BLR -> BOM | status=CANCELLED delay=0min
2026-09-23 12:23:56,458 [INFO] Produced UK941 | BOM -> CCU | status=ON_TIME delay=0min
%3|1790146436.469|FAIL|rdkafka#producer-1| [thrd:localhost:9092/1]: localhost:9092/1: Connect to ipv6#[::1]:9092 failed: Connection refused (after 0ms in state CONNECT)
%3|1790146437.418|FAIL|rdkafka#producer-1| [thrd:localhost:9092/1]: localhost:9092/1: Connect to ipv4#127.0.0.1:9092 failed: Connection refused (after 0ms in state CONNECT)
2026-09-23 12:23:57,464 [INFO] Produced I5486 | HYD -> MAA | status=DELAYED delay=115min
2026-09-23 12:23:58,470 [INFO] Produced QP664 | BOM -> BLR | status=ON_TIME delay=0min
%3|1790146438.478|FAIL|rdkafka#producer-1| [thrd:localhost:9092/1]: localhost:9092/1: Connect to ipv6#[::1]:9092 failed: Connection refused (after 0ms in state CONNECT)
2026-09-23 12:23:59,474 [INFO] Produced I5667 | MAA -> BOM | status=DELAYED delay=104min
%3|1790146439.481|FAIL|rdkafka#producer-1| [thrd:localhost:9092/1]: localhost:9092/1: Connect to ipv4#127.0.0.1:9092 failed: Connection refused (after 0ms in state CONNECT)
%3|1790146440.431|FAIL|rdkafka#producer-1| [thrd:localhost:9092/bootstrap]: localhost:9092/bootstrap: Connect to ipv6#[::1]:9092 failed: Connection refused (after 0ms in state CONNECT)
2026-09-23 12:24:00,480 [INFO] Produced QP241 | DEL -> BOM | status=ON_TIME delay=0min
%3|1790146441.435|FAIL|rdkafka#producer-1| [thrd:localhost:9092/1]: localhost:9092/1: Connect to ipv6#[::1]:9092 failed: Connection refused (after 0ms in state CONNECT)
2026-09-23 12:24:01,485 [INFO] Produced QP758 | BOM -> BLR | status=ON_TIME delay=0min
%3|1790146442.440|FAIL|rdkafka#producer-1| [thrd:localhost:9092/bootstrap]: localhost:9092/bootstrap: Connect to ipv4#127.0.0.1:9092 failed: Connection refused (after 0ms in state CONNECT)
2026-09-23 12:24:02,487 [INFO] Produced SG472 | DEL -> MAA | status=ON_TIME delay=0min
%3|1790146442.494|FAIL|rdkafka#producer-1| [thrd:localhost:9092/1]: localhost:9092/1: Connect to ipv6#[::1]:9092 failed: Connection refused (after 0ms in state CONNECT, 1 identical error(s) suppressed)
%3|1790146443.443|FAIL|rdkafka#producer-1| [thrd:localhost:9092/bootstrap]: localhost:9092/bootstrap: Connect to ipv6#[::1]:9092 failed: Connection refused (after 0ms in state CONNECT)
2026-09-23 12:24:03,493 [INFO] Produced 6E324 | CCU -> BOM | status=ON_TIME delay=0min
%3|1790146444.445|FAIL|rdkafka#producer-1| [thrd:localhost:9092/bootstrap]: localhost:9092/bootstrap: Connect to ipv4#127.0.0.1:9092 failed: Connection refused (after 0ms in state CONNECT)
2026-09-23 12:24:04,498 [INFO] Produced SG143 | MAA -> BOM | status=ON_TIME delay=0min
%3|1790146445.450|FAIL|rdkafka#producer-1| [thrd:localhost:9092/bootstrap]: localhost:9092/bootstrap: Connect to ipv4#127.0.0.1:9092 failed: Connection refused (after 0ms in state CONNECT, 1 identical error(s) suppressed)
2026-09-23 12:24:05,504 [INFO] Produced QP970 | DEL -> HYD | status=DELAYED delay=49min
%3|1790146445.506|FAIL|rdkafka#producer-1| [thrd:localhost:9092/bootstrap]: localhost:9092/bootstrap: Connect to ipv6#[::1]:9092 failed: Connection refused (after 0ms in state CONNECT)
%3|1790146446.454|FAIL|rdkafka#producer-1| [thrd:localhost:9092/1]: localhost:9092/1: Connect to ipv4#127.0.0.1:9092 failed: Connection refused (after 0ms in state CONNECT)
2026-09-23 12:24:06,505 [INFO] Produced AI797 | HYD -> BLR | status=ON_TIME delay=0min
%3|1790146447.455|FAIL|rdkafka#producer-1| [thrd:localhost:9092/bootstrap]: localhost:9092/bootstrap: Connect to ipv4#127.0.0.1:9092 failed: Connection refused (after 0ms in state CONNECT)
2026-09-23 12:24:07,510 [INFO] Produced I5132 | HYD -> BOM | status=ON_TIME delay=0min
%3|1790146447.510|FAIL|rdkafka#producer-1| [thrd:localhost:9092/1]: localhost:9092/1: Connect to ipv6#[::1]:9092 failed: Connection refused (after 0ms in state CONNECT)
%3|1790146448.509|FAIL|rdkafka#producer-1| [thrd:localhost:9092/1]: localhost:9092/1: Connect to ipv4#127.0.0.1:9092 failed: Connection refused (after 0ms in state CONNECT)
2026-09-23 12:24:08,515 [INFO] Produced I5955 | BLR -> CCU | status=DELAYED delay=11min
2026-09-23 12:24:09,516 [INFO] Produced QP221 | BLR -> MAA | status=DELAYED delay=95min
%3|1790146450.469|FAIL|rdkafka#producer-1| [thrd:localhost:9092/1]: localhost:9092/1: Connect to ipv6#[::1]:9092 failed: Connection refused (after 0ms in state CONNECT)
2026-09-23 12:24:10,522 [INFO] Produced I5518 | MAA -> DEL | status=ON_TIME delay=0min
%3|1790146450.524|FAIL|rdkafka#producer-1| [thrd:localhost:9092/bootstrap]: localhost:9092/bootstrap: Connect to ipv6#[::1]:9092 failed: Connection refused (after 0ms in state CONNECT)
%3|1790146451.474|FAIL|rdkafka#producer-1| [thrd:localhost:9092/bootstrap]: localhost:9092/bootstrap: Connect to ipv4#127.0.0.1:9092 failed: Connection refused (after 0ms in state CONNECT)
2026-09-23 12:24:11,527 [INFO] Produced 6E998 | DEL -> CCU | status=ON_TIME delay=0min
%3|1790146451.531|FAIL|rdkafka#producer-1| [thrd:localhost:9092/1]: localhost:9092/1: Connect to ipv4#127.0.0.1:9092 failed: Connection refused (after 0ms in state CONNECT)
%3|1790146452.480|FAIL|rdkafka#producer-1| [thrd:localhost:9092/1]: localhost:9092/1: Connect to ipv6#[::1]:9092 failed: Connection refused (after 0ms in state CONNECT)
2026-09-23 12:24:12,529 [INFO] Produced AI705 | CCU -> BOM | status=ON_TIME delay=0min
%3|1790146452.531|FAIL|rdkafka#producer-1| [thrd:localhost:9092/bootstrap]: localhost:9092/bootstrap: Connect to ipv6#[::1]:9092 failed: Connection refused (after 0ms in state CONNECT)
%3|1790146453.486|FAIL|rdkafka#producer-1| [thrd:localhost:9092/bootstrap]: localhost:9092/bootstrap: Connect to ipv4#127.0.0.1:9092 failed: Connection refused (after 0ms in state CONNECT)
2026-09-23 12:24:13,534 [INFO] Produced AI649 | BLR -> BOM | status=ON_TIME delay=0min
%3|1790146453.542|FAIL|rdkafka#producer-1| [thrd:localhost:9092/1]: localhost:9092/1: Connect to ipv4#127.0.0.1:9092 failed: Connection refused (after 0ms in state CONNECT)
%3|1790146454.491|FAIL|rdkafka#producer-1| [thrd:localhost:9092/1]: localhost:9092/1: Connect to ipv6#[::1]:9092 failed: Connection refused (after 0ms in state CONNECT)
2026-09-23 12:24:14,539 [INFO] Produced 6E369 | HYD -> BOM | status=DELAYED delay=73min
%3|1790146455.493|FAIL|rdkafka#producer-1| [thrd:localhost:9092/bootstrap]: localhost:9092/bootstrap: Connect to ipv6#[::1]:9092 failed: Connection refused (after 0ms in state CONNECT)
2026-09-23 12:24:15,545 [INFO] Produced 6E174 | DEL -> CCU | status=DELAYED delay=114min
%3|1790146456.499|FAIL|rdkafka#producer-1| [thrd:localhost:9092/bootstrap]: localhost:9092/bootstrap: Connect to ipv4#127.0.0.1:9092 failed: Connection refused (after 0ms in state CONNECT)
2026-09-23 12:24:16,550 [INFO] Produced SG190 | DEL -> BLR | status=ON_TIME delay=0min
2026-09-23 12:24:17,553 [INFO] Produced QP191 | BLR -> DEL | status=ON_TIME delay=0min
%3|1790146457.557|FAIL|rdkafka#producer-1| [thrd:localhost:9092/bootstrap]: localhost:9092/bootstrap: Connect to ipv6#[::1]:9092 failed: Connection refused (after 0ms in state CONNECT)
2026-09-23 12:24:18,559 [INFO] Produced 6E291 | MAA -> HYD | status=ON_TIME delay=0min
%3|1790146459.513|FAIL|rdkafka#producer-1| [thrd:localhost:9092/1]: localhost:9092/1: Connect to ipv4#127.0.0.1:9092 failed: Connection refused (after 0ms in state CONNECT)
2026-09-23 12:24:19,564 [INFO] Produced 6E879 | HYD -> BOM | status=DELAYED delay=32min
%3|1790146460.514|FAIL|rdkafka#producer-1| [thrd:localhost:9092/bootstrap]: localhost:9092/bootstrap: Connect to ipv4#127.0.0.1:9092 failed: Connection refused (after 0ms in state CONNECT)
2026-09-23 12:24:20,565 [INFO] Produced I5662 | DEL -> BOM | status=ON_TIME delay=0min
%3|1790146460.571|FAIL|rdkafka#producer-1| [thrd:localhost:9092/1]: localhost:9092/1: Connect to ipv6#[::1]:9092 failed: Connection refused (after 0ms in state CONNECT)
2026-09-23 12:24:21,569 [INFO] Produced SG629 | MAA -> BLR | status=ON_TIME delay=0min
%3|1790146462.526|FAIL|rdkafka#producer-1| [thrd:localhost:9092/bootstrap]: localhost:9092/bootstrap: Connect to ipv6#[::1]:9092 failed: Connection refused (after 0ms in state CONNECT)
2026-09-23 12:24:22,574 [INFO] Produced UK540 | HYD -> BLR | status=ON_TIME delay=0min
%3|1790146462.581|FAIL|rdkafka#producer-1| [thrd:localhost:9092/bootstrap]: localhost:9092/bootstrap: Connect to ipv4#127.0.0.1:9092 failed: Connection refused (after 0ms in state CONNECT)
%3|1790146463.527|FAIL|rdkafka#producer-1| [thrd:localhost:9092/bootstrap]: localhost:9092/bootstrap: Connect to ipv6#[::1]:9092 failed: Connection refused (after 0ms in state CONNECT)
2026-09-23 12:24:23,580 [INFO] Produced AI856 | BLR -> MAA | status=ON_TIME delay=0min
%3|1790146463.580|FAIL|rdkafka#producer-1| [thrd:localhost:9092/1]: localhost:9092/1: Connect to ipv4#127.0.0.1:9092 failed: Connection refused (after 0ms in state CONNECT)
%3|1790146464.529|FAIL|rdkafka#producer-1| [thrd:localhost:9092/1]: localhost:9092/1: Connect to ipv6#[::1]:9092 failed: Connection refused (after 0ms in state CONNECT)
2026-09-23 12:24:24,584 [INFO] Produced AI668 | CCU -> MAA | status=DELAYED delay=45min
%3|1790146465.586|FAIL|rdkafka#producer-1| [thrd:localhost:9092/1]: localhost:9092/1: Connect to ipv4#127.0.0.1:9092 failed: Connection refused (after 0ms in state CONNECT)
2026-09-23 12:24:25,589 [INFO] Produced QP186 | HYD -> DEL | status=ON_TIME delay=0min
%3|1790146466.532|FAIL|rdkafka#producer-1| [thrd:localhost:9092/bootstrap]: localhost:9092/bootstrap: Connect to ipv4#127.0.0.1:9092 failed: Connection refused (after 0ms in state CONNECT)
2026-09-23 12:24:26,592 [INFO] Produced I5524 | HYD -> BLR | status=ON_TIME delay=0min
%3|1790146467.591|FAIL|rdkafka#producer-1| [thrd:localhost:9092/bootstrap]: localhost:9092/bootstrap: Connect to ipv6#[::1]:9092 failed: Connection refused (after 0ms in state CONNECT)
2026-09-23 12:24:27,593 [INFO] Produced AI540 | DEL -> MAA | status=ON_TIME delay=0min
%3|1790146468.541|FAIL|rdkafka#producer-1| [thrd:localhost:9092/bootstrap]: localhost:9092/bootstrap: Connect to ipv4#127.0.0.1:9092 failed: Connection refused (after 1ms in state CONNECT)
%3|1790146468.597|FAIL|rdkafka#producer-1| [thrd:localhost:9092/1]: localhost:9092/1: Connect to ipv6#[::1]:9092 failed: Connection refused (after 0ms in state CONNECT)
2026-09-23 12:24:28,598 [INFO] Produced 6E397 | CCU -> HYD | status=DELAYED delay=60min
%3|1790146469.541|FAIL|rdkafka#producer-1| [thrd:localhost:9092/1]: localhost:9092/1: Connect to ipv4#127.0.0.1:9092 failed: Connection refused (after 0ms in state CONNECT)
%3|1790146469.597|FAIL|rdkafka#producer-1| [thrd:localhost:9092/bootstrap]: localhost:9092/bootstrap: Connect to ipv6#[::1]:9092 failed: Connection refused (after 1ms in state CONNECT)
2026-09-23 12:24:29,602 [INFO] Produced AI860 | BLR -> DEL | status=DELAYED delay=43min
%3|1790146470.547|FAIL|rdkafka#producer-1| [thrd:localhost:9092/1]: localhost:9092/1: Connect to ipv6#[::1]:9092 failed: Connection refused (after 0ms in state CONNECT)
%3|1790146470.602|FAIL|rdkafka#producer-1| [thrd:localhost:9092/1]: localhost:9092/1: Connect to ipv4#127.0.0.1:9092 failed: Connection refused (after 0ms in state CONNECT)
2026-09-23 12:24:30,607 [INFO] Produced SG487 | HYD -> MAA | status=ON_TIME delay=0min
%3|1790146471.549|FAIL|rdkafka#producer-1| [thrd:localhost:9092/bootstrap]: localhost:9092/bootstrap: Connect to ipv4#127.0.0.1:9092 failed: Connection refused (after 0ms in state CONNECT)
%3|1790146471.606|FAIL|rdkafka#producer-1| [thrd:localhost:9092/bootstrap]: localhost:9092/bootstrap: Connect to ipv6#[::1]:9092 failed: Connection refused (after 0ms in state CONNECT)
2026-09-23 12:24:31,610 [INFO] Produced I5107 | HYD -> DEL | status=ON_TIME delay=0min
%3|1790146472.555|FAIL|rdkafka#producer-1| [thrd:localhost:9092/1]: localhost:9092/1: Connect to ipv6#[::1]:9092 failed: Connection refused (after 0ms in state CONNECT)
%3|1790146472.612|FAIL|rdkafka#producer-1| [thrd:localhost:9092/1]: localhost:9092/1: Connect to ipv4#127.0.0.1:9092 failed: Connection refused (after 0ms in state CONNECT)
2026-09-23 12:24:32,615 [INFO] Produced UK192 | CCU -> BLR | status=ON_TIME delay=0min
%3|1790146473.558|FAIL|rdkafka#producer-1| [thrd:localhost:9092/bootstrap]: localhost:9092/bootstrap: Connect to ipv4#127.0.0.1:9092 failed: Connection refused (after 1ms in state CONNECT)
%3|1790146473.614|FAIL|rdkafka#producer-1| [thrd:localhost:9092/1]: localhost:9092/1: Connect to ipv4#127.0.0.1:9092 failed: Connection refused (after 0ms in state CONNECT, 1 identical error(s) suppressed)
2026-09-23 12:24:33,616 [INFO] Produced UK514 | DEL -> HYD | status=ON_TIME delay=0min
%3|1790146474.559|FAIL|rdkafka#producer-1| [thrd:localhost:9092/bootstrap]: localhost:9092/bootstrap: Connect to ipv6#[::1]:9092 failed: Connection refused (after 0ms in state CONNECT)
%3|1790146474.614|FAIL|rdkafka#producer-1| [thrd:localhost:9092/bootstrap]: localhost:9092/bootstrap: Connect to ipv4#127.0.0.1:9092 failed: Connection refused (after 0ms in state CONNECT)
2026-09-23 12:24:34,622 [INFO] Produced AI229 | BLR -> CCU | status=ON_TIME delay=0min
%3|1790146475.565|FAIL|rdkafka#producer-1| [thrd:localhost:9092/bootstrap]: localhost:9092/bootstrap: Connect to ipv6#[::1]:9092 failed: Connection refused (after 0ms in state CONNECT)
2026-09-23 12:24:35,627 [INFO] Produced UK105 | BOM -> MAA | status=ON_TIME delay=0min
%3|1790146476.566|FAIL|rdkafka#producer-1| [thrd:localhost:9092/bootstrap]: localhost:9092/bootstrap: Connect to ipv6#[::1]:9092 failed: Connection refused (after 0ms in state CONNECT, 1 identical error(s) suppressed)
%3|1790146476.620|FAIL|rdkafka#producer-1| [thrd:localhost:9092/bootstrap]: localhost:9092/bootstrap: Connect to ipv4#127.0.0.1:9092 failed: Connection refused (after 0ms in state CONNECT)
2026-09-23 12:24:36,632 [INFO] Produced AI474 | DEL -> BOM | status=ON_TIME delay=0min
%3|1790146477.623|FAIL|rdkafka#producer-1| [thrd:localhost:9092/bootstrap]: localhost:9092/bootstrap: Connect to ipv6#[::1]:9092 failed: Connection refused (after 0ms in state CONNECT)
2026-09-23 12:24:37,634 [INFO] Produced QP844 | BOM -> DEL | status=ON_TIME delay=0min
%3|1790146478.569|FAIL|rdkafka#producer-1| [thrd:localhost:9092/bootstrap]: localhost:9092/bootstrap: Connect to ipv4#127.0.0.1:9092 failed: Connection refused (after 0ms in state CONNECT)
%3|1790146478.624|FAIL|rdkafka#producer-1| [thrd:localhost:9092/bootstrap]: localhost:9092/bootstrap: Connect to ipv6#[::1]:9092 failed: Connection refused (after 0ms in state CONNECT)
2026-09-23 12:24:38,635 [INFO] Produced I5514 | CCU -> MAA | status=ON_TIME delay=0min
%3|1790146479.575|FAIL|rdkafka#producer-1| [thrd:localhost:9092/bootstrap]: localhost:9092/bootstrap: Connect to ipv4#127.0.0.1:9092 failed: Connection refused (after 0ms in state CONNECT)
2026-09-23 12:24:39,640 [INFO] Produced UK845 | BLR -> HYD | status=DELAYED delay=114min
%3|1790146480.577|FAIL|rdkafka#producer-1| [thrd:localhost:9092/1]: localhost:9092/1: Connect to ipv6#[::1]:9092 failed: Connection refused (after 0ms in state CONNECT)
%3|1790146480.632|FAIL|rdkafka#producer-1| [thrd:localhost:9092/bootstrap]: localhost:9092/bootstrap: Connect to ipv6#[::1]:9092 failed: Connection refused (after 0ms in state CONNECT)
2026-09-23 12:24:40,646 [INFO] Produced AI839 | BLR -> BOM | status=ON_TIME delay=0min
%3|1790146481.580|FAIL|rdkafka#producer-1| [thrd:localhost:9092/1]: localhost:9092/1: Connect to ipv4#127.0.0.1:9092 failed: Connection refused (after 0ms in state CONNECT)
%3|1790146481.635|FAIL|rdkafka#producer-1| [thrd:localhost:9092/1]: localhost:9092/1: Connect to ipv6#[::1]:9092 failed: Connection refused (after 0ms in state CONNECT)
2026-09-23 12:24:41,651 [INFO] Produced QP927 | BLR -> MAA | status=ON_TIME delay=0min
%3|1790146482.641|FAIL|rdkafka#producer-1| [thrd:localhost:9092/1]: localhost:9092/1: Connect to ipv4#127.0.0.1:9092 failed: Connection refused (after 0ms in state CONNECT)
2026-09-23 12:24:42,657 [INFO] Produced AI455 | BLR -> BOM | status=DELAYED delay=64min
%3|1790146483.590|FAIL|rdkafka#producer-1| [thrd:localhost:9092/bootstrap]: localhost:9092/bootstrap: Connect to ipv4#127.0.0.1:9092 failed: Connection refused (after 0ms in state CONNECT)
%3|1790146483.645|FAIL|rdkafka#producer-1| [thrd:localhost:9092/1]: localhost:9092/1: Connect to ipv6#[::1]:9092 failed: Connection refused (after 0ms in state CONNECT)
2026-09-23 12:24:43,658 [INFO] Produced I5459 | BOM -> MAA | status=ON_TIME delay=0min
%3|1790146484.595|FAIL|rdkafka#producer-1| [thrd:localhost:9092/1]: localhost:9092/1: Connect to ipv4#127.0.0.1:9092 failed: Connection refused (after 0ms in state CONNECT)
2026-09-23 12:24:44,664 [INFO] Produced AI545 | HYD -> CCU | status=ON_TIME delay=0min
%3|1790146485.596|FAIL|rdkafka#producer-1| [thrd:localhost:9092/bootstrap]: localhost:9092/bootstrap: Connect to ipv6#[::1]:9092 failed: Connection refused (after 0ms in state CONNECT)
2026-09-23 12:24:45,669 [INFO] Produced I5504 | BOM -> DEL | status=ON_TIME delay=0min
%3|1790146486.653|FAIL|rdkafka#producer-1| [thrd:localhost:9092/1]: localhost:9092/1: Connect to ipv6#[::1]:9092 failed: Connection refused (after 0ms in state CONNECT)
2026-09-23 12:24:46,675 [INFO] Produced 6E215 | BOM -> DEL | status=DELAYED delay=117min
%3|1790146487.602|FAIL|rdkafka#producer-1| [thrd:localhost:9092/bootstrap]: localhost:9092/bootstrap: Connect to ipv4#127.0.0.1:9092 failed: Connection refused (after 1ms in state CONNECT)
%3|1790146487.657|FAIL|rdkafka#producer-1| [thrd:localhost:9092/bootstrap]: localhost:9092/bootstrap: Connect to ipv6#[::1]:9092 failed: Connection refused (after 0ms in state CONNECT)
2026-09-23 12:24:47,680 [INFO] Produced UK845 | MAA -> CCU | status=ON_TIME delay=0min
%3|1790146488.606|FAIL|rdkafka#producer-1| [thrd:localhost:9092/bootstrap]: localhost:9092/bootstrap: Connect to ipv4#127.0.0.1:9092 failed: Connection refused (after 0ms in state CONNECT)
%3|1790146488.662|FAIL|rdkafka#producer-1| [thrd:localhost:9092/bootstrap]: localhost:9092/bootstrap: Connect to ipv6#[::1]:9092 failed: Connection refused (after 0ms in state CONNECT)
2026-09-23 12:24:48,686 [INFO] Produced I5836 | MAA -> BOM | status=ON_TIME delay=0min
%3|1790146489.667|FAIL|rdkafka#producer-1| [thrd:localhost:9092/1]: localhost:9092/1: Connect to ipv4#127.0.0.1:9092 failed: Connection refused (after 0ms in state CONNECT)
2026-09-23 12:24:49,691 [INFO] Produced I5911 | DEL -> MAA | status=ON_TIME delay=0min
%3|1790146490.617|FAIL|rdkafka#producer-1| [thrd:localhost:9092/1]: localhost:9092/1: Connect to ipv6#[::1]:9092 failed: Connection refused (after 0ms in state CONNECT)
%3|1790146490.668|FAIL|rdkafka#producer-1| [thrd:localhost:9092/1]: localhost:9092/1: Connect to ipv4#127.0.0.1:9092 failed: Connection refused (after 0ms in state CONNECT)
2026-09-23 12:24:50,692 [INFO] Produced SG782 | HYD -> MAA | status=DELAYED delay=27min
%3|1790146491.675|FAIL|rdkafka#producer-1| [thrd:localhost:9092/bootstrap]: localhost:9092/bootstrap: Connect to ipv4#127.0.0.1:9092 failed: Connection refused (after 1ms in state CONNECT)
2026-09-23 12:24:51,697 [INFO] Produced QP959 | MAA -> HYD | status=ON_TIME delay=0min
%3|1790146492.681|FAIL|rdkafka#producer-1| [thrd:localhost:9092/1]: localhost:9092/1: Connect to ipv6#[::1]:9092 failed: Connection refused (after 0ms in state CONNECT)
2026-09-23 12:24:52,703 [INFO] Produced SG950 | BLR -> HYD | status=ON_TIME delay=0min
%3|1790146493.683|FAIL|rdkafka#producer-1| [thrd:localhost:9092/1]: localhost:9092/1: Connect to ipv4#127.0.0.1:9092 failed: Connection refused (after 0ms in state CONNECT)
2026-09-23 12:24:53,709 [INFO] Produced UK756 | BLR -> BOM | status=CANCELLED delay=0min
2026-09-23 12:24:54,714 [INFO] Produced QP927 | CCU -> MAA | status=DELAYED delay=24min
%3|1790146495.692|FAIL|rdkafka#producer-1| [thrd:localhost:9092/1]: localhost:9092/1: Connect to ipv6#[::1]:9092 failed: Connection refused (after 0ms in state CONNECT)
2026-09-23 12:24:55,718 [INFO] Produced UK491 | BOM -> DEL | status=ON_TIME delay=0min
%3|1790146496.641|FAIL|rdkafka#producer-1| [thrd:localhost:9092/1]: localhost:9092/1: Connect to ipv4#127.0.0.1:9092 failed: Connection refused (after 0ms in state CONNECT)
%3|1790146496.694|FAIL|rdkafka#producer-1| [thrd:localhost:9092/bootstrap]: localhost:9092/bootstrap: Connect to ipv6#[::1]:9092 failed: Connection refused (after 0ms in state CONNECT)
2026-09-23 12:24:56,719 [INFO] Produced UK463 | CCU -> BOM | status=ON_TIME delay=0min
%3|1790146497.646|FAIL|rdkafka#producer-1| [thrd:localhost:9092/1]: localhost:9092/1: Connect to ipv6#[::1]:9092 failed: Connection refused (after 0ms in state CONNECT)
%3|1790146497.700|FAIL|rdkafka#producer-1| [thrd:localhost:9092/bootstrap]: localhost:9092/bootstrap: Connect to ipv4#127.0.0.1:9092 failed: Connection refused (after 0ms in state CONNECT)
2026-09-23 12:24:57,725 [INFO] Produced QP959 | DEL -> BLR | status=ON_TIME delay=0min
%3|1790146498.707|FAIL|rdkafka#producer-1| [thrd:localhost:9092/1]: localhost:9092/1: Connect to ipv4#127.0.0.1:9092 failed: Connection refused (after 0ms in state CONNECT)
2026-09-23 12:24:58,727 [INFO] Produced QP978 | BOM -> BLR | status=ON_TIME delay=0min
%3|1790146499.713|FAIL|rdkafka#producer-1| [thrd:localhost:9092/1]: localhost:9092/1: Connect to ipv6#[::1]:9092 failed: Connection refused (after 0ms in state CONNECT)
2026-09-23 12:24:59,731 [INFO] Produced 6E949 | BOM -> CCU | status=DELAYED delay=100min
%3|1790146500.713|FAIL|rdkafka#producer-1| [thrd:localhost:9092/bootstrap]: localhost:9092/bootstrap: Connect to ipv6#[::1]:9092 failed: Connection refused (after 0ms in state CONNECT)
2026-09-23 12:25:00,733 [INFO] Produced AI953 | CCU -> BLR | status=DELAYED delay=85min
%3|1790146501.665|FAIL|rdkafka#producer-1| [thrd:localhost:9092/1]: localhost:9092/1: Connect to ipv4#127.0.0.1:9092 failed: Connection refused (after 0ms in state CONNECT)
%3|1790146501.718|FAIL|rdkafka#producer-1| [thrd:localhost:9092/bootstrap]: localhost:9092/bootstrap: Connect to ipv4#127.0.0.1:9092 failed: Connection refused (after 0ms in state CONNECT)
2026-09-23 12:25:01,739 [INFO] Produced I5595 | HYD -> BLR | status=ON_TIME delay=0min
%3|1790146502.670|FAIL|rdkafka#producer-1| [thrd:localhost:9092/1]: localhost:9092/1: Connect to ipv6#[::1]:9092 failed: Connection refused (after 0ms in state CONNECT)
%3|1790146502.723|FAIL|rdkafka#producer-1| [thrd:localhost:9092/1]: localhost:9092/1: Connect to ipv4#127.0.0.1:9092 failed: Connection refused (after 0ms in state CONNECT)
2026-09-23 12:25:02,740 [INFO] Produced UK733 | MAA -> HYD | status=DELAYED delay=44min
%3|1790146503.672|FAIL|rdkafka#producer-1| [thrd:localhost:9092/bootstrap]: localhost:9092/bootstrap: Connect to ipv6#[::1]:9092 failed: Connection refused (after 0ms in state CONNECT)
%3|1790146503.727|FAIL|rdkafka#producer-1| [thrd:localhost:9092/bootstrap]: localhost:9092/bootstrap: Connect to ipv4#127.0.0.1:9092 failed: Connection refused (after 0ms in state CONNECT)
2026-09-23 12:25:03,741 [INFO] Produced I5867 | BOM -> BLR | status=DELAYED delay=68min
%3|1790146504.673|FAIL|rdkafka#producer-1| [thrd:localhost:9092/bootstrap]: localhost:9092/bootstrap: Connect to ipv6#[::1]:9092 failed: Connection refused (after 0ms in state CONNECT)
%3|1790146504.729|FAIL|rdkafka#producer-1| [thrd:localhost:9092/bootstrap]: localhost:9092/bootstrap: Connect to ipv4#127.0.0.1:9092 failed: Connection refused (after 0ms in state CONNECT)
2026-09-23 12:25:04,742 [INFO] Produced UK295 | CCU -> DEL | status=DELAYED delay=69min
%3|1790146505.730|FAIL|rdkafka#producer-1| [thrd:localhost:9092/1]: localhost:9092/1: Connect to ipv6#[::1]:9092 failed: Connection refused (after 0ms in state CONNECT)
2026-09-23 12:25:05,747 [INFO] Produced UK308 | BLR -> HYD | status=DELAYED delay=106min
%3|1790146506.676|FAIL|rdkafka#producer-1| [thrd:localhost:9092/1]: localhost:9092/1: Connect to ipv4#127.0.0.1:9092 failed: Connection refused (after 0ms in state CONNECT)
%3|1790146506.733|FAIL|rdkafka#producer-1| [thrd:localhost:9092/1]: localhost:9092/1: Connect to ipv6#[::1]:9092 failed: Connection refused (after 1ms in state CONNECT)
2026-09-23 12:25:06,752 [INFO] Produced 6E514 | DEL -> BLR | status=ON_TIME delay=0min
%3|1790146507.681|FAIL|rdkafka#producer-1| [thrd:localhost:9092/1]: localhost:9092/1: Connect to ipv4#127.0.0.1:9092 failed: Connection refused (after 0ms in state CONNECT)
%3|1790146507.735|FAIL|rdkafka#producer-1| [thrd:localhost:9092/bootstrap]: localhost:9092/bootstrap: Connect to ipv6#[::1]:9092 failed: Connection refused (after 0ms in state CONNECT)
2026-09-23 12:25:07,757 [INFO] Produced UK951 | BLR -> BOM | status=ON_TIME delay=0min
%3|1790146508.682|FAIL|rdkafka#producer-1| [thrd:localhost:9092/1]: localhost:9092/1: Connect to ipv6#[::1]:9092 failed: Connection refused (after 0ms in state CONNECT)
%3|1790146508.738|FAIL|rdkafka#producer-1| [thrd:localhost:9092/1]: localhost:9092/1: Connect to ipv4#127.0.0.1:9092 failed: Connection refused (after 0ms in state CONNECT)
2026-09-23 12:25:08,759 [INFO] Produced AI732 | CCU -> BLR | status=ON_TIME delay=0min
%3|1790146509.686|FAIL|rdkafka#producer-1| [thrd:localhost:9092/bootstrap]: localhost:9092/bootstrap: Connect to ipv6#[::1]:9092 failed: Connection refused (after 0ms in state CONNECT, 1 identical error(s) suppressed)
%3|1790146509.743|FAIL|rdkafka#producer-1| [thrd:localhost:9092/1]: localhost:9092/1: Connect to ipv4#127.0.0.1:9092 failed: Connection refused (after 0ms in state CONNECT, 1 identical error(s) suppressed)
2026-09-23 12:25:09,765 [INFO] Produced UK627 | BOM -> BLR | status=ON_TIME delay=0min
%3|1790146510.691|FAIL|rdkafka#producer-1| [thrd:localhost:9092/bootstrap]: localhost:9092/bootstrap: Connect to ipv4#127.0.0.1:9092 failed: Connection refused (after 0ms in state CONNECT)
2026-09-23 12:25:10,765 [INFO] Produced 6E572 | DEL -> BLR | status=DELAYED delay=17min
%3|1790146511.697|FAIL|rdkafka#producer-1| [thrd:localhost:9092/bootstrap]: localhost:9092/bootstrap: Connect to ipv6#[::1]:9092 failed: Connection refused (after 0ms in state CONNECT)
%3|1790146511.751|FAIL|rdkafka#producer-1| [thrd:localhost:9092/bootstrap]: localhost:9092/bootstrap: Connect to ipv4#127.0.0.1:9092 failed: Connection refused (after 0ms in state CONNECT)
2026-09-23 12:25:11,771 [INFO] Produced SG940 | CCU -> DEL | status=DELAYED delay=83min
%3|1790146512.753|FAIL|rdkafka#producer-1| [thrd:localhost:9092/bootstrap]: localhost:9092/bootstrap: Connect to ipv6#[::1]:9092 failed: Connection refused (after 0ms in state CONNECT)
2026-09-23 12:25:12,776 [INFO] Produced AI733 | HYD -> CCU | status=ON_TIME delay=0min
%3|1790146513.756|FAIL|rdkafka#producer-1| [thrd:localhost:9092/1]: localhost:9092/1: Connect to ipv6#[::1]:9092 failed: Connection refused (after 0ms in state CONNECT)
2026-09-23 12:25:13,782 [INFO] Produced 6E716 | DEL -> BOM | status=ON_TIME delay=0min
%3|1790146514.705|FAIL|rdkafka#producer-1| [thrd:localhost:9092/1]: localhost:9092/1: Connect to ipv4#127.0.0.1:9092 failed: Connection refused (after 0ms in state CONNECT)
2026-09-23 12:25:14,785 [INFO] Produced UK388 | BOM -> DEL | status=ON_TIME delay=0min
%3|1790146515.710|FAIL|rdkafka#producer-1| [thrd:localhost:9092/bootstrap]: localhost:9092/bootstrap: Connect to ipv4#127.0.0.1:9092 failed: Connection refused (after 0ms in state CONNECT)
%3|1790146515.766|FAIL|rdkafka#producer-1| [thrd:localhost:9092/bootstrap]: localhost:9092/bootstrap: Connect to ipv6#[::1]:9092 failed: Connection refused (after 1ms in state CONNECT)
2026-09-23 12:25:15,786 [INFO] Produced QP935 | CCU -> MAA | status=DELAYED delay=120min
%3|1790146516.715|FAIL|rdkafka#producer-1| [thrd:localhost:9092/bootstrap]: localhost:9092/bootstrap: Connect to ipv4#127.0.0.1:9092 failed: Connection refused (after 0ms in state CONNECT)
2026-09-23 12:25:16,792 [INFO] Produced UK172 | MAA -> CCU | status=DELAYED delay=25min
%3|1790146517.720|FAIL|rdkafka#producer-1| [thrd:localhost:9092/bootstrap]: localhost:9092/bootstrap: Connect to ipv6#[::1]:9092 failed: Connection refused (after 0ms in state CONNECT)
%3|1790146517.775|FAIL|rdkafka#producer-1| [thrd:localhost:9092/bootstrap]: localhost:9092/bootstrap: Connect to ipv4#127.0.0.1:9092 failed: Connection refused (after 0ms in state CONNECT)
2026-09-23 12:25:17,793 [INFO] Produced AI381 | DEL -> BOM | status=DELAYED delay=20min
%3|1790146518.724|FAIL|rdkafka#producer-1| [thrd:localhost:9092/1]: localhost:9092/1: Connect to ipv6#[::1]:9092 failed: Connection refused (after 0ms in state CONNECT)
%3|1790146518.780|FAIL|rdkafka#producer-1| [thrd:localhost:9092/bootstrap]: localhost:9092/bootstrap: Connect to ipv6#[::1]:9092 failed: Connection refused (after 0ms in state CONNECT)
2026-09-23 12:25:18,799 [INFO] Produced AI364 | DEL -> BLR | status=ON_TIME delay=0min
%3|1790146519.725|FAIL|rdkafka#producer-1| [thrd:localhost:9092/bootstrap]: localhost:9092/bootstrap: Connect to ipv4#127.0.0.1:9092 failed: Connection refused (after 0ms in state CONNECT)
2026-09-23 12:25:19,801 [INFO] Produced QP622 | BOM -> MAA | status=ON_TIME delay=0min
%3|1790146520.732|FAIL|rdkafka#producer-1| [thrd:localhost:9092/bootstrap]: localhost:9092/bootstrap: Connect to ipv6#[::1]:9092 failed: Connection refused (after 0ms in state CONNECT)
2026-09-23 12:25:20,806 [INFO] Produced I5195 | MAA -> HYD | status=ON_TIME delay=0min
%3|1790146521.734|FAIL|rdkafka#producer-1| [thrd:localhost:9092/1]: localhost:9092/1: Connect to ipv4#127.0.0.1:9092 failed: Connection refused (after 0ms in state CONNECT)
%3|1790146521.786|FAIL|rdkafka#producer-1| [thrd:localhost:9092/bootstrap]: localhost:9092/bootstrap: Connect to ipv4#127.0.0.1:9092 failed: Connection refused (after 0ms in state CONNECT)
2026-09-23 12:25:21,812 [INFO] Produced I5620 | MAA -> HYD | status=ON_TIME delay=0min
%3|1790146522.737|FAIL|rdkafka#producer-1| [thrd:localhost:9092/bootstrap]: localhost:9092/bootstrap: Connect to ipv6#[::1]:9092 failed: Connection refused (after 0ms in state CONNECT)
2026-09-23 12:25:22,817 [INFO] Produced SG904 | MAA -> BOM | status=ON_TIME delay=0min
%3|1790146523.741|FAIL|rdkafka#producer-1| [thrd:localhost:9092/1]: localhost:9092/1: Connect to ipv6#[::1]:9092 failed: Connection refused (after 0ms in state CONNECT)
2026-09-23 12:25:23,822 [INFO] Produced QP227 | HYD -> MAA | status=ON_TIME delay=0min
%3|1790146524.746|FAIL|rdkafka#producer-1| [thrd:localhost:9092/1]: localhost:9092/1: Connect to ipv4#127.0.0.1:9092 failed: Connection refused (after 0ms in state CONNECT)
%3|1790146524.801|FAIL|rdkafka#producer-1| [thrd:localhost:9092/1]: localhost:9092/1: Connect to ipv6#[::1]:9092 failed: Connection refused (after 0ms in state CONNECT)
2026-09-23 12:25:24,828 [INFO] Produced 6E473 | MAA -> CCU | status=ON_TIME delay=0min
%3|1790146525.747|FAIL|rdkafka#producer-1| [thrd:localhost:9092/1]: localhost:9092/1: Connect to ipv4#127.0.0.1:9092 failed: Connection refused (after 0ms in state CONNECT)
%3|1790146525.798|FAIL|rdkafka#producer-1| [thrd:localhost:9092/bootstrap]: localhost:9092/bootstrap: Connect to ipv4#127.0.0.1:9092 failed: Connection refused (after 0ms in state CONNECT)
2026-09-23 12:25:25,828 [INFO] Produced UK556 | MAA -> CCU | status=DELAYED delay=3min
%3|1790146526.808|FAIL|rdkafka#producer-1| [thrd:localhost:9092/1]: localhost:9092/1: Connect to ipv6#[::1]:9092 failed: Connection refused (after 0ms in state CONNECT)
2026-09-23 12:25:26,833 [INFO] Produced SG437 | HYD -> MAA | status=ON_TIME delay=0min
%3|1790146527.810|FAIL|rdkafka#producer-1| [thrd:localhost:9092/1]: localhost:9092/1: Connect to ipv4#127.0.0.1:9092 failed: Connection refused (after 0ms in state CONNECT)
2026-09-23 12:25:27,838 [INFO] Produced I5789 | MAA -> CCU | status=ON_TIME delay=0min
%3|1790146528.815|FAIL|rdkafka#producer-1| [thrd:localhost:9092/1]: localhost:9092/1: Connect to ipv6#[::1]:9092 failed: Connection refused (after 0ms in state CONNECT)
2026-09-23 12:25:28,843 [INFO] Produced AI277 | CCU -> BOM | status=ON_TIME delay=0min
%3|1790146529.764|FAIL|rdkafka#producer-1| [thrd:localhost:9092/1]: localhost:9092/1: Connect to ipv4#127.0.0.1:9092 failed: Connection refused (after 0ms in state CONNECT)
%3|1790146529.817|FAIL|rdkafka#producer-1| [thrd:localhost:9092/bootstrap]: localhost:9092/bootstrap: Connect to ipv6#[::1]:9092 failed: Connection refused (after 0ms in state CONNECT)
2026-09-23 12:25:29,847 [INFO] Produced I5699 | DEL -> MAA | status=DELAYED delay=97min
2026-09-23 12:25:30,852 [INFO] Produced UK263 | HYD -> DEL | status=DELAYED delay=85min
%3|1790146531.771|FAIL|rdkafka#producer-1| [thrd:localhost:9092/bootstrap]: localhost:9092/bootstrap: Connect to ipv4#127.0.0.1:9092 failed: Connection refused (after 0ms in state CONNECT)
%3|1790146531.824|FAIL|rdkafka#producer-1| [thrd:localhost:9092/bootstrap]: localhost:9092/bootstrap: Connect to ipv6#[::1]:9092 failed: Connection refused (after 0ms in state CONNECT)
2026-09-23 12:25:31,857 [INFO] Produced I5110 | DEL -> HYD | status=ON_TIME delay=0min
%3|1790146532.773|FAIL|rdkafka#producer-1| [thrd:localhost:9092/bootstrap]: localhost:9092/bootstrap: Connect to ipv4#127.0.0.1:9092 failed: Connection refused (after 0ms in state CONNECT)
2026-09-23 12:25:32,862 [INFO] Produced QP883 | MAA -> CCU | status=DELAYED delay=113min
%3|1790146533.778|FAIL|rdkafka#producer-1| [thrd:localhost:9092/bootstrap]: localhost:9092/bootstrap: Connect to ipv6#[::1]:9092 failed: Connection refused (after 0ms in state CONNECT)
2026-09-23 12:25:33,863 [INFO] Produced QP484 | HYD -> CCU | status=ON_TIME delay=0min
%3|1790146534.779|FAIL|rdkafka#producer-1| [thrd:localhost:9092/1]: localhost:9092/1: Connect to ipv6#[::1]:9092 failed: Connection refused (after 0ms in state CONNECT)
%3|1790146534.836|FAIL|rdkafka#producer-1| [thrd:localhost:9092/bootstrap]: localhost:9092/bootstrap: Connect to ipv4#127.0.0.1:9092 failed: Connection refused (after 0ms in state CONNECT)
2026-09-23 12:25:34,867 [INFO] Produced AI452 | HYD -> BLR | status=CANCELLED delay=0min
%3|1790146535.785|FAIL|rdkafka#producer-1| [thrd:localhost:9092/bootstrap]: localhost:9092/bootstrap: Connect to ipv6#[::1]:9092 failed: Connection refused (after 0ms in state CONNECT)
%3|1790146535.839|FAIL|rdkafka#producer-1| [thrd:localhost:9092/1]: localhost:9092/1: Connect to ipv4#127.0.0.1:9092 failed: Connection refused (after 0ms in state CONNECT)
2026-09-23 12:25:35,873 [INFO] Produced 6E346 | BOM -> BLR | status=DELAYED delay=27min
%3|1790146536.844|FAIL|rdkafka#producer-1| [thrd:localhost:9092/1]: localhost:9092/1: Connect to ipv6#[::1]:9092 failed: Connection refused (after 0ms in state CONNECT)
2026-09-23 12:25:36,877 [INFO] Produced SG921 | BLR -> BOM | status=DELAYED delay=97min
%3|1790146537.792|FAIL|rdkafka#producer-1| [thrd:localhost:9092/1]: localhost:9092/1: Connect to ipv4#127.0.0.1:9092 failed: Connection refused (after 0ms in state CONNECT)
%3|1790146537.849|FAIL|rdkafka#producer-1| [thrd:localhost:9092/bootstrap]: localhost:9092/bootstrap: Connect to ipv4#127.0.0.1:9092 failed: Connection refused (after 0ms in state CONNECT)
2026-09-23 12:25:37,882 [INFO] Produced 6E980 | MAA -> DEL | status=ON_TIME delay=0min
%3|1790146538.794|FAIL|rdkafka#producer-1| [thrd:localhost:9092/bootstrap]: localhost:9092/bootstrap: Connect to ipv6#[::1]:9092 failed: Connection refused (after 0ms in state CONNECT)
%3|1790146538.847|FAIL|rdkafka#producer-1| [thrd:localhost:9092/bootstrap]: localhost:9092/bootstrap: Connect to ipv4#127.0.0.1:9092 failed: Connection refused (after 0ms in state CONNECT)
2026-09-23 12:25:38,885 [INFO] Produced UK953 | CCU -> BLR | status=ON_TIME delay=0min
%3|1790146539.796|FAIL|rdkafka#producer-1| [thrd:localhost:9092/bootstrap]: localhost:9092/bootstrap: Connect to ipv4#127.0.0.1:9092 failed: Connection refused (after 0ms in state CONNECT, 1 identical error(s) suppressed)
%3|1790146539.847|FAIL|rdkafka#producer-1| [thrd:localhost:9092/1]: localhost:9092/1: Connect to ipv6#[::1]:9092 failed: Connection refused (after 0ms in state CONNECT)
2026-09-23 12:25:39,891 [INFO] Produced I5884 | BLR -> DEL | status=DELAYED delay=15min
%3|1790146540.852|FAIL|rdkafka#producer-1| [thrd:localhost:9092/bootstrap]: localhost:9092/bootstrap: Connect to ipv6#[::1]:9092 failed: Connection refused (after 0ms in state CONNECT)
2026-09-23 12:25:40,893 [INFO] Produced 6E715 | BOM -> HYD | status=ON_TIME delay=0min
%3|1790146541.858|FAIL|rdkafka#producer-1| [thrd:localhost:9092/bootstrap]: localhost:9092/bootstrap: Connect to ipv4#127.0.0.1:9092 failed: Connection refused (after 0ms in state CONNECT)
2026-09-23 12:25:41,898 [INFO] Produced I5867 | BOM -> HYD | status=ON_TIME delay=0min
%3|1790146542.807|FAIL|rdkafka#producer-1| [thrd:localhost:9092/1]: localhost:9092/1: Connect to ipv6#[::1]:9092 failed: Connection refused (after 0ms in state CONNECT, 1 identical error(s) suppressed)
%3|1790146542.863|FAIL|rdkafka#producer-1| [thrd:localhost:9092/1]: localhost:9092/1: Connect to ipv4#127.0.0.1:9092 failed: Connection refused (after 0ms in state CONNECT)
2026-09-23 12:25:42,899 [INFO] Produced I5835 | DEL -> HYD | status=DELAYED delay=73min
2026-09-23 12:25:43,900 [INFO] Produced SG770 | MAA -> BLR | status=ON_TIME delay=0min
%3|1790146544.814|FAIL|rdkafka#producer-1| [thrd:localhost:9092/bootstrap]: localhost:9092/bootstrap: Connect to ipv6#[::1]:9092 failed: Connection refused (after 0ms in state CONNECT)
%3|1790146544.868|FAIL|rdkafka#producer-1| [thrd:localhost:9092/bootstrap]: localhost:9092/bootstrap: Connect to ipv4#127.0.0.1:9092 failed: Connection refused (after 0ms in state CONNECT)
2026-09-23 12:25:44,906 [INFO] Produced 6E607 | BLR -> HYD | status=DELAYED delay=79min
%3|1790146545.867|FAIL|rdkafka#producer-1| [thrd:localhost:9092/bootstrap]: localhost:9092/bootstrap: Connect to ipv6#[::1]:9092 failed: Connection refused (after 0ms in state CONNECT)
2026-09-23 12:25:45,907 [INFO] Produced I5573 | CCU -> BOM | status=ON_TIME delay=0min
%3|1790146546.821|FAIL|rdkafka#producer-1| [thrd:localhost:9092/1]: localhost:9092/1: Connect to ipv6#[::1]:9092 failed: Connection refused (after 0ms in state CONNECT)
%3|1790146546.873|FAIL|rdkafka#producer-1| [thrd:localhost:9092/1]: localhost:9092/1: Connect to ipv4#127.0.0.1:9092 failed: Connection refused (after 0ms in state CONNECT)
2026-09-23 12:25:46,912 [INFO] Produced UK438 | MAA -> BLR | status=DELAYED delay=113min
%3|1790146547.824|FAIL|rdkafka#producer-1| [thrd:localhost:9092/bootstrap]: localhost:9092/bootstrap: Connect to ipv4#127.0.0.1:9092 failed: Connection refused (after 0ms in state CONNECT)
%3|1790146547.880|FAIL|rdkafka#producer-1| [thrd:localhost:9092/bootstrap]: localhost:9092/bootstrap: Connect to ipv6#[::1]:9092 failed: Connection refused (after 0ms in state CONNECT)
2026-09-23 12:25:47,918 [INFO] Produced I5460 | DEL -> CCU | status=ON_TIME delay=0min
%3|1790146548.826|FAIL|rdkafka#producer-1| [thrd:localhost:9092/1]: localhost:9092/1: Connect to ipv6#[::1]:9092 failed: Connection refused (after 0ms in state CONNECT)
%3|1790146548.882|FAIL|rdkafka#producer-1| [thrd:localhost:9092/1]: localhost:9092/1: Connect to ipv4#127.0.0.1:9092 failed: Connection refused (after 0ms in state CONNECT)
2026-09-23 12:25:48,923 [INFO] Produced UK130 | CCU -> BLR | status=DELAYED delay=3min
%3|1790146549.883|FAIL|rdkafka#producer-1| [thrd:localhost:9092/1]: localhost:9092/1: Connect to ipv6#[::1]:9092 failed: Connection refused (after 0ms in state CONNECT)
2026-09-23 12:25:49,928 [INFO] Produced UK789 | MAA -> DEL | status=DELAYED delay=33min
%3|1790146550.827|FAIL|rdkafka#producer-1| [thrd:localhost:9092/1]: localhost:9092/1: Connect to ipv4#127.0.0.1:9092 failed: Connection refused (after 0ms in state CONNECT)
%3|1790146550.884|FAIL|rdkafka#producer-1| [thrd:localhost:9092/1]: localhost:9092/1: Connect to ipv6#[::1]:9092 failed: Connection refused (after 0ms in state CONNECT)
2026-09-23 12:25:50,934 [INFO] Produced AI307 | HYD -> MAA | status=ON_TIME delay=0min
%3|1790146551.833|FAIL|rdkafka#producer-1| [thrd:localhost:9092/1]: localhost:9092/1: Connect to ipv4#127.0.0.1:9092 failed: Connection refused (after 0ms in state CONNECT)
%3|1790146551.885|FAIL|rdkafka#producer-1| [thrd:localhost:9092/1]: localhost:9092/1: Connect to ipv6#[::1]:9092 failed: Connection refused (after 0ms in state CONNECT)
2026-09-23 12:25:51,937 [INFO] Produced AI916 | BLR -> HYD | status=CANCELLED delay=0min
%3|1790146552.836|FAIL|rdkafka#producer-1| [thrd:localhost:9092/1]: localhost:9092/1: Connect to ipv4#127.0.0.1:9092 failed: Connection refused (after 0ms in state CONNECT)
2026-09-23 12:25:52,940 [INFO] Produced SG608 | BOM -> CCU | status=DELAYED delay=89min
%3|1790146553.841|FAIL|rdkafka#producer-1| [thrd:localhost:9092/1]: localhost:9092/1: Connect to ipv6#[::1]:9092 failed: Connection refused (after 0ms in state CONNECT)
%3|1790146553.898|FAIL|rdkafka#producer-1| [thrd:localhost:9092/1]: localhost:9092/1: Connect to ipv4#127.0.0.1:9092 failed: Connection refused (after 0ms in state CONNECT)
2026-09-23 12:25:53,945 [INFO] Produced AI193 | HYD -> MAA | status=DELAYED delay=31min
%3|1790146554.901|FAIL|rdkafka#producer-1| [thrd:localhost:9092/bootstrap]: localhost:9092/bootstrap: Connect to ipv4#127.0.0.1:9092 failed: Connection refused (after 0ms in state CONNECT)
2026-09-23 12:25:54,948 [INFO] Produced 6E223 | DEL -> MAA | status=ON_TIME delay=0min
%3|1790146555.849|FAIL|rdkafka#producer-1| [thrd:localhost:9092/1]: localhost:9092/1: Connect to ipv6#[::1]:9092 failed: Connection refused (after 0ms in state CONNECT)
%3|1790146555.903|FAIL|rdkafka#producer-1| [thrd:localhost:9092/1]: localhost:9092/1: Connect to ipv4#127.0.0.1:9092 failed: Connection refused (after 0ms in state CONNECT)
2026-09-23 12:25:55,949 [INFO] Produced AI966 | CCU -> DEL | status=ON_TIME delay=0min
%3|1790146556.907|FAIL|rdkafka#producer-1| [thrd:localhost:9092/1]: localhost:9092/1: Connect to ipv6#[::1]:9092 failed: Connection refused (after 0ms in state CONNECT)
2026-09-23 12:25:56,950 [INFO] Produced AI147 | BLR -> MAA | status=DELAYED delay=45min
%3|1790146557.914|FAIL|rdkafka#producer-1| [thrd:localhost:9092/1]: localhost:9092/1: Connect to ipv4#127.0.0.1:9092 failed: Connection refused (after 0ms in state CONNECT)
2026-09-23 12:25:57,955 [INFO] Produced SG912 | CCU -> BOM | status=ON_TIME delay=0min
%3|1790146558.863|FAIL|rdkafka#producer-1| [thrd:localhost:9092/1]: localhost:9092/1: Connect to ipv6#[::1]:9092 failed: Connection refused (after 0ms in state CONNECT)
2026-09-23 12:25:58,958 [INFO] Produced AI603 | CCU -> BLR | status=ON_TIME delay=0min
%3|1790146559.867|FAIL|rdkafka#producer-1| [thrd:localhost:9092/1]: localhost:9092/1: Connect to ipv4#127.0.0.1:9092 failed: Connection refused (after 0ms in state CONNECT)
%3|1790146559.923|FAIL|rdkafka#producer-1| [thrd:localhost:9092/1]: localhost:9092/1: Connect to ipv6#[::1]:9092 failed: Connection refused (after 0ms in state CONNECT)
2026-09-23 12:25:59,962 [INFO] Produced UK573 | HYD -> MAA | status=ON_TIME delay=0min
%3|1790146560.925|FAIL|rdkafka#producer-1| [thrd:localhost:9092/1]: localhost:9092/1: Connect to ipv4#127.0.0.1:9092 failed: Connection refused (after 0ms in state CONNECT)
2026-09-23 12:26:00,965 [INFO] Produced QP744 | BOM -> MAA | status=DELAYED delay=56min
%3|1790146561.933|FAIL|rdkafka#producer-1| [thrd:localhost:9092/bootstrap]: localhost:9092/bootstrap: Connect to ipv6#[::1]:9092 failed: Connection refused (after 0ms in state CONNECT)
2026-09-23 12:26:01,971 [INFO] Produced AI493 | MAA -> DEL | status=DELAYED delay=34min
%3|1790146562.936|FAIL|rdkafka#producer-1| [thrd:localhost:9092/bootstrap]: localhost:9092/bootstrap: Connect to ipv4#127.0.0.1:9092 failed: Connection refused (after 0ms in state CONNECT)
2026-09-23 12:26:02,976 [INFO] Produced QP900 | DEL -> MAA | status=CANCELLED delay=0min
%3|1790146563.885|FAIL|rdkafka#producer-1| [thrd:localhost:9092/bootstrap]: localhost:9092/bootstrap: Connect to ipv6#[::1]:9092 failed: Connection refused (after 0ms in state CONNECT)
%3|1790146563.938|FAIL|rdkafka#producer-1| [thrd:localhost:9092/1]: localhost:9092/1: Connect to ipv6#[::1]:9092 failed: Connection refused (after 0ms in state CONNECT)
2026-09-23 12:26:03,982 [INFO] Produced AI239 | HYD -> DEL | status=ON_TIME delay=0min
%3|1790146564.886|FAIL|rdkafka#producer-1| [thrd:localhost:9092/bootstrap]: localhost:9092/bootstrap: Connect to ipv4#127.0.0.1:9092 failed: Connection refused (after 0ms in state CONNECT)
%3|1790146564.941|FAIL|rdkafka#producer-1| [thrd:localhost:9092/bootstrap]: localhost:9092/bootstrap: Connect to ipv6#[::1]:9092 failed: Connection refused (after 0ms in state CONNECT)
2026-09-23 12:26:04,986 [INFO] Produced I5376 | DEL -> HYD | status=ON_TIME delay=0min
%3|1790146565.890|FAIL|rdkafka#producer-1| [thrd:localhost:9092/1]: localhost:9092/1: Connect to ipv4#127.0.0.1:9092 failed: Connection refused (after 0ms in state CONNECT)
%3|1790146565.945|FAIL|rdkafka#producer-1| [thrd:localhost:9092/1]: localhost:9092/1: Connect to ipv6#[::1]:9092 failed: Connection refused (after 0ms in state CONNECT)
2026-09-23 12:26:05,991 [INFO] Produced SG532 | BLR -> HYD | status=ON_TIME delay=0min
%3|1790146566.893|FAIL|rdkafka#producer-1| [thrd:localhost:9092/1]: localhost:9092/1: Connect to ipv4#127.0.0.1:9092 failed: Connection refused (after 0ms in state CONNECT)
%3|1790146566.947|FAIL|rdkafka#producer-1| [thrd:localhost:9092/bootstrap]: localhost:9092/bootstrap: Connect to ipv4#127.0.0.1:9092 failed: Connection refused (after 0ms in state CONNECT)
2026-09-23 12:26:06,993 [INFO] Produced QP292 | CCU -> DEL | status=ON_TIME delay=0min
%3|1790146567.898|FAIL|rdkafka#producer-1| [thrd:localhost:9092/1]: localhost:9092/1: Connect to ipv6#[::1]:9092 failed: Connection refused (after 0ms in state CONNECT)
%3|1790146567.954|FAIL|rdkafka#producer-1| [thrd:localhost:9092/bootstrap]: localhost:9092/bootstrap: Connect to ipv6#[::1]:9092 failed: Connection refused (after 0ms in state CONNECT)
2026-09-23 12:26:07,998 [INFO] Produced AI684 | HYD -> CCU | status=ON_TIME delay=0min
%3|1790146568.900|FAIL|rdkafka#producer-1| [thrd:localhost:9092/1]: localhost:9092/1: Connect to ipv4#127.0.0.1:9092 failed: Connection refused (after 0ms in state CONNECT)
%3|1790146568.951|FAIL|rdkafka#producer-1| [thrd:localhost:9092/1]: localhost:9092/1: Connect to ipv6#[::1]:9092 failed: Connection refused (after 0ms in state CONNECT)
2026-09-23 12:26:09,004 [INFO] Produced UK700 | CCU -> DEL | status=ON_TIME delay=0min
%3|1790146569.959|FAIL|rdkafka#producer-1| [thrd:localhost:9092/1]: localhost:9092/1: Connect to ipv4#127.0.0.1:9092 failed: Connection refused (after 0ms in state CONNECT)
2026-09-23 12:26:10,008 [INFO] Produced SG205 | BLR -> MAA | status=ON_TIME delay=0min
%3|1790146570.906|FAIL|rdkafka#producer-1| [thrd:localhost:9092/bootstrap]: localhost:9092/bootstrap: Connect to ipv4#127.0.0.1:9092 failed: Connection refused (after 0ms in state CONNECT)
2026-09-23 12:26:11,013 [INFO] Produced AI597 | BLR -> BOM | status=CANCELLED delay=0min
%3|1790146571.908|FAIL|rdkafka#producer-1| [thrd:localhost:9092/bootstrap]: localhost:9092/bootstrap: Connect to ipv4#127.0.0.1:9092 failed: Connection refused (after 0ms in state CONNECT, 1 identical error(s) suppressed)
%3|1790146571.964|FAIL|rdkafka#producer-1| [thrd:localhost:9092/bootstrap]: localhost:9092/bootstrap: Connect to ipv6#[::1]:9092 failed: Connection refused (after 0ms in state CONNECT)
2026-09-23 12:26:12,017 [INFO] Produced SG613 | BOM -> CCU | status=ON_TIME delay=0min
%3|1790146572.914|FAIL|rdkafka#producer-1| [thrd:localhost:9092/1]: localhost:9092/1: Connect to ipv6#[::1]:9092 failed: Connection refused (after 0ms in state CONNECT)
%3|1790146572.970|FAIL|rdkafka#producer-1| [thrd:localhost:9092/bootstrap]: localhost:9092/bootstrap: Connect to ipv4#127.0.0.1:9092 failed: Connection refused (after 0ms in state CONNECT)
2026-09-23 12:26:13,022 [INFO] Produced UK117 | BLR -> HYD | status=ON_TIME delay=0min
%3|1790146573.919|FAIL|rdkafka#producer-1| [thrd:localhost:9092/bootstrap]: localhost:9092/bootstrap: Connect to ipv6#[::1]:9092 failed: Connection refused (after 0ms in state CONNECT)
%3|1790146573.974|FAIL|rdkafka#producer-1| [thrd:localhost:9092/1]: localhost:9092/1: Connect to ipv6#[::1]:9092 failed: Connection refused (after 0ms in state CONNECT, 1 identical error(s) suppressed)
2026-09-23 12:26:14,028 [INFO] Produced AI452 | DEL -> HYD | status=DELAYED delay=40min
%3|1790146574.925|FAIL|rdkafka#producer-1| [thrd:localhost:9092/1]: localhost:9092/1: Connect to ipv4#127.0.0.1:9092 failed: Connection refused (after 0ms in state CONNECT)
2026-09-23 12:26:15,033 [INFO] Produced I5788 | DEL -> HYD | status=ON_TIME delay=0min
%3|1790146575.926|FAIL|rdkafka#producer-1| [thrd:localhost:9092/1]: localhost:9092/1: Connect to ipv6#[::1]:9092 failed: Connection refused (after 0ms in state CONNECT)
%3|1790146575.983|FAIL|rdkafka#producer-1| [thrd:localhost:9092/1]: localhost:9092/1: Connect to ipv4#127.0.0.1:9092 failed: Connection refused (after 0ms in state CONNECT)
2026-09-23 12:26:16,039 [INFO] Produced I5775 | CCU -> MAA | status=ON_TIME delay=0min
%3|1790146576.927|FAIL|rdkafka#producer-1| [thrd:localhost:9092/bootstrap]: localhost:9092/bootstrap: Connect to ipv4#127.0.0.1:9092 failed: Connection refused (after 0ms in state CONNECT)
%3|1790146576.980|FAIL|rdkafka#producer-1| [thrd:localhost:9092/bootstrap]: localhost:9092/bootstrap: Connect to ipv6#[::1]:9092 failed: Connection refused (after 0ms in state CONNECT)
2026-09-23 12:26:17,044 [INFO] Produced UK880 | MAA -> CCU | status=DELAYED delay=74min
%3|1790146577.933|FAIL|rdkafka#producer-1| [thrd:localhost:9092/bootstrap]: localhost:9092/bootstrap: Connect to ipv4#127.0.0.1:9092 failed: Connection refused (after 0ms in state CONNECT)
%3|1790146577.987|FAIL|rdkafka#producer-1| [thrd:localhost:9092/1]: localhost:9092/1: Connect to ipv6#[::1]:9092 failed: Connection refused (after 0ms in state CONNECT)
2026-09-23 12:26:18,046 [INFO] Produced AI961 | HYD -> CCU | status=DELAYED delay=16min
%3|1790146578.933|FAIL|rdkafka#producer-1| [thrd:localhost:9092/1]: localhost:9092/1: Connect to ipv4#127.0.0.1:9092 failed: Connection refused (after 0ms in state CONNECT)
%3|1790146578.990|FAIL|rdkafka#producer-1| [thrd:localhost:9092/bootstrap]: localhost:9092/bootstrap: Connect to ipv6#[::1]:9092 failed: Connection refused (after 0ms in state CONNECT)
2026-09-23 12:26:19,051 [INFO] Produced AI600 | BLR -> CCU | status=ON_TIME delay=0min
%3|1790146579.935|FAIL|rdkafka#producer-1| [thrd:localhost:9092/bootstrap]: localhost:9092/bootstrap: Connect to ipv4#127.0.0.1:9092 failed: Connection refused (after 0ms in state CONNECT)
2026-09-23 12:26:20,056 [INFO] Produced AI802 | MAA -> DEL | status=ON_TIME delay=0min
%3|1790146580.941|FAIL|rdkafka#producer-1| [thrd:localhost:9092/1]: localhost:9092/1: Connect to ipv6#[::1]:9092 failed: Connection refused (after 0ms in state CONNECT)
2026-09-23 12:26:21,061 [INFO] Produced AI840 | HYD -> DEL | status=ON_TIME delay=0min
%3|1790146581.946|FAIL|rdkafka#producer-1| [thrd:localhost:9092/bootstrap]: localhost:9092/bootstrap: Connect to ipv6#[::1]:9092 failed: Connection refused (after 0ms in state CONNECT)
%3|1790146582.002|FAIL|rdkafka#producer-1| [thrd:localhost:9092/bootstrap]: localhost:9092/bootstrap: Connect to ipv4#127.0.0.1:9092 failed: Connection refused (after 0ms in state CONNECT)
2026-09-23 12:26:22,064 [INFO] Produced QP822 | BOM -> HYD | status=DELAYED delay=27min
%3|1790146582.952|FAIL|rdkafka#producer-1| [thrd:localhost:9092/bootstrap]: localhost:9092/bootstrap: Connect to ipv6#[::1]:9092 failed: Connection refused (after 0ms in state CONNECT)
2026-09-23 12:26:23,070 [INFO] Produced AI932 | DEL -> MAA | status=CANCELLED delay=0min
%3|1790146583.958|FAIL|rdkafka#producer-1| [thrd:localhost:9092/1]: localhost:9092/1: Connect to ipv4#127.0.0.1:9092 failed: Connection refused (after 0ms in state CONNECT)
2026-09-23 12:26:24,075 [INFO] Produced SG653 | MAA -> HYD | status=DELAYED delay=30min
%3|1790146584.964|FAIL|rdkafka#producer-1| [thrd:localhost:9092/bootstrap]: localhost:9092/bootstrap: Connect to ipv4#127.0.0.1:9092 failed: Connection refused (after 0ms in state CONNECT)
%3|1790146585.017|FAIL|rdkafka#producer-1| [thrd:localhost:9092/bootstrap]: localhost:9092/bootstrap: Connect to ipv6#[::1]:9092 failed: Connection refused (after 0ms in state CONNECT)
2026-09-23 12:26:25,081 [INFO] Produced SG485 | CCU -> MAA | status=ON_TIME delay=0min
%3|1790146585.965|FAIL|rdkafka#producer-1| [thrd:localhost:9092/bootstrap]: localhost:9092/bootstrap: Connect to ipv4#127.0.0.1:9092 failed: Connection refused (after 0ms in state CONNECT)
%3|1790146586.021|FAIL|rdkafka#producer-1| [thrd:localhost:9092/1]: localhost:9092/1: Connect to ipv6#[::1]:9092 failed: Connection refused (after 0ms in state CONNECT)
2026-09-23 12:26:26,086 [INFO] Produced AI260 | BOM -> BLR | status=DELAYED delay=79min
%3|1790146587.024|FAIL|rdkafka#producer-1| [thrd:localhost:9092/1]: localhost:9092/1: Connect to ipv4#127.0.0.1:9092 failed: Connection refused (after 0ms in state CONNECT)
2026-09-23 12:26:27,088 [INFO] Produced UK377 | BOM -> CCU | status=DELAYED delay=65min
%3|1790146587.973|FAIL|rdkafka#producer-1| [thrd:localhost:9092/1]: localhost:9092/1: Connect to ipv6#[::1]:9092 failed: Connection refused (after 0ms in state CONNECT)
2026-09-23 12:26:28,090 [INFO] Produced AI932 | CCU -> MAA | status=DELAYED delay=25min
%3|1790146588.979|FAIL|rdkafka#producer-1| [thrd:localhost:9092/bootstrap]: localhost:9092/bootstrap: Connect to ipv6#[::1]:9092 failed: Connection refused (after 0ms in state CONNECT)
%3|1790146589.034|FAIL|rdkafka#producer-1| [thrd:localhost:9092/bootstrap]: localhost:9092/bootstrap: Connect to ipv4#127.0.0.1:9092 failed: Connection refused (after 0ms in state CONNECT)
2026-09-23 12:26:29,096 [INFO] Produced 6E268 | BLR -> BOM | status=ON_TIME delay=0min
%3|1790146590.037|FAIL|rdkafka#producer-1| [thrd:localhost:9092/bootstrap]: localhost:9092/bootstrap: Connect to ipv6#[::1]:9092 failed: Connection refused (after 0ms in state CONNECT)
2026-09-23 12:26:30,098 [INFO] Produced UK576 | BLR -> CCU | status=DELAYED delay=32min
%3|1790146591.038|FAIL|rdkafka#producer-1| [thrd:localhost:9092/1]: localhost:9092/1: Connect to ipv4#127.0.0.1:9092 failed: Connection refused (after 0ms in state CONNECT)
2026-09-23 12:26:31,100 [INFO] Produced QP574 | MAA -> CCU | status=DELAYED delay=68min
%3|1790146592.044|FAIL|rdkafka#producer-1| [thrd:localhost:9092/1]: localhost:9092/1: Connect to ipv6#[::1]:9092 failed: Connection refused (after 0ms in state CONNECT)
2026-09-23 12:26:32,105 [INFO] Produced UK741 | BOM -> CCU | status=ON_TIME delay=0min
%3|1790146592.991|FAIL|rdkafka#producer-1| [thrd:localhost:9092/bootstrap]: localhost:9092/bootstrap: Connect to ipv4#127.0.0.1:9092 failed: Connection refused (after 0ms in state CONNECT)
%3|1790146593.047|FAIL|rdkafka#producer-1| [thrd:localhost:9092/bootstrap]: localhost:9092/bootstrap: Connect to ipv6#[::1]:9092 failed: Connection refused (after 0ms in state CONNECT)
2026-09-23 12:26:33,106 [INFO] Produced AI603 | BOM -> MAA | status=ON_TIME delay=0min
%3|1790146594.049|FAIL|rdkafka#producer-1| [thrd:localhost:9092/1]: localhost:9092/1: Connect to ipv4#127.0.0.1:9092 failed: Connection refused (after 0ms in state CONNECT)
2026-09-23 12:26:34,112 [INFO] Produced QP217 | MAA -> DEL | status=ON_TIME delay=0min
%3|1790146594.998|FAIL|rdkafka#producer-1| [thrd:localhost:9092/bootstrap]: localhost:9092/bootstrap: Connect to ipv4#127.0.0.1:9092 failed: Connection refused (after 0ms in state CONNECT)
%3|1790146595.050|FAIL|rdkafka#producer-1| [thrd:localhost:9092/bootstrap]: localhost:9092/bootstrap: Connect to ipv6#[::1]:9092 failed: Connection refused (after 0ms in state CONNECT)
2026-09-23 12:26:35,112 [INFO] Produced QP848 | HYD -> BOM | status=ON_TIME delay=0min
%3|1790146596.002|FAIL|rdkafka#producer-1| [thrd:localhost:9092/1]: localhost:9092/1: Connect to ipv6#[::1]:9092 failed: Connection refused (after 0ms in state CONNECT)
%3|1790146596.056|FAIL|rdkafka#producer-1| [thrd:localhost:9092/bootstrap]: localhost:9092/bootstrap: Connect to ipv4#127.0.0.1:9092 failed: Connection refused (after 0ms in state CONNECT)
2026-09-23 12:26:36,118 [INFO] Produced 6E684 | BLR -> CCU | status=CANCELLED delay=0min
%3|1790146597.006|FAIL|rdkafka#producer-1| [thrd:localhost:9092/bootstrap]: localhost:9092/bootstrap: Connect to ipv6#[::1]:9092 failed: Connection refused (after 0ms in state CONNECT)
%3|1790146597.059|FAIL|rdkafka#producer-1| [thrd:localhost:9092/1]: localhost:9092/1: Connect to ipv4#127.0.0.1:9092 failed: Connection refused (after 0ms in state CONNECT)
2026-09-23 12:26:37,123 [INFO] Produced SG754 | BOM -> CCU | status=ON_TIME delay=0min
%3|1790146598.007|FAIL|rdkafka#producer-1| [thrd:localhost:9092/1]: localhost:9092/1: Connect to ipv6#[::1]:9092 failed: Connection refused (after 0ms in state CONNECT)
%3|1790146598.061|FAIL|rdkafka#producer-1| [thrd:localhost:9092/1]: localhost:9092/1: Connect to ipv4#127.0.0.1:9092 failed: Connection refused (after 0ms in state CONNECT)
2026-09-23 12:26:38,126 [INFO] Produced AI656 | BOM -> HYD | status=DELAYED delay=120min
%3|1790146599.014|FAIL|rdkafka#producer-1| [thrd:localhost:9092/bootstrap]: localhost:9092/bootstrap: Connect to ipv4#127.0.0.1:9092 failed: Connection refused (after 0ms in state CONNECT)
%3|1790146599.068|FAIL|rdkafka#producer-1| [thrd:localhost:9092/bootstrap]: localhost:9092/bootstrap: Connect to ipv6#[::1]:9092 failed: Connection refused (after 0ms in state CONNECT)
2026-09-23 12:26:39,131 [INFO] Produced AI506 | MAA -> CCU | status=ON_TIME delay=0min
%3|1790146600.074|FAIL|rdkafka#producer-1| [thrd:localhost:9092/1]: localhost:9092/1: Connect to ipv6#[::1]:9092 failed: Connection refused (after 0ms in state CONNECT)
2026-09-23 12:26:40,134 [INFO] Produced 6E352 | MAA -> HYD | status=ON_TIME delay=0min
%3|1790146601.022|FAIL|rdkafka#producer-1| [thrd:localhost:9092/1]: localhost:9092/1: Connect to ipv4#127.0.0.1:9092 failed: Connection refused (after 0ms in state CONNECT)
%3|1790146601.078|FAIL|rdkafka#producer-1| [thrd:localhost:9092/1]: localhost:9092/1: Connect to ipv6#[::1]:9092 failed: Connection refused (after 0ms in state CONNECT)
2026-09-23 12:26:41,139 [INFO] Produced I5243 | DEL -> BOM | status=DELAYED delay=113min
%3|1790146602.022|FAIL|rdkafka#producer-1| [thrd:localhost:9092/1]: localhost:9092/1: Connect to ipv4#127.0.0.1:9092 failed: Connection refused (after 0ms in state CONNECT)
%3|1790146602.078|FAIL|rdkafka#producer-1| [thrd:localhost:9092/1]: localhost:9092/1: Connect to ipv6#[::1]:9092 failed: Connection refused (after 0ms in state CONNECT)
2026-09-23 12:26:42,142 [INFO] Produced QP805 | BOM -> DEL | status=ON_TIME delay=0min
%3|1790146603.028|FAIL|rdkafka#producer-1| [thrd:localhost:9092/1]: localhost:9092/1: Connect to ipv4#127.0.0.1:9092 failed: Connection refused (after 0ms in state CONNECT)
%3|1790146603.083|FAIL|rdkafka#producer-1| [thrd:localhost:9092/1]: localhost:9092/1: Connect to ipv6#[::1]:9092 failed: Connection refused (after 0ms in state CONNECT)
2026-09-23 12:26:43,144 [INFO] Produced I5905 | DEL -> HYD | status=ON_TIME delay=0min
%3|1790146604.032|FAIL|rdkafka#producer-1| [thrd:localhost:9092/bootstrap]: localhost:9092/bootstrap: Connect to ipv6#[::1]:9092 failed: Connection refused (after 0ms in state CONNECT, 2 identical error(s) suppressed)
%3|1790146604.084|FAIL|rdkafka#producer-1| [thrd:localhost:9092/bootstrap]: localhost:9092/bootstrap: Connect to ipv4#127.0.0.1:9092 failed: Connection refused (after 0ms in state CONNECT)
2026-09-23 12:26:44,149 [INFO] Produced 6E292 | DEL -> BLR | status=DELAYED delay=82min
%3|1790146605.084|FAIL|rdkafka#producer-1| [thrd:localhost:9092/1]: localhost:9092/1: Connect to ipv6#[::1]:9092 failed: Connection refused (after 0ms in state CONNECT, 1 identical error(s) suppressed)
2026-09-23 12:26:45,151 [INFO] Produced 6E482 | CCU -> HYD | status=ON_TIME delay=0min
%3|1790146606.038|FAIL|rdkafka#producer-1| [thrd:localhost:9092/1]: localhost:9092/1: Connect to ipv4#127.0.0.1:9092 failed: Connection refused (after 0ms in state CONNECT)
%3|1790146606.094|FAIL|rdkafka#producer-1| [thrd:localhost:9092/bootstrap]: localhost:9092/bootstrap: Connect to ipv6#[::1]:9092 failed: Connection refused (after 0ms in state CONNECT)
2026-09-23 12:26:46,155 [INFO] Produced SG565 | MAA -> HYD | status=ON_TIME delay=0min
2026-09-23 12:26:47,157 [INFO] Produced UK649 | CCU -> MAA | status=CANCELLED delay=0min
%3|1790146608.045|FAIL|rdkafka#producer-1| [thrd:localhost:9092/1]: localhost:9092/1: Connect to ipv6#[::1]:9092 failed: Connection refused (after 0ms in state CONNECT)
%3|1790146608.100|FAIL|rdkafka#producer-1| [thrd:localhost:9092/1]: localhost:9092/1: Connect to ipv4#127.0.0.1:9092 failed: Connection refused (after 0ms in state CONNECT)
2026-09-23 12:26:48,163 [INFO] Produced AI199 | MAA -> DEL | status=DELAYED delay=47min
%3|1790146609.050|FAIL|rdkafka#producer-1| [thrd:localhost:9092/1]: localhost:9092/1: Connect to ipv6#[::1]:9092 failed: Connection refused (after 0ms in state CONNECT)
%3|1790146609.105|FAIL|rdkafka#producer-1| [thrd:localhost:9092/1]: localhost:9092/1: Connect to ipv4#127.0.0.1:9092 failed: Connection refused (after 0ms in state CONNECT)
2026-09-23 12:26:49,168 [INFO] Produced AI483 | MAA -> BLR | status=ON_TIME delay=0min
%3|1790146610.107|FAIL|rdkafka#producer-1| [thrd:localhost:9092/bootstrap]: localhost:9092/bootstrap: Connect to ipv4#127.0.0.1:9092 failed: Connection refused (after 0ms in state CONNECT)
2026-09-23 12:26:50,173 [INFO] Produced 6E759 | MAA -> BOM | status=ON_TIME delay=0min
%3|1790146611.057|FAIL|rdkafka#producer-1| [thrd:localhost:9092/bootstrap]: localhost:9092/bootstrap: Connect to ipv6#[::1]:9092 failed: Connection refused (after 0ms in state CONNECT)
%3|1790146611.113|FAIL|rdkafka#producer-1| [thrd:localhost:9092/1]: localhost:9092/1: Connect to ipv6#[::1]:9092 failed: Connection refused (after 0ms in state CONNECT)
2026-09-23 12:26:51,178 [INFO] Produced UK618 | CCU -> BOM | status=ON_TIME delay=0min
%3|1790146612.062|FAIL|rdkafka#producer-1| [thrd:localhost:9092/bootstrap]: localhost:9092/bootstrap: Connect to ipv4#127.0.0.1:9092 failed: Connection refused (after 0ms in state CONNECT)
2026-09-23 12:26:52,184 [INFO] Produced SG526 | BLR -> HYD | status=DELAYED delay=101min
%3|1790146613.067|FAIL|rdkafka#producer-1| [thrd:localhost:9092/bootstrap]: localhost:9092/bootstrap: Connect to ipv6#[::1]:9092 failed: Connection refused (after 0ms in state CONNECT)
2026-09-23 12:26:53,189 [INFO] Produced UK152 | BLR -> HYD | status=ON_TIME delay=0min
2026-09-23 12:26:54,193 [INFO] Produced AI300 | CCU -> MAA | status=DELAYED delay=118min
%3|1790146615.073|FAIL|rdkafka#producer-1| [thrd:localhost:9092/1]: localhost:9092/1: Connect to ipv4#127.0.0.1:9092 failed: Connection refused (after 0ms in state CONNECT)
2026-09-23 12:26:55,198 [INFO] Produced AI435 | CCU -> MAA | status=ON_TIME delay=0min
%3|1790146616.131|FAIL|rdkafka#producer-1| [thrd:localhost:9092/1]: localhost:9092/1: Connect to ipv6#[::1]:9092 failed: Connection refused (after 0ms in state CONNECT)
2026-09-23 12:26:56,203 [INFO] Produced SG846 | CCU -> MAA | status=ON_TIME delay=0min
%3|1790146617.135|FAIL|rdkafka#producer-1| [thrd:localhost:9092/1]: localhost:9092/1: Connect to ipv4#127.0.0.1:9092 failed: Connection refused (after 0ms in state CONNECT)
2026-09-23 12:26:57,209 [INFO] Produced 6E910 | MAA -> DEL | status=DELAYED delay=5min
%3|1790146618.083|FAIL|rdkafka#producer-1| [thrd:localhost:9092/bootstrap]: localhost:9092/bootstrap: Connect to ipv4#127.0.0.1:9092 failed: Connection refused (after 1ms in state CONNECT)
%3|1790146618.135|FAIL|rdkafka#producer-1| [thrd:localhost:9092/bootstrap]: localhost:9092/bootstrap: Connect to ipv6#[::1]:9092 failed: Connection refused (after 0ms in state CONNECT)
2026-09-23 12:26:58,214 [INFO] Produced 6E276 | DEL -> BOM | status=DELAYED delay=60min
%3|1790146619.140|FAIL|rdkafka#producer-1| [thrd:localhost:9092/bootstrap]: localhost:9092/bootstrap: Connect to ipv4#127.0.0.1:9092 failed: Connection refused (after 0ms in state CONNECT)
2026-09-23 12:26:59,219 [INFO] Produced 6E976 | MAA -> DEL | status=DELAYED delay=87min
%3|1790146620.088|FAIL|rdkafka#producer-1| [thrd:localhost:9092/1]: localhost:9092/1: Connect to ipv6#[::1]:9092 failed: Connection refused (after 0ms in state CONNECT)
2026-09-23 12:27:00,224 [INFO] Produced I5637 | BOM -> HYD | status=DELAYED delay=102min
%3|1790146621.093|FAIL|rdkafka#producer-1| [thrd:localhost:9092/bootstrap]: localhost:9092/bootstrap: Connect to ipv6#[::1]:9092 failed: Connection refused (after 0ms in state CONNECT)
2026-09-23 12:27:01,229 [INFO] Produced 6E841 | MAA -> BLR | status=CANCELLED delay=0min
%3|1790146622.095|FAIL|rdkafka#producer-1| [thrd:localhost:9092/bootstrap]: localhost:9092/bootstrap: Connect to ipv4#127.0.0.1:9092 failed: Connection refused (after 0ms in state CONNECT)
%3|1790146622.149|FAIL|rdkafka#producer-1| [thrd:localhost:9092/bootstrap]: localhost:9092/bootstrap: Connect to ipv6#[::1]:9092 failed: Connection refused (after 0ms in state CONNECT)
2026-09-23 12:27:02,234 [INFO] Produced UK276 | BLR -> MAA | status=ON_TIME delay=0min
%3|1790146623.153|FAIL|rdkafka#producer-1| [thrd:localhost:9092/1]: localhost:9092/1: Connect to ipv4#127.0.0.1:9092 failed: Connection refused (after 0ms in state CONNECT)
2026-09-23 12:27:03,239 [INFO] Produced I5804 | BLR -> BOM | status=ON_TIME delay=0min
%3|1790146624.101|FAIL|rdkafka#producer-1| [thrd:localhost:9092/1]: localhost:9092/1: Connect to ipv6#[::1]:9092 failed: Connection refused (after 0ms in state CONNECT)
%3|1790146624.157|FAIL|rdkafka#producer-1| [thrd:localhost:9092/1]: localhost:9092/1: Connect to ipv4#127.0.0.1:9092 failed: Connection refused (after 0ms in state CONNECT)
2026-09-23 12:27:04,243 [INFO] Produced 6E145 | BOM -> MAA | status=DELAYED delay=45min
%3|1790146625.102|FAIL|rdkafka#producer-1| [thrd:localhost:9092/1]: localhost:9092/1: Connect to ipv6#[::1]:9092 failed: Connection refused (after 0ms in state CONNECT)
%3|1790146625.158|FAIL|rdkafka#producer-1| [thrd:localhost:9092/1]: localhost:9092/1: Connect to ipv4#127.0.0.1:9092 failed: Connection refused (after 0ms in state CONNECT)
2026-09-23 12:27:05,248 [INFO] Produced UK559 | MAA -> DEL | status=ON_TIME delay=0min
2026-09-23 12:27:06,253 [INFO] Produced UK166 | CCU -> BLR | status=ON_TIME delay=0min
%3|1790146627.111|FAIL|rdkafka#producer-1| [thrd:localhost:9092/1]: localhost:9092/1: Connect to ipv6#[::1]:9092 failed: Connection refused (after 0ms in state CONNECT)
2026-09-23 12:27:07,259 [INFO] Produced QP810 | BOM -> BLR | status=ON_TIME delay=0min
%3|1790146628.114|FAIL|rdkafka#producer-1| [thrd:localhost:9092/1]: localhost:9092/1: Connect to ipv4#127.0.0.1:9092 failed: Connection refused (after 0ms in state CONNECT)
2026-09-23 12:27:08,264 [INFO] Produced AI832 | CCU -> DEL | status=ON_TIME delay=0min
2026-09-23 12:27:09,270 [INFO] Produced 6E459 | CCU -> MAA | status=ON_TIME delay=0min
%3|1790146630.124|FAIL|rdkafka#producer-1| [thrd:localhost:9092/1]: localhost:9092/1: Connect to ipv6#[::1]:9092 failed: Connection refused (after 0ms in state CONNECT)
2026-09-23 12:27:10,273 [INFO] Produced 6E280 | BLR -> BOM | status=DELAYED delay=33min
%3|1790146631.182|FAIL|rdkafka#producer-1| [thrd:localhost:9092/1]: localhost:9092/1: Connect to ipv4#127.0.0.1:9092 failed: Connection refused (after 0ms in state CONNECT)
2026-09-23 12:27:11,279 [INFO] Produced UK915 | MAA -> HYD | status=CANCELLED delay=0min
%3|1790146632.184|FAIL|rdkafka#producer-1| [thrd:localhost:9092/1]: localhost:9092/1: Connect to ipv6#[::1]:9092 failed: Connection refused (after 0ms in state CONNECT)
2026-09-23 12:27:12,284 [INFO] Produced SG273 | BLR -> BOM | status=ON_TIME delay=0min
%3|1790146633.189|FAIL|rdkafka#producer-1| [thrd:localhost:9092/bootstrap]: localhost:9092/bootstrap: Connect to ipv4#127.0.0.1:9092 failed: Connection refused (after 0ms in state CONNECT)
2026-09-23 12:27:13,289 [INFO] Produced QP628 | DEL -> MAA | status=DELAYED delay=82min
%3|1790146634.142|FAIL|rdkafka#producer-1| [thrd:localhost:9092/bootstrap]: localhost:9092/bootstrap: Connect to ipv6#[::1]:9092 failed: Connection refused (after 0ms in state CONNECT)
%3|1790146634.197|FAIL|rdkafka#producer-1| [thrd:localhost:9092/bootstrap]: localhost:9092/bootstrap: Connect to ipv4#127.0.0.1:9092 failed: Connection refused (after 0ms in state CONNECT)
2026-09-23 12:27:14,295 [INFO] Produced AI237 | DEL -> BLR | status=ON_TIME delay=0min
%3|1790146635.147|FAIL|rdkafka#producer-1| [thrd:localhost:9092/1]: localhost:9092/1: Connect to ipv4#127.0.0.1:9092 failed: Connection refused (after 0ms in state CONNECT)
%3|1790146635.201|FAIL|rdkafka#producer-1| [thrd:localhost:9092/bootstrap]: localhost:9092/bootstrap: Connect to ipv6#[::1]:9092 failed: Connection refused (after 0ms in state CONNECT)
2026-09-23 12:27:15,300 [INFO] Produced SG676 | BLR -> MAA | status=ON_TIME delay=0min
%3|1790146636.152|FAIL|rdkafka#producer-1| [thrd:localhost:9092/bootstrap]: localhost:9092/bootstrap: Connect to ipv4#127.0.0.1:9092 failed: Connection refused (after 0ms in state CONNECT)
%3|1790146636.209|FAIL|rdkafka#producer-1| [thrd:localhost:9092/bootstrap]: localhost:9092/bootstrap: Connect to ipv4#127.0.0.1:9092 failed: Connection refused (after 0ms in state CONNECT, 1 identical error(s) suppressed)
2026-09-23 12:27:16,305 [INFO] Produced 6E954 | BOM -> BLR | status=ON_TIME delay=0min
%3|1790146637.158|FAIL|rdkafka#producer-1| [thrd:localhost:9092/1]: localhost:9092/1: Connect to ipv4#127.0.0.1:9092 failed: Connection refused (after 0ms in state CONNECT, 1 identical error(s) suppressed)
%3|1790146637.211|FAIL|rdkafka#producer-1| [thrd:localhost:9092/bootstrap]: localhost:9092/bootstrap: Connect to ipv6#[::1]:9092 failed: Connection refused (after 0ms in state CONNECT)
2026-09-23 12:27:17,311 [INFO] Produced QP466 | DEL -> BLR | status=ON_TIME delay=0min
%3|1790146638.160|FAIL|rdkafka#producer-1| [thrd:localhost:9092/bootstrap]: localhost:9092/bootstrap: Connect to ipv4#127.0.0.1:9092 failed: Connection refused (after 0ms in state CONNECT)
2026-09-23 12:27:18,313 [INFO] Produced UK574 | BLR -> MAA | status=ON_TIME delay=0min
%3|1790146639.165|FAIL|rdkafka#producer-1| [thrd:localhost:9092/1]: localhost:9092/1: Connect to ipv6#[::1]:9092 failed: Connection refused (after 0ms in state CONNECT)
%3|1790146639.221|FAIL|rdkafka#producer-1| [thrd:localhost:9092/1]: localhost:9092/1: Connect to ipv4#127.0.0.1:9092 failed: Connection refused (after 0ms in state CONNECT)
2026-09-23 12:27:19,319 [INFO] Produced SG102 | CCU -> DEL | status=DELAYED delay=82min
%3|1790146640.170|FAIL|rdkafka#producer-1| [thrd:localhost:9092/1]: localhost:9092/1: Connect to ipv6#[::1]:9092 failed: Connection refused (after 0ms in state CONNECT)
2026-09-23 12:27:20,323 [INFO] Produced SG519 | BLR -> BOM | status=ON_TIME delay=0min
%3|1790146641.175|FAIL|rdkafka#producer-1| [thrd:localhost:9092/bootstrap]: localhost:9092/bootstrap: Connect to ipv6#[::1]:9092 failed: Connection refused (after 0ms in state CONNECT)
%3|1790146641.231|FAIL|rdkafka#producer-1| [thrd:localhost:9092/bootstrap]: localhost:9092/bootstrap: Connect to ipv4#127.0.0.1:9092 failed: Connection refused (after 1ms in state CONNECT)
2026-09-23 12:27:21,326 [INFO] Produced AI836 | BOM -> HYD | status=DELAYED delay=19min
%3|1790146642.177|FAIL|rdkafka#producer-1| [thrd:localhost:9092/bootstrap]: localhost:9092/bootstrap: Connect to ipv6#[::1]:9092 failed: Connection refused (after 0ms in state CONNECT)
%3|1790146642.233|FAIL|rdkafka#producer-1| [thrd:localhost:9092/bootstrap]: localhost:9092/bootstrap: Connect to ipv4#127.0.0.1:9092 failed: Connection refused (after 0ms in state CONNECT)
2026-09-23 12:27:22,331 [INFO] Produced SG909 | BOM -> HYD | status=DELAYED delay=27min
%3|1790146643.233|FAIL|rdkafka#producer-1| [thrd:localhost:9092/bootstrap]: localhost:9092/bootstrap: Connect to ipv6#[::1]:9092 failed: Connection refused (after 0ms in state CONNECT)
2026-09-23 12:27:23,333 [INFO] Produced SG642 | BLR -> MAA | status=ON_TIME delay=0min
%3|1790146644.185|FAIL|rdkafka#producer-1| [thrd:localhost:9092/bootstrap]: localhost:9092/bootstrap: Connect to ipv4#127.0.0.1:9092 failed: Connection refused (after 0ms in state CONNECT)
2026-09-23 12:27:24,338 [INFO] Produced UK700 | BOM -> DEL | status=DELAYED delay=7min
%3|1790146645.186|FAIL|rdkafka#producer-1| [thrd:localhost:9092/1]: localhost:9092/1: Connect to ipv4#127.0.0.1:9092 failed: Connection refused (after 0ms in state CONNECT)
2026-09-23 12:27:25,344 [INFO] Produced QP119 | BOM -> CCU | status=DELAYED delay=36min
%3|1790146646.190|FAIL|rdkafka#producer-1| [thrd:localhost:9092/bootstrap]: localhost:9092/bootstrap: Connect to ipv6#[::1]:9092 failed: Connection refused (after 0ms in state CONNECT)
2026-09-23 12:27:26,348 [INFO] Produced 6E462 | HYD -> DEL | status=ON_TIME delay=0min
%3|1790146647.196|FAIL|rdkafka#producer-1| [thrd:localhost:9092/bootstrap]: localhost:9092/bootstrap: Connect to ipv4#127.0.0.1:9092 failed: Connection refused (after 0ms in state CONNECT)
2026-09-23 12:27:27,352 [INFO] Produced QP834 | CCU -> HYD | status=ON_TIME delay=0min
%3|1790146648.199|FAIL|rdkafka#producer-1| [thrd:localhost:9092/1]: localhost:9092/1: Connect to ipv6#[::1]:9092 failed: Connection refused (after 0ms in state CONNECT)
2026-09-23 12:27:28,357 [INFO] Produced 6E349 | BOM -> HYD | status=ON_TIME delay=0min
%3|1790146649.205|FAIL|rdkafka#producer-1| [thrd:localhost:9092/1]: localhost:9092/1: Connect to ipv4#127.0.0.1:9092 failed: Connection refused (after 0ms in state CONNECT)
%3|1790146649.260|FAIL|rdkafka#producer-1| [thrd:localhost:9092/bootstrap]: localhost:9092/bootstrap: Connect to ipv6#[::1]:9092 failed: Connection refused (after 0ms in state CONNECT)
2026-09-23 12:27:29,360 [INFO] Produced AI319 | CCU -> BLR | status=ON_TIME delay=0min
%3|1790146650.210|FAIL|rdkafka#producer-1| [thrd:localhost:9092/1]: localhost:9092/1: Connect to ipv6#[::1]:9092 failed: Connection refused (after 0ms in state CONNECT)
2026-09-23 12:27:30,360 [INFO] Produced AI227 | CCU -> HYD | status=ON_TIME delay=0min
%3|1790146651.215|FAIL|rdkafka#producer-1| [thrd:localhost:9092/bootstrap]: localhost:9092/bootstrap: Connect to ipv4#127.0.0.1:9092 failed: Connection refused (after 0ms in state CONNECT)
%3|1790146651.271|FAIL|rdkafka#producer-1| [thrd:localhost:9092/1]: localhost:9092/1: Connect to ipv4#127.0.0.1:9092 failed: Connection refused (after 0ms in state CONNECT)
2026-09-23 12:27:31,366 [INFO] Produced QP378 | HYD -> DEL | status=ON_TIME delay=0min
%3|1790146652.275|FAIL|rdkafka#producer-1| [thrd:localhost:9092/bootstrap]: localhost:9092/bootstrap: Connect to ipv6#[::1]:9092 failed: Connection refused (after 0ms in state CONNECT)
2026-09-23 12:27:32,371 [INFO] Produced 6E992 | BLR -> BOM | status=ON_TIME delay=0min
%3|1790146653.224|FAIL|rdkafka#producer-1| [thrd:localhost:9092/1]: localhost:9092/1: Connect to ipv6#[::1]:9092 failed: Connection refused (after 0ms in state CONNECT)
2026-09-23 12:27:33,373 [INFO] Produced 6E801 | MAA -> CCU | status=DELAYED delay=40min
%3|1790146654.230|FAIL|rdkafka#producer-1| [thrd:localhost:9092/bootstrap]: localhost:9092/bootstrap: Connect to ipv4#127.0.0.1:9092 failed: Connection refused (after 0ms in state CONNECT)
2026-09-23 12:27:34,379 [INFO] Produced I5476 | BOM -> HYD | status=ON_TIME delay=0min
%3|1790146655.236|FAIL|rdkafka#producer-1| [thrd:localhost:9092/1]: localhost:9092/1: Connect to ipv4#127.0.0.1:9092 failed: Connection refused (after 0ms in state CONNECT)
%3|1790146655.292|FAIL|rdkafka#producer-1| [thrd:localhost:9092/1]: localhost:9092/1: Connect to ipv6#[::1]:9092 failed: Connection refused (after 0ms in state CONNECT)
2026-09-23 12:27:35,384 [INFO] Produced SG888 | BLR -> DEL | status=CANCELLED delay=0min
%3|1790146656.239|FAIL|rdkafka#producer-1| [thrd:localhost:9092/1]: localhost:9092/1: Connect to ipv4#127.0.0.1:9092 failed: Connection refused (after 0ms in state CONNECT)
%3|1790146656.296|FAIL|rdkafka#producer-1| [thrd:localhost:9092/bootstrap]: localhost:9092/bootstrap: Connect to ipv6#[::1]:9092 failed: Connection refused (after 0ms in state CONNECT)
2026-09-23 12:27:36,389 [INFO] Produced SG698 | BOM -> HYD | status=DELAYED delay=97min
%3|1790146657.246|FAIL|rdkafka#producer-1| [thrd:localhost:9092/1]: localhost:9092/1: Connect to ipv6#[::1]:9092 failed: Connection refused (after 0ms in state CONNECT)
%3|1790146657.298|FAIL|rdkafka#producer-1| [thrd:localhost:9092/bootstrap]: localhost:9092/bootstrap: Connect to ipv4#127.0.0.1:9092 failed: Connection refused (after 0ms in state CONNECT)
2026-09-23 12:27:37,393 [INFO] Produced SG504 | DEL -> BLR | status=ON_TIME delay=0min
%3|1790146658.248|FAIL|rdkafka#producer-1| [thrd:localhost:9092/bootstrap]: localhost:9092/bootstrap: Connect to ipv6#[::1]:9092 failed: Connection refused (after 0ms in state CONNECT)
2026-09-23 12:27:38,398 [INFO] Produced 6E886 | BLR -> MAA | status=DELAYED delay=56min
%3|1790146659.251|FAIL|rdkafka#producer-1| [thrd:localhost:9092/1]: localhost:9092/1: Connect to ipv4#127.0.0.1:9092 failed: Connection refused (after 0ms in state CONNECT)
%3|1790146659.307|FAIL|rdkafka#producer-1| [thrd:localhost:9092/bootstrap]: localhost:9092/bootstrap: Connect to ipv4#127.0.0.1:9092 failed: Connection refused (after 0ms in state CONNECT)
2026-09-23 12:27:39,403 [INFO] Produced AI891 | MAA -> DEL | status=DELAYED delay=109min
2026-09-23 12:27:40,409 [INFO] Produced I5667 | HYD -> CCU | status=DELAYED delay=22min
%3|1790146661.257|FAIL|rdkafka#producer-1| [thrd:localhost:9092/bootstrap]: localhost:9092/bootstrap: Connect to ipv6#[::1]:9092 failed: Connection refused (after 0ms in state CONNECT)
%3|1790146661.313|FAIL|rdkafka#producer-1| [thrd:localhost:9092/bootstrap]: localhost:9092/bootstrap: Connect to ipv4#127.0.0.1:9092 failed: Connection refused (after 0ms in state CONNECT)
2026-09-23 12:27:41,414 [INFO] Produced QP647 | HYD -> BLR | status=DELAYED delay=89min
%3|1790146662.263|FAIL|rdkafka#producer-1| [thrd:localhost:9092/1]: localhost:9092/1: Connect to ipv6#[::1]:9092 failed: Connection refused (after 0ms in state CONNECT)
%3|1790146662.317|FAIL|rdkafka#producer-1| [thrd:localhost:9092/1]: localhost:9092/1: Connect to ipv4#127.0.0.1:9092 failed: Connection refused (after 0ms in state CONNECT)
2026-09-23 12:27:42,419 [INFO] Produced SG726 | MAA -> BLR | status=ON_TIME delay=0min
%3|1790146663.323|FAIL|rdkafka#producer-1| [thrd:localhost:9092/bootstrap]: localhost:9092/bootstrap: Connect to ipv6#[::1]:9092 failed: Connection refused (after 0ms in state CONNECT)
2026-09-23 12:27:43,424 [INFO] Produced SG605 | CCU -> HYD | status=ON_TIME delay=0min
%3|1790146664.273|FAIL|rdkafka#producer-1| [thrd:localhost:9092/bootstrap]: localhost:9092/bootstrap: Connect to ipv4#127.0.0.1:9092 failed: Connection refused (after 0ms in state CONNECT)
%3|1790146664.329|FAIL|rdkafka#producer-1| [thrd:localhost:9092/bootstrap]: localhost:9092/bootstrap: Connect to ipv6#[::1]:9092 failed: Connection refused (after 0ms in state CONNECT)
2026-09-23 12:27:44,425 [INFO] Produced I5544 | BOM -> BLR | status=DELAYED delay=76min
%3|1790146665.274|FAIL|rdkafka#producer-1| [thrd:localhost:9092/1]: localhost:9092/1: Connect to ipv6#[::1]:9092 failed: Connection refused (after 0ms in state CONNECT)
%3|1790146665.331|FAIL|rdkafka#producer-1| [thrd:localhost:9092/bootstrap]: localhost:9092/bootstrap: Connect to ipv4#127.0.0.1:9092 failed: Connection refused (after 0ms in state CONNECT)
2026-09-23 12:27:45,431 [INFO] Produced 6E977 | MAA -> HYD | status=DELAYED delay=62min
%3|1790146666.279|FAIL|rdkafka#producer-1| [thrd:localhost:9092/1]: localhost:9092/1: Connect to ipv4#127.0.0.1:9092 failed: Connection refused (after 0ms in state CONNECT)
%3|1790146666.332|FAIL|rdkafka#producer-1| [thrd:localhost:9092/1]: localhost:9092/1: Connect to ipv6#[::1]:9092 failed: Connection refused (after 0ms in state CONNECT)
2026-09-23 12:27:46,433 [INFO] Produced QP883 | CCU -> DEL | status=DELAYED delay=68min
%3|1790146667.285|FAIL|rdkafka#producer-1| [thrd:localhost:9092/1]: localhost:9092/1: Connect to ipv4#127.0.0.1:9092 failed: Connection refused (after 3ms in state CONNECT)
%3|1790146667.338|FAIL|rdkafka#producer-1| [thrd:localhost:9092/bootstrap]: localhost:9092/bootstrap: Connect to ipv6#[::1]:9092 failed: Connection refused (after 0ms in state CONNECT)
2026-09-23 12:27:47,439 [INFO] Produced SG324 | HYD -> MAA | status=ON_TIME delay=0min
%3|1790146668.285|FAIL|rdkafka#producer-1| [thrd:localhost:9092/bootstrap]: localhost:9092/bootstrap: Connect to ipv4#127.0.0.1:9092 failed: Connection refused (after 0ms in state CONNECT)
%3|1790146668.341|FAIL|rdkafka#producer-1| [thrd:localhost:9092/1]: localhost:9092/1: Connect to ipv4#127.0.0.1:9092 failed: Connection refused (after 0ms in state CONNECT, 1 identical error(s) suppressed)
2026-09-23 12:27:48,444 [INFO] Produced QP232 | CCU -> DEL | status=ON_TIME delay=0min
%3|1790146669.290|FAIL|rdkafka#producer-1| [thrd:localhost:9092/bootstrap]: localhost:9092/bootstrap: Connect to ipv4#127.0.0.1:9092 failed: Connection refused (after 0ms in state CONNECT, 1 identical error(s) suppressed)
%3|1790146669.342|FAIL|rdkafka#producer-1| [thrd:localhost:9092/bootstrap]: localhost:9092/bootstrap: Connect to ipv6#[::1]:9092 failed: Connection refused (after 0ms in state CONNECT)
2026-09-23 12:27:49,450 [INFO] Produced AI242 | CCU -> MAA | status=ON_TIME delay=0min
%3|1790146670.346|FAIL|rdkafka#producer-1| [thrd:localhost:9092/1]: localhost:9092/1: Connect to ipv6#[::1]:9092 failed: Connection refused (after 0ms in state CONNECT)
2026-09-23 12:27:50,453 [INFO] Produced I5991 | DEL -> BOM | status=ON_TIME delay=0min
%3|1790146671.299|FAIL|rdkafka#producer-1| [thrd:localhost:9092/bootstrap]: localhost:9092/bootstrap: Connect to ipv4#127.0.0.1:9092 failed: Connection refused (after 0ms in state CONNECT)
%3|1790146671.355|FAIL|rdkafka#producer-1| [thrd:localhost:9092/bootstrap]: localhost:9092/bootstrap: Connect to ipv6#[::1]:9092 failed: Connection refused (after 0ms in state CONNECT)
2026-09-23 12:27:51,456 [INFO] Produced SG986 | BOM -> MAA | status=DELAYED delay=50min
%3|1790146672.304|FAIL|rdkafka#producer-1| [thrd:localhost:9092/1]: localhost:9092/1: Connect to ipv4#127.0.0.1:9092 failed: Connection refused (after 0ms in state CONNECT)
2026-09-23 12:27:52,462 [INFO] Produced SG234 | MAA -> BLR | status=DELAYED delay=77min
%3|1790146673.306|FAIL|rdkafka#producer-1| [thrd:localhost:9092/bootstrap]: localhost:9092/bootstrap: Connect to ipv4#127.0.0.1:9092 failed: Connection refused (after 0ms in state CONNECT)
2026-09-23 12:27:53,465 [INFO] Produced I5373 | BOM -> HYD | status=ON_TIME delay=0min
%3|1790146674.309|FAIL|rdkafka#producer-1| [thrd:localhost:9092/bootstrap]: localhost:9092/bootstrap: Connect to ipv6#[::1]:9092 failed: Connection refused (after 0ms in state CONNECT)
2026-09-23 12:27:54,471 [INFO] Produced 6E303 | DEL -> BLR | status=ON_TIME delay=0min
%3|1790146675.315|FAIL|rdkafka#producer-1| [thrd:localhost:9092/1]: localhost:9092/1: Connect to ipv6#[::1]:9092 failed: Connection refused (after 0ms in state CONNECT)
2026-09-23 12:27:55,476 [INFO] Produced AI478 | BLR -> DEL | status=ON_TIME delay=0min
%3|1790146676.315|FAIL|rdkafka#producer-1| [thrd:localhost:9092/bootstrap]: localhost:9092/bootstrap: Connect to ipv4#127.0.0.1:9092 failed: Connection refused (after 0ms in state CONNECT)
%3|1790146676.371|FAIL|rdkafka#producer-1| [thrd:localhost:9092/bootstrap]: localhost:9092/bootstrap: Connect to ipv6#[::1]:9092 failed: Connection refused (after 0ms in state CONNECT)
2026-09-23 12:27:56,478 [INFO] Produced SG605 | BOM -> CCU | status=DELAYED delay=120min
%3|1790146677.321|FAIL|rdkafka#producer-1| [thrd:localhost:9092/bootstrap]: localhost:9092/bootstrap: Connect to ipv4#127.0.0.1:9092 failed: Connection refused (after 0ms in state CONNECT)
2026-09-23 12:27:57,483 [INFO] Produced 6E577 | HYD -> BOM | status=ON_TIME delay=0min
%3|1790146678.382|FAIL|rdkafka#producer-1| [thrd:localhost:9092/bootstrap]: localhost:9092/bootstrap: Connect to ipv6#[::1]:9092 failed: Connection refused (after 0ms in state CONNECT)
2026-09-23 12:27:58,485 [INFO] Produced QP543 | DEL -> BLR | status=ON_TIME delay=0min
%3|1790146679.385|FAIL|rdkafka#producer-1| [thrd:localhost:9092/1]: localhost:9092/1: Connect to ipv4#127.0.0.1:9092 failed: Connection refused (after 0ms in state CONNECT)
2026-09-23 12:27:59,490 [INFO] Produced AI419 | MAA -> CCU | status=ON_TIME delay=0min
%3|1790146680.332|FAIL|rdkafka#producer-1| [thrd:localhost:9092/1]: localhost:9092/1: Connect to ipv6#[::1]:9092 failed: Connection refused (after 0ms in state CONNECT)
%3|1790146680.385|FAIL|rdkafka#producer-1| [thrd:localhost:9092/bootstrap]: localhost:9092/bootstrap: Connect to ipv4#127.0.0.1:9092 failed: Connection refused (after 0ms in state CONNECT)
2026-09-23 12:28:00,495 [INFO] Produced AI375 | MAA -> DEL | status=ON_TIME delay=0min
%3|1790146681.217|FAIL|rdkafka#producer-1| [thrd:localhost:9092/1]: localhost:9092/1: Connect to ipv4#127.0.0.1:9092 failed: Connection refused (after 0ms in state CONNECT)
%3|1790146681.334|FAIL|rdkafka#producer-1| [thrd:localhost:9092/1]: localhost:9092/1: Connect to ipv6#[::1]:9092 failed: Connection refused (after 0ms in state CONNECT)
%3|1790146681.389|FAIL|rdkafka#producer-1| [thrd:localhost:9092/1]: localhost:9092/1: Connect to ipv4#127.0.0.1:9092 failed: Connection refused (after 0ms in state CONNECT)
2026-09-23 12:28:01,501 [ERROR] Delivery failed for record b'AI984': KafkaError{code=_MSG_TIMED_OUT,val=-192,str="Local: Message timed out"}
2026-09-23 12:28:01,501 [INFO] Produced I5157 | HYD -> BLR | status=ON_TIME delay=0min
%3|1790146682.339|FAIL|rdkafka#producer-1| [thrd:localhost:9092/1]: localhost:9092/1: Connect to ipv6#[::1]:9092 failed: Connection refused (after 0ms in state CONNECT)
%3|1790146682.393|FAIL|rdkafka#producer-1| [thrd:localhost:9092/1]: localhost:9092/1: Connect to ipv4#127.0.0.1:9092 failed: Connection refused (after 0ms in state CONNECT)
2026-09-23 12:28:02,506 [ERROR] Delivery failed for record b'I5790': KafkaError{code=_MSG_TIMED_OUT,val=-192,str="Local: Message timed out"}
2026-09-23 12:28:02,507 [INFO] Produced I5416 | MAA -> HYD | status=ON_TIME delay=0min
%3|1790146683.345|FAIL|rdkafka#producer-1| [thrd:localhost:9092/bootstrap]: localhost:9092/bootstrap: Connect to ipv6#[::1]:9092 failed: Connection refused (after 0ms in state CONNECT)
2026-09-23 12:28:03,512 [ERROR] Delivery failed for record b'I5763': KafkaError{code=_MSG_TIMED_OUT,val=-192,str="Local: Message timed out"}
2026-09-23 12:28:03,512 [INFO] Produced I5129 | HYD -> DEL | status=ON_TIME delay=0min
2026-09-23 12:28:04,518 [ERROR] Delivery failed for record b'SG895': KafkaError{code=_MSG_TIMED_OUT,val=-192,str="Local: Message timed out"}
2026-09-23 12:28:04,518 [INFO] Produced 6E366 | BLR -> HYD | status=ON_TIME delay=0min
2026-09-23 12:28:05,518 [ERROR] Delivery failed for record b'6E914': KafkaError{code=_MSG_TIMED_OUT,val=-192,str="Local: Message timed out"}
2026-09-23 12:28:05,519 [INFO] Produced 6E515 | MAA -> DEL | status=ON_TIME delay=0min
%3|1790146686.358|FAIL|rdkafka#producer-1| [thrd:localhost:9092/1]: localhost:9092/1: Connect to ipv6#[::1]:9092 failed: Connection refused (after 0ms in state CONNECT)
%3|1790146686.413|FAIL|rdkafka#producer-1| [thrd:localhost:9092/1]: localhost:9092/1: Connect to ipv4#127.0.0.1:9092 failed: Connection refused (after 0ms in state CONNECT)
2026-09-23 12:28:06,522 [ERROR] Delivery failed for record b'UK260': KafkaError{code=_MSG_TIMED_OUT,val=-192,str="Local: Message timed out"}
2026-09-23 12:28:06,523 [INFO] Produced 6E380 | BLR -> DEL | status=DELAYED delay=22min
%3|1790146687.419|FAIL|rdkafka#producer-1| [thrd:localhost:9092/bootstrap]: localhost:9092/bootstrap: Connect to ipv4#127.0.0.1:9092 failed: Connection refused (after 0ms in state CONNECT)
2026-09-23 12:28:07,528 [ERROR] Delivery failed for record b'QP754': KafkaError{code=_MSG_TIMED_OUT,val=-192,str="Local: Message timed out"}
2026-09-23 12:28:07,528 [INFO] Produced SG562 | DEL -> BOM | status=ON_TIME delay=0min
%3|1790146688.369|FAIL|rdkafka#producer-1| [thrd:localhost:9092/1]: localhost:9092/1: Connect to ipv6#[::1]:9092 failed: Connection refused (after 0ms in state CONNECT)
%3|1790146688.425|FAIL|rdkafka#producer-1| [thrd:localhost:9092/bootstrap]: localhost:9092/bootstrap: Connect to ipv6#[::1]:9092 failed: Connection refused (after 0ms in state CONNECT)
2026-09-23 12:28:08,534 [ERROR] Delivery failed for record b'6E785': KafkaError{code=_MSG_TIMED_OUT,val=-192,str="Local: Message timed out"}
2026-09-23 12:28:08,534 [INFO] Produced SG781 | DEL -> BLR | status=ON_TIME delay=0min
%3|1790146689.374|FAIL|rdkafka#producer-1| [thrd:localhost:9092/1]: localhost:9092/1: Connect to ipv4#127.0.0.1:9092 failed: Connection refused (after 0ms in state CONNECT)
%3|1790146689.431|FAIL|rdkafka#producer-1| [thrd:localhost:9092/bootstrap]: localhost:9092/bootstrap: Connect to ipv4#127.0.0.1:9092 failed: Connection refused (after 0ms in state CONNECT)
2026-09-23 12:28:09,539 [ERROR] Delivery failed for record b'AI899': KafkaError{code=_MSG_TIMED_OUT,val=-192,str="Local: Message timed out"}
2026-09-23 12:28:09,539 [INFO] Produced AI718 | MAA -> BLR | status=ON_TIME delay=0min
%3|1790146690.430|FAIL|rdkafka#producer-1| [thrd:localhost:9092/1]: localhost:9092/1: Connect to ipv6#[::1]:9092 failed: Connection refused (after 0ms in state CONNECT)
2026-09-23 12:28:10,540 [ERROR] Delivery failed for record b'SG789': KafkaError{code=_MSG_TIMED_OUT,val=-192,str="Local: Message timed out"}
2026-09-23 12:28:10,540 [INFO] Produced I5547 | CCU -> DEL | status=ON_TIME delay=0min
2026-09-23 12:28:11,542 [ERROR] Delivery failed for record b'SG665': KafkaError{code=_MSG_TIMED_OUT,val=-192,str="Local: Message timed out"}
2026-09-23 12:28:11,542 [INFO] Produced UK353 | DEL -> BLR | status=ON_TIME delay=0min
%3|1790146692.382|FAIL|rdkafka#producer-1| [thrd:localhost:9092/1]: localhost:9092/1: Connect to ipv4#127.0.0.1:9092 failed: Connection refused (after 0ms in state CONNECT)
%3|1790146692.433|FAIL|rdkafka#producer-1| [thrd:localhost:9092/1]: localhost:9092/1: Connect to ipv6#[::1]:9092 failed: Connection refused (after 0ms in state CONNECT)
2026-09-23 12:28:12,547 [ERROR] Delivery failed for record b'SG768': KafkaError{code=_MSG_TIMED_OUT,val=-192,str="Local: Message timed out"}
2026-09-23 12:28:12,547 [INFO] Produced SG905 | MAA -> CCU | status=ON_TIME delay=0min
2026-09-23 12:28:13,553 [ERROR] Delivery failed for record b'AI763': KafkaError{code=_MSG_TIMED_OUT,val=-192,str="Local: Message timed out"}
2026-09-23 12:28:13,553 [INFO] Produced UK672 | MAA -> BLR | status=CANCELLED delay=0min
%3|1790146694.448|FAIL|rdkafka#producer-1| [thrd:localhost:9092/1]: localhost:9092/1: Connect to ipv4#127.0.0.1:9092 failed: Connection refused (after 0ms in state CONNECT)
2026-09-23 12:28:14,556 [ERROR] Delivery failed for record b'I5100': KafkaError{code=_MSG_TIMED_OUT,val=-192,str="Local: Message timed out"}
2026-09-23 12:28:14,556 [INFO] Produced SG515 | CCU -> BLR | status=ON_TIME delay=0min
%3|1790146695.399|FAIL|rdkafka#producer-1| [thrd:localhost:9092/1]: localhost:9092/1: Connect to ipv6#[::1]:9092 failed: Connection refused (after 0ms in state CONNECT)
%3|1790146695.456|FAIL|rdkafka#producer-1| [thrd:localhost:9092/1]: localhost:9092/1: Connect to ipv4#127.0.0.1:9092 failed: Connection refused (after 0ms in state CONNECT)
2026-09-23 12:28:15,561 [ERROR] Delivery failed for record b'AI928': KafkaError{code=_MSG_TIMED_OUT,val=-192,str="Local: Message timed out"}
2026-09-23 12:28:15,561 [INFO] Produced QP152 | MAA -> BLR | status=ON_TIME delay=0min
%3|1790146696.456|FAIL|rdkafka#producer-1| [thrd:localhost:9092/bootstrap]: localhost:9092/bootstrap: Connect to ipv6#[::1]:9092 failed: Connection refused (after 0ms in state CONNECT)
2026-09-23 12:28:16,566 [ERROR] Delivery failed for record b'UK784': KafkaError{code=_MSG_TIMED_OUT,val=-192,str="Local: Message timed out"}
2026-09-23 12:28:16,567 [INFO] Produced I5247 | HYD -> BLR | status=ON_TIME delay=0min
%3|1790146697.407|FAIL|rdkafka#producer-1| [thrd:localhost:9092/1]: localhost:9092/1: Connect to ipv6#[::1]:9092 failed: Connection refused (after 0ms in state CONNECT)
2026-09-23 12:28:17,572 [ERROR] Delivery failed for record b'UK860': KafkaError{code=_MSG_TIMED_OUT,val=-192,str="Local: Message timed out"}
2026-09-23 12:28:17,572 [INFO] Produced UK388 | DEL -> BLR | status=ON_TIME delay=0min
%3|1790146698.413|FAIL|rdkafka#producer-1| [thrd:localhost:9092/1]: localhost:9092/1: Connect to ipv4#127.0.0.1:9092 failed: Connection refused (after 0ms in state CONNECT)
2026-09-23 12:28:18,578 [ERROR] Delivery failed for record b'6E687': KafkaError{code=_MSG_TIMED_OUT,val=-192,str="Local: Message timed out"}
2026-09-23 12:28:18,578 [INFO] Produced UK381 | MAA -> DEL | status=DELAYED delay=40min
%3|1790146699.418|FAIL|rdkafka#producer-1| [thrd:localhost:9092/bootstrap]: localhost:9092/bootstrap: Connect to ipv4#127.0.0.1:9092 failed: Connection refused (after 0ms in state CONNECT)
%3|1790146699.474|FAIL|rdkafka#producer-1| [thrd:localhost:9092/bootstrap]: localhost:9092/bootstrap: Connect to ipv4#127.0.0.1:9092 failed: Connection refused (after 0ms in state CONNECT, 1 identical error(s) suppressed)
2026-09-23 12:28:19,579 [ERROR] Delivery failed for record b'SG933': KafkaError{code=_MSG_TIMED_OUT,val=-192,str="Local: Message timed out"}
2026-09-23 12:28:19,579 [INFO] Produced SG203 | CCU -> BOM | status=ON_TIME delay=0min
%3|1790146700.423|FAIL|rdkafka#producer-1| [thrd:localhost:9092/bootstrap]: localhost:9092/bootstrap: Connect to ipv6#[::1]:9092 failed: Connection refused (after 0ms in state CONNECT)
%3|1790146700.480|FAIL|rdkafka#producer-1| [thrd:localhost:9092/1]: localhost:9092/1: Connect to ipv6#[::1]:9092 failed: Connection refused (after 0ms in state CONNECT)
2026-09-23 12:28:20,581 [ERROR] Delivery failed for record b'SG271': KafkaError{code=_MSG_TIMED_OUT,val=-192,str="Local: Message timed out"}
2026-09-23 12:28:20,581 [INFO] Produced I5598 | HYD -> BLR | status=ON_TIME delay=0min
%3|1790146701.426|FAIL|rdkafka#producer-1| [thrd:localhost:9092/bootstrap]: localhost:9092/bootstrap: Connect to ipv4#127.0.0.1:9092 failed: Connection refused (after 0ms in state CONNECT)
%3|1790146701.482|FAIL|rdkafka#producer-1| [thrd:localhost:9092/1]: localhost:9092/1: Connect to ipv4#127.0.0.1:9092 failed: Connection refused (after 0ms in state CONNECT)
2026-09-23 12:28:21,587 [ERROR] Delivery failed for record b'6E306': KafkaError{code=_MSG_TIMED_OUT,val=-192,str="Local: Message timed out"}
2026-09-23 12:28:21,587 [INFO] Produced 6E621 | BLR -> DEL | status=ON_TIME delay=0min
%3|1790146702.427|FAIL|rdkafka#producer-1| [thrd:localhost:9092/1]: localhost:9092/1: Connect to ipv6#[::1]:9092 failed: Connection refused (after 0ms in state CONNECT)
%3|1790146702.483|FAIL|rdkafka#producer-1| [thrd:localhost:9092/bootstrap]: localhost:9092/bootstrap: Connect to ipv6#[::1]:9092 failed: Connection refused (after 0ms in state CONNECT)
2026-09-23 12:28:22,592 [ERROR] Delivery failed for record b'AI358': KafkaError{code=_MSG_TIMED_OUT,val=-192,str="Local: Message timed out"}
2026-09-23 12:28:22,592 [INFO] Produced UK708 | DEL -> CCU | status=DELAYED delay=36min
%3|1790146703.432|FAIL|rdkafka#producer-1| [thrd:localhost:9092/1]: localhost:9092/1: Connect to ipv4#127.0.0.1:9092 failed: Connection refused (after 0ms in state CONNECT)
%3|1790146703.487|FAIL|rdkafka#producer-1| [thrd:localhost:9092/1]: localhost:9092/1: Connect to ipv6#[::1]:9092 failed: Connection refused (after 0ms in state CONNECT)
2026-09-23 12:28:23,598 [ERROR] Delivery failed for record b'SG187': KafkaError{code=_MSG_TIMED_OUT,val=-192,str="Local: Message timed out"}
2026-09-23 12:28:23,598 [INFO] Produced QP765 | DEL -> CCU | status=ON_TIME delay=0min
%3|1790146704.437|FAIL|rdkafka#producer-1| [thrd:localhost:9092/bootstrap]: localhost:9092/bootstrap: Connect to ipv4#127.0.0.1:9092 failed: Connection refused (after 0ms in state CONNECT)
%3|1790146704.492|FAIL|rdkafka#producer-1| [thrd:localhost:9092/bootstrap]: localhost:9092/bootstrap: Connect to ipv6#[::1]:9092 failed: Connection refused (after 0ms in state CONNECT)
2026-09-23 12:28:24,603 [ERROR] Delivery failed for record b'AI342': KafkaError{code=_MSG_TIMED_OUT,val=-192,str="Local: Message timed out"}
2026-09-23 12:28:24,603 [INFO] Produced QP615 | HYD -> BLR | status=ON_TIME delay=0min
%3|1790146705.498|FAIL|rdkafka#producer-1| [thrd:localhost:9092/1]: localhost:9092/1: Connect to ipv6#[::1]:9092 failed: Connection refused (after 0ms in state CONNECT, 1 identical error(s) suppressed)
2026-09-23 12:28:25,609 [ERROR] Delivery failed for record b'AI958': KafkaError{code=_MSG_TIMED_OUT,val=-192,str="Local: Message timed out"}
2026-09-23 12:28:25,609 [INFO] Produced UK875 | DEL -> HYD | status=DELAYED delay=96min
%3|1790146706.447|FAIL|rdkafka#producer-1| [thrd:localhost:9092/bootstrap]: localhost:9092/bootstrap: Connect to ipv4#127.0.0.1:9092 failed: Connection refused (after 0ms in state CONNECT)
%3|1790146706.503|FAIL|rdkafka#producer-1| [thrd:localhost:9092/bootstrap]: localhost:9092/bootstrap: Connect to ipv6#[::1]:9092 failed: Connection refused (after 0ms in state CONNECT)
2026-09-23 12:28:26,615 [ERROR] Delivery failed for record b'SG190': KafkaError{code=_MSG_TIMED_OUT,val=-192,str="Local: Message timed out"}
2026-09-23 12:28:26,615 [INFO] Produced I5260 | CCU -> DEL | status=DELAYED delay=32min
%3|1790146707.507|FAIL|rdkafka#producer-1| [thrd:localhost:9092/1]: localhost:9092/1: Connect to ipv4#127.0.0.1:9092 failed: Connection refused (after 0ms in state CONNECT)
2026-09-23 12:28:27,617 [ERROR] Delivery failed for record b'AI854': KafkaError{code=_MSG_TIMED_OUT,val=-192,str="Local: Message timed out"}
2026-09-23 12:28:27,617 [INFO] Produced 6E191 | CCU -> MAA | status=ON_TIME delay=0min
%3|1790146708.454|FAIL|rdkafka#producer-1| [thrd:localhost:9092/1]: localhost:9092/1: Connect to ipv6#[::1]:9092 failed: Connection refused (after 0ms in state CONNECT)
2026-09-23 12:28:28,620 [ERROR] Delivery failed for record b'QP949': KafkaError{code=_MSG_TIMED_OUT,val=-192,str="Local: Message timed out"}
2026-09-23 12:28:28,621 [INFO] Produced UK346 | BOM -> CCU | status=ON_TIME delay=0min
%3|1790146709.460|FAIL|rdkafka#producer-1| [thrd:localhost:9092/1]: localhost:9092/1: Connect to ipv4#127.0.0.1:9092 failed: Connection refused (after 0ms in state CONNECT)
2026-09-23 12:28:29,626 [ERROR] Delivery failed for record b'SG980': KafkaError{code=_MSG_TIMED_OUT,val=-192,str="Local: Message timed out"}
2026-09-23 12:28:29,626 [INFO] Produced AI313 | BOM -> DEL | status=DELAYED delay=30min
%3|1790146710.462|FAIL|rdkafka#producer-1| [thrd:localhost:9092/bootstrap]: localhost:9092/bootstrap: Connect to ipv4#127.0.0.1:9092 failed: Connection refused (after 0ms in state CONNECT)
%3|1790146710.516|FAIL|rdkafka#producer-1| [thrd:localhost:9092/1]: localhost:9092/1: Connect to ipv6#[::1]:9092 failed: Connection refused (after 0ms in state CONNECT)
2026-09-23 12:28:30,630 [ERROR] Delivery failed for record b'UK638': KafkaError{code=_MSG_TIMED_OUT,val=-192,str="Local: Message timed out"}
2026-09-23 12:28:30,630 [INFO] Produced AI183 | BLR -> CCU | status=ON_TIME delay=0min
%3|1790146711.519|FAIL|rdkafka#producer-1| [thrd:localhost:9092/bootstrap]: localhost:9092/bootstrap: Connect to ipv6#[::1]:9092 failed: Connection refused (after 0ms in state CONNECT)
2026-09-23 12:28:31,636 [ERROR] Delivery failed for record b'AI354': KafkaError{code=_MSG_TIMED_OUT,val=-192,str="Local: Message timed out"}
2026-09-23 12:28:31,636 [INFO] Produced 6E812 | MAA -> HYD | status=ON_TIME delay=0min
%3|1790146712.521|FAIL|rdkafka#producer-1| [thrd:localhost:9092/bootstrap]: localhost:9092/bootstrap: Connect to ipv4#127.0.0.1:9092 failed: Connection refused (after 0ms in state CONNECT)
2026-09-23 12:28:32,641 [ERROR] Delivery failed for record b'I5327': KafkaError{code=_MSG_TIMED_OUT,val=-192,str="Local: Message timed out"}
2026-09-23 12:28:32,642 [INFO] Produced AI437 | BLR -> MAA | status=ON_TIME delay=0min
%3|1790146713.526|FAIL|rdkafka#producer-1| [thrd:localhost:9092/bootstrap]: localhost:9092/bootstrap: Connect to ipv6#[::1]:9092 failed: Connection refused (after 0ms in state CONNECT)
2026-09-23 12:28:33,645 [ERROR] Delivery failed for record b'I5619': KafkaError{code=_MSG_TIMED_OUT,val=-192,str="Local: Message timed out"}
2026-09-23 12:28:33,645 [INFO] Produced AI375 | HYD -> BLR | status=DELAYED delay=95min
%3|1790146714.476|FAIL|rdkafka#producer-1| [thrd:localhost:9092/1]: localhost:9092/1: Connect to ipv4#127.0.0.1:9092 failed: Connection refused (after 0ms in state CONNECT)
2026-09-23 12:28:34,647 [ERROR] Delivery failed for record b'QP483': KafkaError{code=_MSG_TIMED_OUT,val=-192,str="Local: Message timed out"}
2026-09-23 12:28:34,647 [INFO] Produced AI542 | MAA -> DEL | status=ON_TIME delay=0min
%3|1790146715.480|FAIL|rdkafka#producer-1| [thrd:localhost:9092/bootstrap]: localhost:9092/bootstrap: Connect to ipv4#127.0.0.1:9092 failed: Connection refused (after 0ms in state CONNECT)
2026-09-23 12:28:35,652 [ERROR] Delivery failed for record b'QP916': KafkaError{code=_MSG_TIMED_OUT,val=-192,str="Local: Message timed out"}
2026-09-23 12:28:35,653 [INFO] Produced UK951 | HYD -> MAA | status=DELAYED delay=60min
%3|1790146716.485|FAIL|rdkafka#producer-1| [thrd:localhost:9092/1]: localhost:9092/1: Connect to ipv6#[::1]:9092 failed: Connection refused (after 0ms in state CONNECT)
%3|1790146716.542|FAIL|rdkafka#producer-1| [thrd:localhost:9092/1]: localhost:9092/1: Connect to ipv4#127.0.0.1:9092 failed: Connection refused (after 0ms in state CONNECT)
2026-09-23 12:28:36,657 [ERROR] Delivery failed for record b'SG276': KafkaError{code=_MSG_TIMED_OUT,val=-192,str="Local: Message timed out"}
2026-09-23 12:28:36,657 [INFO] Produced 6E444 | HYD -> BLR | status=DELAYED delay=80min
%3|1790146717.491|FAIL|rdkafka#producer-1| [thrd:localhost:9092/bootstrap]: localhost:9092/bootstrap: Connect to ipv6#[::1]:9092 failed: Connection refused (after 0ms in state CONNECT)
%3|1790146717.545|FAIL|rdkafka#producer-1| [thrd:localhost:9092/bootstrap]: localhost:9092/bootstrap: Connect to ipv4#127.0.0.1:9092 failed: Connection refused (after 0ms in state CONNECT)
2026-09-23 12:28:37,660 [ERROR] Delivery failed for record b'6E593': KafkaError{code=_MSG_TIMED_OUT,val=-192,str="Local: Message timed out"}
2026-09-23 12:28:37,661 [INFO] Produced I5431 | BOM -> HYD | status=ON_TIME delay=0min
%3|1790146718.493|FAIL|rdkafka#producer-1| [thrd:localhost:9092/bootstrap]: localhost:9092/bootstrap: Connect to ipv6#[::1]:9092 failed: Connection refused (after 0ms in state CONNECT)
%3|1790146718.547|FAIL|rdkafka#producer-1| [thrd:localhost:9092/bootstrap]: localhost:9092/bootstrap: Connect to ipv4#127.0.0.1:9092 failed: Connection refused (after 0ms in state CONNECT)
2026-09-23 12:28:38,666 [ERROR] Delivery failed for record b'I5184': KafkaError{code=_MSG_TIMED_OUT,val=-192,str="Local: Message timed out"}
2026-09-23 12:28:38,666 [INFO] Produced 6E131 | BOM -> BLR | status=ON_TIME delay=0min
2026-09-23 12:28:39,672 [ERROR] Delivery failed for record b'AI746': KafkaError{code=_MSG_TIMED_OUT,val=-192,str="Local: Message timed out"}
2026-09-23 12:28:39,672 [INFO] Produced QP504 | DEL -> BLR | status=DELAYED delay=100min
%3|1790146720.500|FAIL|rdkafka#producer-1| [thrd:localhost:9092/1]: localhost:9092/1: Connect to ipv6#[::1]:9092 failed: Connection refused (after 0ms in state CONNECT)
%3|1790146720.557|FAIL|rdkafka#producer-1| [thrd:localhost:9092/bootstrap]: localhost:9092/bootstrap: Connect to ipv6#[::1]:9092 failed: Connection refused (after 0ms in state CONNECT)
2026-09-23 12:28:40,673 [ERROR] Delivery failed for record b'UK911': KafkaError{code=_MSG_TIMED_OUT,val=-192,str="Local: Message timed out"}
2026-09-23 12:28:40,673 [INFO] Produced UK516 | CCU -> DEL | status=DELAYED delay=80min
%3|1790146721.506|FAIL|rdkafka#producer-1| [thrd:localhost:9092/1]: localhost:9092/1: Connect to ipv4#127.0.0.1:9092 failed: Connection refused (after 0ms in state CONNECT)
%3|1790146721.559|FAIL|rdkafka#producer-1| [thrd:localhost:9092/1]: localhost:9092/1: Connect to ipv6#[::1]:9092 failed: Connection refused (after 0ms in state CONNECT)
2026-09-23 12:28:41,676 [ERROR] Delivery failed for record b'SG925': KafkaError{code=_MSG_TIMED_OUT,val=-192,str="Local: Message timed out"}
2026-09-23 12:28:41,676 [INFO] Produced AI218 | HYD -> DEL | status=ON_TIME delay=0min
%3|1790146722.567|FAIL|rdkafka#producer-1| [thrd:localhost:9092/1]: localhost:9092/1: Connect to ipv4#127.0.0.1:9092 failed: Connection refused (after 0ms in state CONNECT)
2026-09-23 12:28:42,681 [ERROR] Delivery failed for record b'I5119': KafkaError{code=_MSG_TIMED_OUT,val=-192,str="Local: Message timed out"}
2026-09-23 12:28:42,682 [INFO] Produced QP686 | BLR -> MAA | status=ON_TIME delay=0min
%3|1790146723.514|FAIL|rdkafka#producer-1| [thrd:localhost:9092/1]: localhost:9092/1: Connect to ipv6#[::1]:9092 failed: Connection refused (after 0ms in state CONNECT)
%3|1790146723.568|FAIL|rdkafka#producer-1| [thrd:localhost:9092/1]: localhost:9092/1: Connect to ipv4#127.0.0.1:9092 failed: Connection refused (after 0ms in state CONNECT)
2026-09-23 12:28:43,682 [ERROR] Delivery failed for record b'QP314': KafkaError{code=_MSG_TIMED_OUT,val=-192,str="Local: Message timed out"}
2026-09-23 12:28:43,683 [INFO] Produced SG270 | CCU -> DEL | status=CANCELLED delay=0min
%3|1790146724.519|FAIL|rdkafka#producer-1| [thrd:localhost:9092/bootstrap]: localhost:9092/bootstrap: Connect to ipv4#127.0.0.1:9092 failed: Connection refused (after 1ms in state CONNECT)
%3|1790146724.573|FAIL|rdkafka#producer-1| [thrd:localhost:9092/bootstrap]: localhost:9092/bootstrap: Connect to ipv6#[::1]:9092 failed: Connection refused (after 0ms in state CONNECT)
2026-09-23 12:28:44,688 [ERROR] Delivery failed for record b'QP132': KafkaError{code=_MSG_TIMED_OUT,val=-192,str="Local: Message timed out"}
2026-09-23 12:28:44,688 [INFO] Produced 6E356 | BLR -> CCU | status=ON_TIME delay=0min
%3|1790146725.579|FAIL|rdkafka#producer-1| [thrd:localhost:9092/1]: localhost:9092/1: Connect to ipv6#[::1]:9092 failed: Connection refused (after 0ms in state CONNECT)
2026-09-23 12:28:45,689 [ERROR] Delivery failed for record b'QP569': KafkaError{code=_MSG_TIMED_OUT,val=-192,str="Local: Message timed out"}
2026-09-23 12:28:45,689 [INFO] Produced I5764 | BLR -> DEL | status=DELAYED delay=72min
%3|1790146726.583|FAIL|rdkafka#producer-1| [thrd:localhost:9092/1]: localhost:9092/1: Connect to ipv4#127.0.0.1:9092 failed: Connection refused (after 0ms in state CONNECT)
2026-09-23 12:28:46,694 [ERROR] Delivery failed for record b'SG772': KafkaError{code=_MSG_TIMED_OUT,val=-192,str="Local: Message timed out"}
2026-09-23 12:28:46,695 [INFO] Produced AI822 | MAA -> BLR | status=CANCELLED delay=0min
%3|1790146727.535|FAIL|rdkafka#producer-1| [thrd:localhost:9092/bootstrap]: localhost:9092/bootstrap: Connect to ipv4#127.0.0.1:9092 failed: Connection refused (after 0ms in state CONNECT)
%3|1790146727.590|FAIL|rdkafka#producer-1| [thrd:localhost:9092/bootstrap]: localhost:9092/bootstrap: Connect to ipv6#[::1]:9092 failed: Connection refused (after 0ms in state CONNECT)
2026-09-23 12:28:47,700 [ERROR] Delivery failed for record b'6E213': KafkaError{code=_MSG_TIMED_OUT,val=-192,str="Local: Message timed out"}
2026-09-23 12:28:47,700 [INFO] Produced SG395 | BLR -> CCU | status=ON_TIME delay=0min
%3|1790146728.540|FAIL|rdkafka#producer-1| [thrd:localhost:9092/bootstrap]: localhost:9092/bootstrap: Connect to ipv4#127.0.0.1:9092 failed: Connection refused (after 0ms in state CONNECT)
2026-09-23 12:28:48,701 [ERROR] Delivery failed for record b'SG152': KafkaError{code=_MSG_TIMED_OUT,val=-192,str="Local: Message timed out"}
2026-09-23 12:28:48,701 [INFO] Produced 6E720 | MAA -> BOM | status=ON_TIME delay=0min
%3|1790146729.539|FAIL|rdkafka#producer-1| [thrd:localhost:9092/bootstrap]: localhost:9092/bootstrap: Connect to ipv6#[::1]:9092 failed: Connection refused (after 0ms in state CONNECT)
%3|1790146729.595|FAIL|rdkafka#producer-1| [thrd:localhost:9092/1]: localhost:9092/1: Connect to ipv6#[::1]:9092 failed: Connection refused (after 1ms in state CONNECT)
2026-09-23 12:28:49,707 [ERROR] Delivery failed for record b'UK776': KafkaError{code=_MSG_TIMED_OUT,val=-192,str="Local: Message timed out"}
2026-09-23 12:28:49,707 [INFO] Produced I5220 | CCU -> DEL | status=DELAYED delay=63min
%3|1790146730.546|FAIL|rdkafka#producer-1| [thrd:localhost:9092/bootstrap]: localhost:9092/bootstrap: Connect to ipv6#[::1]:9092 failed: Connection refused (after 0ms in state CONNECT, 1 identical error(s) suppressed)
%3|1790146730.601|FAIL|rdkafka#producer-1| [thrd:localhost:9092/bootstrap]: localhost:9092/bootstrap: Connect to ipv4#127.0.0.1:9092 failed: Connection refused (after 0ms in state CONNECT)
2026-09-23 12:28:50,712 [ERROR] Delivery failed for record b'QP147': KafkaError{code=_MSG_TIMED_OUT,val=-192,str="Local: Message timed out"}
2026-09-23 12:28:50,712 [INFO] Produced SG656 | HYD -> MAA | status=ON_TIME delay=0min
%3|1790146731.547|FAIL|rdkafka#producer-1| [thrd:localhost:9092/bootstrap]: localhost:9092/bootstrap: Connect to ipv6#[::1]:9092 failed: Connection refused (after 0ms in state CONNECT)
2026-09-23 12:28:51,716 [ERROR] Delivery failed for record b'AI215': KafkaError{code=_MSG_TIMED_OUT,val=-192,str="Local: Message timed out"}
2026-09-23 12:28:51,717 [INFO] Produced SG294 | MAA -> DEL | status=ON_TIME delay=0min
%3|1790146732.550|FAIL|rdkafka#producer-1| [thrd:localhost:9092/1]: localhost:9092/1: Connect to ipv4#127.0.0.1:9092 failed: Connection refused (after 0ms in state CONNECT)
2026-09-23 12:28:52,722 [ERROR] Delivery failed for record b'I5774': KafkaError{code=_MSG_TIMED_OUT,val=-192,str="Local: Message timed out"}
2026-09-23 12:28:52,722 [INFO] Produced QP169 | DEL -> BOM | status=DELAYED delay=16min
%3|1790146733.556|FAIL|rdkafka#producer-1| [thrd:localhost:9092/1]: localhost:9092/1: Connect to ipv6#[::1]:9092 failed: Connection refused (after 0ms in state CONNECT)
%3|1790146733.611|FAIL|rdkafka#producer-1| [thrd:localhost:9092/1]: localhost:9092/1: Connect to ipv4#127.0.0.1:9092 failed: Connection refused (after 0ms in state CONNECT)
2026-09-23 12:28:53,728 [ERROR] Delivery failed for record b'I5354': KafkaError{code=_MSG_TIMED_OUT,val=-192,str="Local: Message timed out"}
2026-09-23 12:28:53,728 [INFO] Produced UK423 | DEL -> MAA | status=ON_TIME delay=0min
%3|1790146734.557|FAIL|rdkafka#producer-1| [thrd:localhost:9092/bootstrap]: localhost:9092/bootstrap: Connect to ipv4#127.0.0.1:9092 failed: Connection refused (after 0ms in state CONNECT)
%3|1790146734.609|FAIL|rdkafka#producer-1| [thrd:localhost:9092/1]: localhost:9092/1: Connect to ipv6#[::1]:9092 failed: Connection refused (after 0ms in state CONNECT)
2026-09-23 12:28:54,733 [ERROR] Delivery failed for record b'QP916': KafkaError{code=_MSG_TIMED_OUT,val=-192,str="Local: Message timed out"}
2026-09-23 12:28:54,733 [INFO] Produced QP530 | CCU -> MAA | status=CANCELLED delay=0min
%3|1790146735.562|FAIL|rdkafka#producer-1| [thrd:localhost:9092/1]: localhost:9092/1: Connect to ipv4#127.0.0.1:9092 failed: Connection refused (after 0ms in state CONNECT)
%3|1790146735.618|FAIL|rdkafka#producer-1| [thrd:localhost:9092/1]: localhost:9092/1: Connect to ipv6#[::1]:9092 failed: Connection refused (after 0ms in state CONNECT)
2026-09-23 12:28:55,739 [ERROR] Delivery failed for record b'I5652': KafkaError{code=_MSG_TIMED_OUT,val=-192,str="Local: Message timed out"}
2026-09-23 12:28:55,739 [INFO] Produced 6E514 | HYD -> BLR | status=ON_TIME delay=0min
%3|1790146736.563|FAIL|rdkafka#producer-1| [thrd:localhost:9092/1]: localhost:9092/1: Connect to ipv4#127.0.0.1:9092 failed: Connection refused (after 0ms in state CONNECT)
%3|1790146736.619|FAIL|rdkafka#producer-1| [thrd:localhost:9092/1]: localhost:9092/1: Connect to ipv4#127.0.0.1:9092 failed: Connection refused (after 0ms in state CONNECT, 1 identical error(s) suppressed)
2026-09-23 12:28:56,744 [ERROR] Delivery failed for record b'UK941': KafkaError{code=_MSG_TIMED_OUT,val=-192,str="Local: Message timed out"}
2026-09-23 12:28:56,745 [INFO] Produced 6E283 | BLR -> BOM | status=ON_TIME delay=0min
%3|1790146737.565|FAIL|rdkafka#producer-1| [thrd:localhost:9092/1]: localhost:9092/1: Connect to ipv6#[::1]:9092 failed: Connection refused (after 0ms in state CONNECT)
%3|1790146737.621|FAIL|rdkafka#producer-1| [thrd:localhost:9092/bootstrap]: localhost:9092/bootstrap: Connect to ipv6#[::1]:9092 failed: Connection refused (after 0ms in state CONNECT)
2026-09-23 12:28:57,747 [ERROR] Delivery failed for record b'I5486': KafkaError{code=_MSG_TIMED_OUT,val=-192,str="Local: Message timed out"}
2026-09-23 12:28:57,747 [INFO] Produced QP986 | CCU -> BOM | status=CANCELLED delay=0min
%3|1790146738.625|FAIL|rdkafka#producer-1| [thrd:localhost:9092/1]: localhost:9092/1: Connect to ipv4#127.0.0.1:9092 failed: Connection refused (after 0ms in state CONNECT)
2026-09-23 12:28:58,752 [ERROR] Delivery failed for record b'QP664': KafkaError{code=_MSG_TIMED_OUT,val=-192,str="Local: Message timed out"}
2026-09-23 12:28:58,752 [INFO] Produced I5613 | BLR -> MAA | status=ON_TIME delay=0min
%3|1790146739.633|FAIL|rdkafka#producer-1| [thrd:localhost:9092/1]: localhost:9092/1: Connect to ipv6#[::1]:9092 failed: Connection refused (after 0ms in state CONNECT)
2026-09-23 12:28:59,755 [ERROR] Delivery failed for record b'I5667': KafkaError{code=_MSG_TIMED_OUT,val=-192,str="Local: Message timed out"}
2026-09-23 12:28:59,755 [INFO] Produced UK163 | BOM -> DEL | status=DELAYED delay=81min
%3|1790146740.579|FAIL|rdkafka#producer-1| [thrd:localhost:9092/bootstrap]: localhost:9092/bootstrap: Connect to ipv4#127.0.0.1:9092 failed: Connection refused (after 0ms in state CONNECT)
2026-09-23 12:29:00,755 [ERROR] Delivery failed for record b'QP241': KafkaError{code=_MSG_TIMED_OUT,val=-192,str="Local: Message timed out"}
2026-09-23 12:29:00,756 [INFO] Produced 6E603 | HYD -> DEL | status=DELAYED delay=71min
%3|1790146741.580|FAIL|rdkafka#producer-1| [thrd:localhost:9092/1]: localhost:9092/1: Connect to ipv4#127.0.0.1:9092 failed: Connection refused (after 0ms in state CONNECT)
2026-09-23 12:29:01,761 [ERROR] Delivery failed for record b'QP758': KafkaError{code=_MSG_TIMED_OUT,val=-192,str="Local: Message timed out"}
2026-09-23 12:29:01,761 [INFO] Produced AI453 | BLR -> HYD | status=ON_TIME delay=0min
%3|1790146742.581|FAIL|rdkafka#producer-1| [thrd:localhost:9092/1]: localhost:9092/1: Connect to ipv6#[::1]:9092 failed: Connection refused (after 0ms in state CONNECT)
%3|1790146742.634|FAIL|rdkafka#producer-1| [thrd:localhost:9092/bootstrap]: localhost:9092/bootstrap: Connect to ipv6#[::1]:9092 failed: Connection refused (after 0ms in state CONNECT)
2026-09-23 12:29:02,765 [ERROR] Delivery failed for record b'SG472': KafkaError{code=_MSG_TIMED_OUT,val=-192,str="Local: Message timed out"}
2026-09-23 12:29:02,765 [INFO] Produced UK544 | HYD -> CCU | status=ON_TIME delay=0min
%3|1790146743.587|FAIL|rdkafka#producer-1| [thrd:localhost:9092/bootstrap]: localhost:9092/bootstrap: Connect to ipv4#127.0.0.1:9092 failed: Connection refused (after 0ms in state CONNECT)
2026-09-23 12:29:03,770 [ERROR] Delivery failed for record b'6E324': KafkaError{code=_MSG_TIMED_OUT,val=-192,str="Local: Message timed out"}
2026-09-23 12:29:03,771 [INFO] Produced 6E765 | BLR -> HYD | status=ON_TIME delay=0min
%3|1790146744.592|FAIL|rdkafka#producer-1| [thrd:localhost:9092/1]: localhost:9092/1: Connect to ipv4#127.0.0.1:9092 failed: Connection refused (after 0ms in state CONNECT)
%3|1790146744.649|FAIL|rdkafka#producer-1| [thrd:localhost:9092/bootstrap]: localhost:9092/bootstrap: Connect to ipv6#[::1]:9092 failed: Connection refused (after 0ms in state CONNECT)
2026-09-23 12:29:04,772 [ERROR] Delivery failed for record b'SG143': KafkaError{code=_MSG_TIMED_OUT,val=-192,str="Local: Message timed out"}
2026-09-23 12:29:04,772 [INFO] Produced SG383 | DEL -> BLR | status=DELAYED delay=41min
%3|1790146745.595|FAIL|rdkafka#producer-1| [thrd:localhost:9092/bootstrap]: localhost:9092/bootstrap: Connect to ipv4#127.0.0.1:9092 failed: Connection refused (after 0ms in state CONNECT)
2026-09-23 12:29:05,778 [ERROR] Delivery failed for record b'QP970': KafkaError{code=_MSG_TIMED_OUT,val=-192,str="Local: Message timed out"}
2026-09-23 12:29:05,778 [INFO] Produced QP641 | BOM -> MAA | status=DELAYED delay=87min
%3|1790146746.600|FAIL|rdkafka#producer-1| [thrd:localhost:9092/1]: localhost:9092/1: Connect to ipv6#[::1]:9092 failed: Connection refused (after 0ms in state CONNECT)
2026-09-23 12:29:06,783 [ERROR] Delivery failed for record b'AI797': KafkaError{code=_MSG_TIMED_OUT,val=-192,str="Local: Message timed out"}
2026-09-23 12:29:06,783 [INFO] Produced QP591 | BLR -> BOM | status=DELAYED delay=70min
%3|1790146747.605|FAIL|rdkafka#producer-1| [thrd:localhost:9092/1]: localhost:9092/1: Connect to ipv4#127.0.0.1:9092 failed: Connection refused (after 0ms in state CONNECT)
%3|1790146747.661|FAIL|rdkafka#producer-1| [thrd:localhost:9092/bootstrap]: localhost:9092/bootstrap: Connect to ipv6#[::1]:9092 failed: Connection refused (after 0ms in state CONNECT)
2026-09-23 12:29:07,785 [ERROR] Delivery failed for record b'I5132': KafkaError{code=_MSG_TIMED_OUT,val=-192,str="Local: Message timed out"}
2026-09-23 12:29:07,785 [INFO] Produced UK319 | BLR -> MAA | status=ON_TIME delay=0min
%3|1790146748.611|FAIL|rdkafka#producer-1| [thrd:localhost:9092/1]: localhost:9092/1: Connect to ipv6#[::1]:9092 failed: Connection refused (after 0ms in state CONNECT)
%3|1790146748.663|FAIL|rdkafka#producer-1| [thrd:localhost:9092/bootstrap]: localhost:9092/bootstrap: Connect to ipv4#127.0.0.1:9092 failed: Connection refused (after 0ms in state CONNECT)
2026-09-23 12:29:08,790 [ERROR] Delivery failed for record b'I5955': KafkaError{code=_MSG_TIMED_OUT,val=-192,str="Local: Message timed out"}
2026-09-23 12:29:08,790 [INFO] Produced AI528 | BLR -> DEL | status=DELAYED delay=80min
%3|1790146749.612|FAIL|rdkafka#producer-1| [thrd:localhost:9092/1]: localhost:9092/1: Connect to ipv4#127.0.0.1:9092 failed: Connection refused (after 0ms in state CONNECT)
%3|1790146749.665|FAIL|rdkafka#producer-1| [thrd:localhost:9092/1]: localhost:9092/1: Connect to ipv6#[::1]:9092 failed: Connection refused (after 0ms in state CONNECT)
2026-09-23 12:29:09,795 [ERROR] Delivery failed for record b'QP221': KafkaError{code=_MSG_TIMED_OUT,val=-192,str="Local: Message timed out"}
2026-09-23 12:29:09,795 [INFO] Produced QP528 | BOM -> MAA | status=ON_TIME delay=0min
2026-09-23 12:29:10,801 [ERROR] Delivery failed for record b'I5518': KafkaError{code=_MSG_TIMED_OUT,val=-192,str="Local: Message timed out"}
2026-09-23 12:29:10,801 [INFO] Produced AI186 | HYD -> MAA | status=ON_TIME delay=0min
%3|1790146751.615|FAIL|rdkafka#producer-1| [thrd:localhost:9092/bootstrap]: localhost:9092/bootstrap: Connect to ipv6#[::1]:9092 failed: Connection refused (after 0ms in state CONNECT)
%3|1790146751.672|FAIL|rdkafka#producer-1| [thrd:localhost:9092/1]: localhost:9092/1: Connect to ipv4#127.0.0.1:9092 failed: Connection refused (after 0ms in state CONNECT)
2026-09-23 12:29:11,806 [ERROR] Delivery failed for record b'6E998': KafkaError{code=_MSG_TIMED_OUT,val=-192,str="Local: Message timed out"}
2026-09-23 12:29:11,807 [INFO] Produced UK670 | CCU -> BOM | status=DELAYED delay=100min
%3|1790146752.621|FAIL|rdkafka#producer-1| [thrd:localhost:9092/1]: localhost:9092/1: Connect to ipv6#[::1]:9092 failed: Connection refused (after 0ms in state CONNECT)
2026-09-23 12:29:12,809 [ERROR] Delivery failed for record b'AI705': KafkaError{code=_MSG_TIMED_OUT,val=-192,str="Local: Message timed out"}
2026-09-23 12:29:12,810 [INFO] Produced I5936 | CCU -> HYD | status=ON_TIME delay=0min
%3|1790146753.680|FAIL|rdkafka#producer-1| [thrd:localhost:9092/bootstrap]: localhost:9092/bootstrap: Connect to ipv4#127.0.0.1:9092 failed: Connection refused (after 0ms in state CONNECT)
2026-09-23 12:29:13,813 [ERROR] Delivery failed for record b'AI649': KafkaError{code=_MSG_TIMED_OUT,val=-192,str="Local: Message timed out"}
2026-09-23 12:29:13,813 [INFO] Produced AI161 | BLR -> CCU | status=DELAYED delay=78min
%3|1790146754.627|FAIL|rdkafka#producer-1| [thrd:localhost:9092/bootstrap]: localhost:9092/bootstrap: Connect to ipv6#[::1]:9092 failed: Connection refused (after 0ms in state CONNECT)
2026-09-23 12:29:14,816 [ERROR] Delivery failed for record b'6E369': KafkaError{code=_MSG_TIMED_OUT,val=-192,str="Local: Message timed out"}
2026-09-23 12:29:14,816 [INFO] Produced I5134 | CCU -> DEL | status=DELAYED delay=95min
%3|1790146755.632|FAIL|rdkafka#producer-1| [thrd:localhost:9092/bootstrap]: localhost:9092/bootstrap: Connect to ipv4#127.0.0.1:9092 failed: Connection refused (after 0ms in state CONNECT)
2026-09-23 12:29:15,821 [ERROR] Delivery failed for record b'6E174': KafkaError{code=_MSG_TIMED_OUT,val=-192,str="Local: Message timed out"}
2026-09-23 12:29:15,821 [INFO] Produced QP143 | DEL -> CCU | status=ON_TIME delay=0min
%3|1790146756.694|FAIL|rdkafka#producer-1| [thrd:localhost:9092/bootstrap]: localhost:9092/bootstrap: Connect to ipv6#[::1]:9092 failed: Connection refused (after 0ms in state CONNECT)
2026-09-23 12:29:16,827 [ERROR] Delivery failed for record b'SG190': KafkaError{code=_MSG_TIMED_OUT,val=-192,str="Local: Message timed out"}
2026-09-23 12:29:16,827 [INFO] Produced I5621 | HYD -> BOM | status=ON_TIME delay=0min
%3|1790146757.643|FAIL|rdkafka#producer-1| [thrd:localhost:9092/1]: localhost:9092/1: Connect to ipv4#127.0.0.1:9092 failed: Connection refused (after 0ms in state CONNECT)
%3|1790146757.695|FAIL|rdkafka#producer-1| [thrd:localhost:9092/1]: localhost:9092/1: Connect to ipv6#[::1]:9092 failed: Connection refused (after 0ms in state CONNECT)
2026-09-23 12:29:17,832 [ERROR] Delivery failed for record b'QP191': KafkaError{code=_MSG_TIMED_OUT,val=-192,str="Local: Message timed out"}
2026-09-23 12:29:17,833 [INFO] Produced I5983 | BOM -> MAA | status=ON_TIME delay=0min
%3|1790146758.705|FAIL|rdkafka#producer-1| [thrd:localhost:9092/1]: localhost:9092/1: Connect to ipv4#127.0.0.1:9092 failed: Connection refused (after 0ms in state CONNECT)
2026-09-23 12:29:18,835 [ERROR] Delivery failed for record b'6E291': KafkaError{code=_MSG_TIMED_OUT,val=-192,str="Local: Message timed out"}
2026-09-23 12:29:18,835 [INFO] Produced QP742 | DEL -> CCU | status=ON_TIME delay=0min
%3|1790146759.655|FAIL|rdkafka#producer-1| [thrd:localhost:9092/bootstrap]: localhost:9092/bootstrap: Connect to ipv4#127.0.0.1:9092 failed: Connection refused (after 0ms in state CONNECT)
2026-09-23 12:29:19,838 [ERROR] Delivery failed for record b'6E879': KafkaError{code=_MSG_TIMED_OUT,val=-192,str="Local: Message timed out"}
2026-09-23 12:29:19,838 [INFO] Produced AI590 | BOM -> MAA | status=ON_TIME delay=0min
%3|1790146760.657|FAIL|rdkafka#producer-1| [thrd:localhost:9092/bootstrap]: localhost:9092/bootstrap: Connect to ipv6#[::1]:9092 failed: Connection refused (after 1ms in state CONNECT)
%3|1790146760.712|FAIL|rdkafka#producer-1| [thrd:localhost:9092/1]: localhost:9092/1: Connect to ipv6#[::1]:9092 failed: Connection refused (after 0ms in state CONNECT)
2026-09-23 12:29:20,839 [ERROR] Delivery failed for record b'I5662': KafkaError{code=_MSG_TIMED_OUT,val=-192,str="Local: Message timed out"}
2026-09-23 12:29:20,839 [INFO] Produced UK179 | MAA -> DEL | status=CANCELLED delay=0min
%3|1790146761.659|FAIL|rdkafka#producer-1| [thrd:localhost:9092/bootstrap]: localhost:9092/bootstrap: Connect to ipv4#127.0.0.1:9092 failed: Connection refused (after 0ms in state CONNECT)
%3|1790146761.715|FAIL|rdkafka#producer-1| [thrd:localhost:9092/bootstrap]: localhost:9092/bootstrap: Connect to ipv6#[::1]:9092 failed: Connection refused (after 0ms in state CONNECT)
2026-09-23 12:29:21,844 [ERROR] Delivery failed for record b'SG629': KafkaError{code=_MSG_TIMED_OUT,val=-192,str="Local: Message timed out"}
2026-09-23 12:29:21,845 [INFO] Produced AI601 | CCU -> HYD | status=ON_TIME delay=0min
%3|1790146762.662|FAIL|rdkafka#producer-1| [thrd:localhost:9092/bootstrap]: localhost:9092/bootstrap: Connect to ipv4#127.0.0.1:9092 failed: Connection refused (after 0ms in state CONNECT)
%3|1790146762.716|FAIL|rdkafka#producer-1| [thrd:localhost:9092/bootstrap]: localhost:9092/bootstrap: Connect to ipv6#[::1]:9092 failed: Connection refused (after 0ms in state CONNECT)
2026-09-23 12:29:22,849 [ERROR] Delivery failed for record b'UK540': KafkaError{code=_MSG_TIMED_OUT,val=-192,str="Local: Message timed out"}
2026-09-23 12:29:22,850 [INFO] Produced SG318 | DEL -> CCU | status=ON_TIME delay=0min
%3|1790146763.667|FAIL|rdkafka#producer-1| [thrd:localhost:9092/1]: localhost:9092/1: Connect to ipv4#127.0.0.1:9092 failed: Connection refused (after 0ms in state CONNECT)
%3|1790146763.724|FAIL|rdkafka#producer-1| [thrd:localhost:9092/1]: localhost:9092/1: Connect to ipv6#[::1]:9092 failed: Connection refused (after 0ms in state CONNECT)
2026-09-23 12:29:23,854 [ERROR] Delivery failed for record b'AI856': KafkaError{code=_MSG_TIMED_OUT,val=-192,str="Local: Message timed out"}
2026-09-23 12:29:23,854 [INFO] Produced AI333 | BOM -> BLR | status=ON_TIME delay=0min
%3|1790146764.669|FAIL|rdkafka#producer-1| [thrd:localhost:9092/1]: localhost:9092/1: Connect to ipv4#127.0.0.1:9092 failed: Connection refused (after 0ms in state CONNECT)
%3|1790146764.723|FAIL|rdkafka#producer-1| [thrd:localhost:9092/bootstrap]: localhost:9092/bootstrap: Connect to ipv4#127.0.0.1:9092 failed: Connection refused (after 0ms in state CONNECT)
2026-09-23 12:29:24,860 [ERROR] Delivery failed for record b'AI668': KafkaError{code=_MSG_TIMED_OUT,val=-192,str="Local: Message timed out"}
2026-09-23 12:29:24,860 [INFO] Produced I5123 | BLR -> DEL | status=DELAYED delay=37min
%3|1790146765.730|FAIL|rdkafka#producer-1| [thrd:localhost:9092/bootstrap]: localhost:9092/bootstrap: Connect to ipv6#[::1]:9092 failed: Connection refused (after 0ms in state CONNECT)
2026-09-23 12:29:25,865 [ERROR] Delivery failed for record b'QP186': KafkaError{code=_MSG_TIMED_OUT,val=-192,str="Local: Message timed out"}
2026-09-23 12:29:25,865 [INFO] Produced SG306 | BLR -> MAA | status=DELAYED delay=25min
%3|1790146766.676|FAIL|rdkafka#producer-1| [thrd:localhost:9092/bootstrap]: localhost:9092/bootstrap: Connect to ipv4#127.0.0.1:9092 failed: Connection refused (after 0ms in state CONNECT)
%3|1790146766.732|FAIL|rdkafka#producer-1| [thrd:localhost:9092/1]: localhost:9092/1: Connect to ipv4#127.0.0.1:9092 failed: Connection refused (after 0ms in state CONNECT, 2 identical error(s) suppressed)
2026-09-23 12:29:26,866 [ERROR] Delivery failed for record b'I5524': KafkaError{code=_MSG_TIMED_OUT,val=-192,str="Local: Message timed out"}
2026-09-23 12:29:26,866 [INFO] Produced SG771 | BLR -> MAA | status=DELAYED delay=17min
%3|1790146767.681|FAIL|rdkafka#producer-1| [thrd:localhost:9092/1]: localhost:9092/1: Connect to ipv6#[::1]:9092 failed: Connection refused (after 0ms in state CONNECT)
%3|1790146767.733|FAIL|rdkafka#producer-1| [thrd:localhost:9092/bootstrap]: localhost:9092/bootstrap: Connect to ipv4#127.0.0.1:9092 failed: Connection refused (after 0ms in state CONNECT, 1 identical error(s) suppressed)
2026-09-23 12:29:27,871 [ERROR] Delivery failed for record b'AI540': KafkaError{code=_MSG_TIMED_OUT,val=-192,str="Local: Message timed out"}
2026-09-23 12:29:27,871 [INFO] Produced SG745 | CCU -> BLR | status=DELAYED delay=96min
%3|1790146768.685|FAIL|rdkafka#producer-1| [thrd:localhost:9092/bootstrap]: localhost:9092/bootstrap: Connect to ipv6#[::1]:9092 failed: Connection refused (after 0ms in state CONNECT)
%3|1790146768.739|FAIL|rdkafka#producer-1| [thrd:localhost:9092/1]: localhost:9092/1: Connect to ipv4#127.0.0.1:9092 failed: Connection refused (after 0ms in state CONNECT)
2026-09-23 12:29:28,873 [ERROR] Delivery failed for record b'6E397': KafkaError{code=_MSG_TIMED_OUT,val=-192,str="Local: Message timed out"}
2026-09-23 12:29:28,873 [INFO] Produced I5228 | HYD -> MAA | status=ON_TIME delay=0min
%3|1790146769.687|FAIL|rdkafka#producer-1| [thrd:localhost:9092/bootstrap]: localhost:9092/bootstrap: Connect to ipv4#127.0.0.1:9092 failed: Connection refused (after 0ms in state CONNECT)
%3|1790146769.740|FAIL|rdkafka#producer-1| [thrd:localhost:9092/1]: localhost:9092/1: Connect to ipv6#[::1]:9092 failed: Connection refused (after 0ms in state CONNECT)
2026-09-23 12:29:29,878 [ERROR] Delivery failed for record b'AI860': KafkaError{code=_MSG_TIMED_OUT,val=-192,str="Local: Message timed out"}
2026-09-23 12:29:29,879 [INFO] Produced AI160 | CCU -> HYD | status=ON_TIME delay=0min
%3|1790146770.688|FAIL|rdkafka#producer-1| [thrd:localhost:9092/1]: localhost:9092/1: Connect to ipv4#127.0.0.1:9092 failed: Connection refused (after 0ms in state CONNECT)
2026-09-23 12:29:30,880 [ERROR] Delivery failed for record b'SG487': KafkaError{code=_MSG_TIMED_OUT,val=-192,str="Local: Message timed out"}
2026-09-23 12:29:30,880 [INFO] Produced I5599 | BOM -> DEL | status=ON_TIME delay=0min
%3|1790146771.689|FAIL|rdkafka#producer-1| [thrd:localhost:9092/1]: localhost:9092/1: Connect to ipv6#[::1]:9092 failed: Connection refused (after 0ms in state CONNECT)
%3|1790146771.746|FAIL|rdkafka#producer-1| [thrd:localhost:9092/bootstrap]: localhost:9092/bootstrap: Connect to ipv6#[::1]:9092 failed: Connection refused (after 0ms in state CONNECT)
2026-09-23 12:29:31,885 [ERROR] Delivery failed for record b'I5107': KafkaError{code=_MSG_TIMED_OUT,val=-192,str="Local: Message timed out"}
2026-09-23 12:29:31,885 [INFO] Produced QP641 | BLR -> BOM | status=ON_TIME delay=0min
%3|1790146772.691|FAIL|rdkafka#producer-1| [thrd:localhost:9092/bootstrap]: localhost:9092/bootstrap: Connect to ipv4#127.0.0.1:9092 failed: Connection refused (after 0ms in state CONNECT)
2026-09-23 12:29:32,889 [ERROR] Delivery failed for record b'UK192': KafkaError{code=_MSG_TIMED_OUT,val=-192,str="Local: Message timed out"}
2026-09-23 12:29:32,890 [INFO] Produced QP208 | BLR -> BOM | status=ON_TIME delay=0min
%3|1790146773.692|FAIL|rdkafka#producer-1| [thrd:localhost:9092/1]: localhost:9092/1: Connect to ipv4#127.0.0.1:9092 failed: Connection refused (after 0ms in state CONNECT)
%3|1790146773.744|FAIL|rdkafka#producer-1| [thrd:localhost:9092/1]: localhost:9092/1: Connect to ipv6#[::1]:9092 failed: Connection refused (after 0ms in state CONNECT)
2026-09-23 12:29:33,891 [ERROR] Delivery failed for record b'UK514': KafkaError{code=_MSG_TIMED_OUT,val=-192,str="Local: Message timed out"}
2026-09-23 12:29:33,891 [INFO] Produced I5518 | CCU -> BLR | status=DELAYED delay=71min
%3|1790146774.699|FAIL|rdkafka#producer-1| [thrd:localhost:9092/bootstrap]: localhost:9092/bootstrap: Connect to ipv6#[::1]:9092 failed: Connection refused (after 0ms in state CONNECT)
%3|1790146774.749|FAIL|rdkafka#producer-1| [thrd:localhost:9092/bootstrap]: localhost:9092/bootstrap: Connect to ipv4#127.0.0.1:9092 failed: Connection refused (after 0ms in state CONNECT)
2026-09-23 12:29:34,896 [ERROR] Delivery failed for record b'AI229': KafkaError{code=_MSG_TIMED_OUT,val=-192,str="Local: Message timed out"}
2026-09-23 12:29:34,897 [INFO] Produced UK110 | DEL -> BOM | status=ON_TIME delay=0min
%3|1790146775.700|FAIL|rdkafka#producer-1| [thrd:localhost:9092/1]: localhost:9092/1: Connect to ipv4#127.0.0.1:9092 failed: Connection refused (after 0ms in state CONNECT)
%3|1790146775.757|FAIL|rdkafka#producer-1| [thrd:localhost:9092/bootstrap]: localhost:9092/bootstrap: Connect to ipv6#[::1]:9092 failed: Connection refused (after 0ms in state CONNECT)
2026-09-23 12:29:35,902 [ERROR] Delivery failed for record b'UK105': KafkaError{code=_MSG_TIMED_OUT,val=-192,str="Local: Message timed out"}
2026-09-23 12:29:35,902 [INFO] Produced UK947 | BOM -> CCU | status=ON_TIME delay=0min
%3|1790146776.703|FAIL|rdkafka#producer-1| [thrd:localhost:9092/bootstrap]: localhost:9092/bootstrap: Connect to ipv4#127.0.0.1:9092 failed: Connection refused (after 0ms in state CONNECT)
2026-09-23 12:29:36,906 [ERROR] Delivery failed for record b'AI474': KafkaError{code=_MSG_TIMED_OUT,val=-192,str="Local: Message timed out"}
2026-09-23 12:29:36,907 [INFO] Produced 6E987 | CCU -> HYD | status=DELAYED delay=118min
%3|1790146777.708|FAIL|rdkafka#producer-1| [thrd:localhost:9092/bootstrap]: localhost:9092/bootstrap: Connect to ipv6#[::1]:9092 failed: Connection refused (after 0ms in state CONNECT)
%3|1790146777.764|FAIL|rdkafka#producer-1| [thrd:localhost:9092/bootstrap]: localhost:9092/bootstrap: Connect to ipv4#127.0.0.1:9092 failed: Connection refused (after 0ms in state CONNECT)
2026-09-23 12:29:37,912 [ERROR] Delivery failed for record b'QP844': KafkaError{code=_MSG_TIMED_OUT,val=-192,str="Local: Message timed out"}
2026-09-23 12:29:37,912 [INFO] Produced 6E535 | MAA -> HYD | status=ON_TIME delay=0min
%3|1790146778.765|FAIL|rdkafka#producer-1| [thrd:localhost:9092/bootstrap]: localhost:9092/bootstrap: Connect to ipv6#[::1]:9092 failed: Connection refused (after 0ms in state CONNECT)
2026-09-23 12:29:38,918 [ERROR] Delivery failed for record b'I5514': KafkaError{code=_MSG_TIMED_OUT,val=-192,str="Local: Message timed out"}
2026-09-23 12:29:38,918 [INFO] Produced AI814 | DEL -> BLR | status=ON_TIME delay=0min
%3|1790146779.718|FAIL|rdkafka#producer-1| [thrd:localhost:9092/bootstrap]: localhost:9092/bootstrap: Connect to ipv4#127.0.0.1:9092 failed: Connection refused (after 0ms in state CONNECT)
%3|1790146779.773|FAIL|rdkafka#producer-1| [thrd:localhost:9092/1]: localhost:9092/1: Connect to ipv6#[::1]:9092 failed: Connection refused (after 0ms in state CONNECT)
2026-09-23 12:29:39,919 [ERROR] Delivery failed for record b'UK845': KafkaError{code=_MSG_TIMED_OUT,val=-192,str="Local: Message timed out"}
2026-09-23 12:29:39,920 [INFO] Produced I5724 | BLR -> HYD | status=CANCELLED delay=0min
%3|1790146780.723|FAIL|rdkafka#producer-1| [thrd:localhost:9092/1]: localhost:9092/1: Connect to ipv4#127.0.0.1:9092 failed: Connection refused (after 0ms in state CONNECT)
%3|1790146780.779|FAIL|rdkafka#producer-1| [thrd:localhost:9092/bootstrap]: localhost:9092/bootstrap: Connect to ipv6#[::1]:9092 failed: Connection refused (after 0ms in state CONNECT)
2026-09-23 12:29:40,925 [ERROR] Delivery failed for record b'AI839': KafkaError{code=_MSG_TIMED_OUT,val=-192,str="Local: Message timed out"}
2026-09-23 12:29:40,925 [INFO] Produced I5271 | BLR -> HYD | status=DELAYED delay=112min
%3|1790146781.725|FAIL|rdkafka#producer-1| [thrd:localhost:9092/bootstrap]: localhost:9092/bootstrap: Connect to ipv4#127.0.0.1:9092 failed: Connection refused (after 0ms in state CONNECT)
2026-09-23 12:29:41,931 [ERROR] Delivery failed for record b'QP927': KafkaError{code=_MSG_TIMED_OUT,val=-192,str="Local: Message timed out"}
2026-09-23 12:29:41,931 [INFO] Produced AI119 | DEL -> BLR | status=DELAYED delay=74min
%3|1790146782.728|FAIL|rdkafka#producer-1| [thrd:localhost:9092/bootstrap]: localhost:9092/bootstrap: Connect to ipv6#[::1]:9092 failed: Connection refused (after 0ms in state CONNECT)
%3|1790146782.784|FAIL|rdkafka#producer-1| [thrd:localhost:9092/bootstrap]: localhost:9092/bootstrap: Connect to ipv4#127.0.0.1:9092 failed: Connection refused (after 0ms in state CONNECT)
2026-09-23 12:29:42,933 [ERROR] Delivery failed for record b'AI455': KafkaError{code=_MSG_TIMED_OUT,val=-192,str="Local: Message timed out"}
2026-09-23 12:29:42,933 [INFO] Produced AI271 | BLR -> MAA | status=ON_TIME delay=0min
2026-09-23 12:29:43,938 [ERROR] Delivery failed for record b'I5459': KafkaError{code=_MSG_TIMED_OUT,val=-192,str="Local: Message timed out"}
2026-09-23 12:29:43,939 [INFO] Produced QP756 | HYD -> CCU | status=ON_TIME delay=0min
%3|1790146784.740|FAIL|rdkafka#producer-1| [thrd:localhost:9092/bootstrap]: localhost:9092/bootstrap: Connect to ipv6#[::1]:9092 failed: Connection refused (after 0ms in state CONNECT)
2026-09-23 12:29:44,944 [ERROR] Delivery failed for record b'AI545': KafkaError{code=_MSG_TIMED_OUT,val=-192,str="Local: Message timed out"}
2026-09-23 12:29:44,944 [INFO] Produced SG952 | BOM -> DEL | status=ON_TIME delay=0min
%3|1790146785.745|FAIL|rdkafka#producer-1| [thrd:localhost:9092/1]: localhost:9092/1: Connect to ipv6#[::1]:9092 failed: Connection refused (after 0ms in state CONNECT)
2026-09-23 12:29:45,950 [ERROR] Delivery failed for record b'I5504': KafkaError{code=_MSG_TIMED_OUT,val=-192,str="Local: Message timed out"}
2026-09-23 12:29:45,950 [INFO] Produced UK661 | DEL -> MAA | status=ON_TIME delay=0min
%3|1790146786.805|FAIL|rdkafka#producer-1| [thrd:localhost:9092/1]: localhost:9092/1: Connect to ipv4#127.0.0.1:9092 failed: Connection refused (after 0ms in state CONNECT)
2026-09-23 12:29:46,955 [ERROR] Delivery failed for record b'6E215': KafkaError{code=_MSG_TIMED_OUT,val=-192,str="Local: Message timed out"}
2026-09-23 12:29:46,956 [INFO] Produced QP273 | BOM -> CCU | status=ON_TIME delay=0min
%3|1790146787.755|FAIL|rdkafka#producer-1| [thrd:localhost:9092/bootstrap]: localhost:9092/bootstrap: Connect to ipv4#127.0.0.1:9092 failed: Connection refused (after 1ms in state CONNECT)
%3|1790146787.810|FAIL|rdkafka#producer-1| [thrd:localhost:9092/bootstrap]: localhost:9092/bootstrap: Connect to ipv6#[::1]:9092 failed: Connection refused (after 0ms in state CONNECT)
2026-09-23 12:29:47,957 [ERROR] Delivery failed for record b'UK845': KafkaError{code=_MSG_TIMED_OUT,val=-192,str="Local: Message timed out"}
2026-09-23 12:29:47,957 [INFO] Produced 6E765 | DEL -> MAA | status=CANCELLED delay=0min
%3|1790146788.816|FAIL|rdkafka#producer-1| [thrd:localhost:9092/1]: localhost:9092/1: Connect to ipv6#[::1]:9092 failed: Connection refused (after 0ms in state CONNECT)
2026-09-23 12:29:48,962 [ERROR] Delivery failed for record b'I5836': KafkaError{code=_MSG_TIMED_OUT,val=-192,str="Local: Message timed out"}
2026-09-23 12:29:48,962 [INFO] Produced UK432 | BOM -> CCU | status=ON_TIME delay=0min
%3|1790146789.765|FAIL|rdkafka#producer-1| [thrd:localhost:9092/bootstrap]: localhost:9092/bootstrap: Connect to ipv4#127.0.0.1:9092 failed: Connection refused (after 0ms in state CONNECT)
2026-09-23 12:29:49,967 [ERROR] Delivery failed for record b'I5911': KafkaError{code=_MSG_TIMED_OUT,val=-192,str="Local: Message timed out"}
2026-09-23 12:29:49,967 [INFO] Produced UK869 | BOM -> CCU | status=CANCELLED delay=0min
%3|1790146790.770|FAIL|rdkafka#producer-1| [thrd:localhost:9092/bootstrap]: localhost:9092/bootstrap: Connect to ipv6#[::1]:9092 failed: Connection refused (after 0ms in state CONNECT)
%3|1790146790.826|FAIL|rdkafka#producer-1| [thrd:localhost:9092/bootstrap]: localhost:9092/bootstrap: Connect to ipv4#127.0.0.1:9092 failed: Connection refused (after 0ms in state CONNECT)
2026-09-23 12:29:50,973 [ERROR] Delivery failed for record b'SG782': KafkaError{code=_MSG_TIMED_OUT,val=-192,str="Local: Message timed out"}
2026-09-23 12:29:50,973 [INFO] Produced I5910 | MAA -> HYD | status=ON_TIME delay=0min
%3|1790146791.828|FAIL|rdkafka#producer-1| [thrd:localhost:9092/1]: localhost:9092/1: Connect to ipv4#127.0.0.1:9092 failed: Connection refused (after 0ms in state CONNECT)
2026-09-23 12:29:51,978 [ERROR] Delivery failed for record b'QP959': KafkaError{code=_MSG_TIMED_OUT,val=-192,str="Local: Message timed out"}
2026-09-23 12:29:51,979 [INFO] Produced SG415 | HYD -> BOM | status=ON_TIME delay=0min
%3|1790146792.833|FAIL|rdkafka#producer-1| [thrd:localhost:9092/1]: localhost:9092/1: Connect to ipv6#[::1]:9092 failed: Connection refused (after 0ms in state CONNECT)
2026-09-23 12:29:52,984 [ERROR] Delivery failed for record b'SG950': KafkaError{code=_MSG_TIMED_OUT,val=-192,str="Local: Message timed out"}
2026-09-23 12:29:52,984 [INFO] Produced 6E243 | BOM -> CCU | status=DELAYED delay=50min
%3|1790146793.839|FAIL|rdkafka#producer-1| [thrd:localhost:9092/bootstrap]: localhost:9092/bootstrap: Connect to ipv6#[::1]:9092 failed: Connection refused (after 0ms in state CONNECT)
2026-09-23 12:29:53,990 [ERROR] Delivery failed for record b'UK756': KafkaError{code=_MSG_TIMED_OUT,val=-192,str="Local: Message timed out"}
2026-09-23 12:29:53,990 [INFO] Produced SG283 | HYD -> BLR | status=ON_TIME delay=0min
%3|1790146794.789|FAIL|rdkafka#producer-1| [thrd:localhost:9092/1]: localhost:9092/1: Connect to ipv4#127.0.0.1:9092 failed: Connection refused (after 0ms in state CONNECT)
%3|1790146794.840|FAIL|rdkafka#producer-1| [thrd:localhost:9092/1]: localhost:9092/1: Connect to ipv6#[::1]:9092 failed: Connection refused (after 0ms in state CONNECT)
2026-09-23 12:29:54,992 [ERROR] Delivery failed for record b'QP927': KafkaError{code=_MSG_TIMED_OUT,val=-192,str="Local: Message timed out"}
2026-09-23 12:29:54,993 [INFO] Produced 6E631 | BLR -> BOM | status=ON_TIME delay=0min
%3|1790146795.845|FAIL|rdkafka#producer-1| [thrd:localhost:9092/bootstrap]: localhost:9092/bootstrap: Connect to ipv4#127.0.0.1:9092 failed: Connection refused (after 0ms in state CONNECT)
2026-09-23 12:29:55,998 [ERROR] Delivery failed for record b'UK491': KafkaError{code=_MSG_TIMED_OUT,val=-192,str="Local: Message timed out"}
2026-09-23 12:29:56,000 [INFO] Produced SG337 | DEL -> BLR | status=ON_TIME delay=0min
%3|1790146796.848|FAIL|rdkafka#producer-1| [thrd:localhost:9092/bootstrap]: localhost:9092/bootstrap: Connect to ipv6#[::1]:9092 failed: Connection refused (after 0ms in state CONNECT)
2026-09-23 12:29:57,003 [ERROR] Delivery failed for record b'UK463': KafkaError{code=_MSG_TIMED_OUT,val=-192,str="Local: Message timed out"}
2026-09-23 12:29:57,003 [INFO] Produced SG291 | MAA -> HYD | status=DELAYED delay=115min
%3|1790146797.794|FAIL|rdkafka#producer-1| [thrd:localhost:9092/1]: localhost:9092/1: Connect to ipv6#[::1]:9092 failed: Connection refused (after 0ms in state CONNECT, 1 identical error(s) suppressed)
%3|1790146797.850|FAIL|rdkafka#producer-1| [thrd:localhost:9092/1]: localhost:9092/1: Connect to ipv4#127.0.0.1:9092 failed: Connection refused (after 0ms in state CONNECT)
2026-09-23 12:29:58,006 [ERROR] Delivery failed for record b'QP959': KafkaError{code=_MSG_TIMED_OUT,val=-192,str="Local: Message timed out"}
2026-09-23 12:29:58,006 [INFO] Produced UK296 | DEL -> MAA | status=ON_TIME delay=0min
%3|1790146798.799|FAIL|rdkafka#producer-1| [thrd:localhost:9092/bootstrap]: localhost:9092/bootstrap: Connect to ipv4#127.0.0.1:9092 failed: Connection refused (after 0ms in state CONNECT)
%3|1790146798.854|FAIL|rdkafka#producer-1| [thrd:localhost:9092/1]: localhost:9092/1: Connect to ipv6#[::1]:9092 failed: Connection refused (after 0ms in state CONNECT)
2026-09-23 12:29:59,009 [ERROR] Delivery failed for record b'QP978': KafkaError{code=_MSG_TIMED_OUT,val=-192,str="Local: Message timed out"}
2026-09-23 12:29:59,009 [INFO] Produced 6E512 | HYD -> MAA | status=DELAYED delay=107min
%3|1790146799.801|FAIL|rdkafka#producer-1| [thrd:localhost:9092/bootstrap]: localhost:9092/bootstrap: Connect to ipv4#127.0.0.1:9092 failed: Connection refused (after 0ms in state CONNECT, 1 identical error(s) suppressed)
%3|1790146799.856|FAIL|rdkafka#producer-1| [thrd:localhost:9092/bootstrap]: localhost:9092/bootstrap: Connect to ipv6#[::1]:9092 failed: Connection refused (after 0ms in state CONNECT)
2026-09-23 12:30:00,011 [ERROR] Delivery failed for record b'6E949': KafkaError{code=_MSG_TIMED_OUT,val=-192,str="Local: Message timed out"}
2026-09-23 12:30:00,012 [INFO] Produced AI394 | CCU -> BLR | status=DELAYED delay=77min
%3|1790146800.805|FAIL|rdkafka#producer-1| [thrd:localhost:9092/1]: localhost:9092/1: Connect to ipv4#127.0.0.1:9092 failed: Connection refused (after 0ms in state CONNECT)
%3|1790146800.860|FAIL|rdkafka#producer-1| [thrd:localhost:9092/1]: localhost:9092/1: Connect to ipv6#[::1]:9092 failed: Connection refused (after 0ms in state CONNECT)
2026-09-23 12:30:01,014 [ERROR] Delivery failed for record b'AI953': KafkaError{code=_MSG_TIMED_OUT,val=-192,str="Local: Message timed out"}
2026-09-23 12:30:01,014 [INFO] Produced QP259 | CCU -> HYD | status=ON_TIME delay=0min
%3|1790146801.864|FAIL|rdkafka#producer-1| [thrd:localhost:9092/bootstrap]: localhost:9092/bootstrap: Connect to ipv4#127.0.0.1:9092 failed: Connection refused (after 0ms in state CONNECT)
2026-09-23 12:30:02,020 [ERROR] Delivery failed for record b'I5595': KafkaError{code=_MSG_TIMED_OUT,val=-192,str="Local: Message timed out"}
2026-09-23 12:30:02,020 [INFO] Produced I5694 | HYD -> DEL | status=ON_TIME delay=0min
%3|1790146802.872|FAIL|rdkafka#producer-1| [thrd:localhost:9092/bootstrap]: localhost:9092/bootstrap: Connect to ipv6#[::1]:9092 failed: Connection refused (after 0ms in state CONNECT)
2026-09-23 12:30:03,021 [ERROR] Delivery failed for record b'UK733': KafkaError{code=_MSG_TIMED_OUT,val=-192,str="Local: Message timed out"}
2026-09-23 12:30:03,022 [INFO] Produced UK246 | BOM -> MAA | status=ON_TIME delay=0min
%3|1790146803.877|FAIL|rdkafka#producer-1| [thrd:localhost:9092/1]: localhost:9092/1: Connect to ipv4#127.0.0.1:9092 failed: Connection refused (after 0ms in state CONNECT)
2026-09-23 12:30:04,027 [ERROR] Delivery failed for record b'I5867': KafkaError{code=_MSG_TIMED_OUT,val=-192,str="Local: Message timed out"}
2026-09-23 12:30:04,027 [INFO] Produced I5575 | CCU -> MAA | status=ON_TIME delay=0min
%3|1790146804.825|FAIL|rdkafka#producer-1| [thrd:localhost:9092/bootstrap]: localhost:9092/bootstrap: Connect to ipv4#127.0.0.1:9092 failed: Connection refused (after 0ms in state CONNECT)
%3|1790146804.881|FAIL|rdkafka#producer-1| [thrd:localhost:9092/bootstrap]: localhost:9092/bootstrap: Connect to ipv6#[::1]:9092 failed: Connection refused (after 0ms in state CONNECT)
2026-09-23 12:30:05,032 [ERROR] Delivery failed for record b'UK295': KafkaError{code=_MSG_TIMED_OUT,val=-192,str="Local: Message timed out"}
2026-09-23 12:30:05,032 [INFO] Produced QP740 | BOM -> BLR | status=ON_TIME delay=0min
%3|1790146805.829|FAIL|rdkafka#producer-1| [thrd:localhost:9092/1]: localhost:9092/1: Connect to ipv6#[::1]:9092 failed: Connection refused (after 0ms in state CONNECT)
2026-09-23 12:30:06,036 [ERROR] Delivery failed for record b'UK308': KafkaError{code=_MSG_TIMED_OUT,val=-192,str="Local: Message timed out"}
2026-09-23 12:30:06,036 [INFO] Produced 6E399 | MAA -> BOM | status=CANCELLED delay=0min
%3|1790146806.831|FAIL|rdkafka#producer-1| [thrd:localhost:9092/1]: localhost:9092/1: Connect to ipv4#127.0.0.1:9092 failed: Connection refused (after 0ms in state CONNECT)
%3|1790146806.887|FAIL|rdkafka#producer-1| [thrd:localhost:9092/bootstrap]: localhost:9092/bootstrap: Connect to ipv4#127.0.0.1:9092 failed: Connection refused (after 0ms in state CONNECT)
2026-09-23 12:30:07,039 [ERROR] Delivery failed for record b'6E514': KafkaError{code=_MSG_TIMED_OUT,val=-192,str="Local: Message timed out"}
2026-09-23 12:30:07,039 [INFO] Produced SG827 | BLR -> CCU | status=DELAYED delay=57min
%3|1790146807.832|FAIL|rdkafka#producer-1| [thrd:localhost:9092/bootstrap]: localhost:9092/bootstrap: Connect to ipv6#[::1]:9092 failed: Connection refused (after 0ms in state CONNECT)
%3|1790146807.887|FAIL|rdkafka#producer-1| [thrd:localhost:9092/bootstrap]: localhost:9092/bootstrap: Connect to ipv4#127.0.0.1:9092 failed: Connection refused (after 0ms in state CONNECT)
2026-09-23 12:30:08,045 [ERROR] Delivery failed for record b'UK951': KafkaError{code=_MSG_TIMED_OUT,val=-192,str="Local: Message timed out"}
2026-09-23 12:30:08,045 [INFO] Produced AI283 | HYD -> DEL | status=DELAYED delay=50min
%3|1790146808.888|FAIL|rdkafka#producer-1| [thrd:localhost:9092/1]: localhost:9092/1: Connect to ipv6#[::1]:9092 failed: Connection refused (after 0ms in state CONNECT)
2026-09-23 12:30:09,049 [ERROR] Delivery failed for record b'AI732': KafkaError{code=_MSG_TIMED_OUT,val=-192,str="Local: Message timed out"}
2026-09-23 12:30:09,049 [INFO] Produced UK571 | DEL -> MAA | status=ON_TIME delay=0min
%3|1790146809.839|FAIL|rdkafka#producer-1| [thrd:localhost:9092/bootstrap]: localhost:9092/bootstrap: Connect to ipv6#[::1]:9092 failed: Connection refused (after 0ms in state CONNECT)
%3|1790146809.894|FAIL|rdkafka#producer-1| [thrd:localhost:9092/bootstrap]: localhost:9092/bootstrap: Connect to ipv4#127.0.0.1:9092 failed: Connection refused (after 0ms in state CONNECT)
2026-09-23 12:30:10,054 [ERROR] Delivery failed for record b'UK627': KafkaError{code=_MSG_TIMED_OUT,val=-192,str="Local: Message timed out"}
2026-09-23 12:30:10,054 [INFO] Produced I5176 | CCU -> BLR | status=ON_TIME delay=0min
%3|1790146810.840|FAIL|rdkafka#producer-1| [thrd:localhost:9092/1]: localhost:9092/1: Connect to ipv4#127.0.0.1:9092 failed: Connection refused (after 0ms in state CONNECT)
%3|1790146810.892|FAIL|rdkafka#producer-1| [thrd:localhost:9092/1]: localhost:9092/1: Connect to ipv6#[::1]:9092 failed: Connection refused (after 0ms in state CONNECT)
2026-09-23 12:30:11,058 [ERROR] Delivery failed for record b'6E572': KafkaError{code=_MSG_TIMED_OUT,val=-192,str="Local: Message timed out"}
2026-09-23 12:30:11,058 [INFO] Produced SG886 | CCU -> BLR | status=CANCELLED delay=0min
%3|1790146811.901|FAIL|rdkafka#producer-1| [thrd:localhost:9092/bootstrap]: localhost:9092/bootstrap: Connect to ipv6#[::1]:9092 failed: Connection refused (after 0ms in state CONNECT)
2026-09-23 12:30:12,062 [ERROR] Delivery failed for record b'SG940': KafkaError{code=_MSG_TIMED_OUT,val=-192,str="Local: Message timed out"}
2026-09-23 12:30:12,062 [INFO] Produced QP315 | CCU -> HYD | status=DELAYED delay=22min
%3|1790146812.846|FAIL|rdkafka#producer-1| [thrd:localhost:9092/bootstrap]: localhost:9092/bootstrap: Connect to ipv4#127.0.0.1:9092 failed: Connection refused (after 0ms in state CONNECT)
%3|1790146812.902|FAIL|rdkafka#producer-1| [thrd:localhost:9092/bootstrap]: localhost:9092/bootstrap: Connect to ipv6#[::1]:9092 failed: Connection refused (after 0ms in state CONNECT)
2026-09-23 12:30:13,066 [ERROR] Delivery failed for record b'AI733': KafkaError{code=_MSG_TIMED_OUT,val=-192,str="Local: Message timed out"}
2026-09-23 12:30:13,066 [INFO] Produced SG190 | MAA -> HYD | status=DELAYED delay=57min
%3|1790146813.902|FAIL|rdkafka#producer-1| [thrd:localhost:9092/bootstrap]: localhost:9092/bootstrap: Connect to ipv4#127.0.0.1:9092 failed: Connection refused (after 0ms in state CONNECT)
2026-09-23 12:30:14,071 [ERROR] Delivery failed for record b'6E716': KafkaError{code=_MSG_TIMED_OUT,val=-192,str="Local: Message timed out"}
2026-09-23 12:30:14,071 [INFO] Produced I5448 | DEL -> BOM | status=CANCELLED delay=0min
%3|1790146814.903|FAIL|rdkafka#producer-1| [thrd:localhost:9092/bootstrap]: localhost:9092/bootstrap: Connect to ipv6#[::1]:9092 failed: Connection refused (after 0ms in state CONNECT)
2026-09-23 12:30:15,072 [ERROR] Delivery failed for record b'UK388': KafkaError{code=_MSG_TIMED_OUT,val=-192,str="Local: Message timed out"}
2026-09-23 12:30:15,072 [INFO] Produced AI450 | CCU -> MAA | status=CANCELLED delay=0min
%3|1790146815.853|FAIL|rdkafka#producer-1| [thrd:localhost:9092/bootstrap]: localhost:9092/bootstrap: Connect to ipv4#127.0.0.1:9092 failed: Connection refused (after 0ms in state CONNECT)
%3|1790146815.909|FAIL|rdkafka#producer-1| [thrd:localhost:9092/bootstrap]: localhost:9092/bootstrap: Connect to ipv6#[::1]:9092 failed: Connection refused (after 0ms in state CONNECT)
2026-09-23 12:30:16,077 [ERROR] Delivery failed for record b'QP935': KafkaError{code=_MSG_TIMED_OUT,val=-192,str="Local: Message timed out"}
2026-09-23 12:30:16,078 [INFO] Produced UK518 | HYD -> MAA | status=ON_TIME delay=0min
%3|1790146816.858|FAIL|rdkafka#producer-1| [thrd:localhost:9092/1]: localhost:9092/1: Connect to ipv4#127.0.0.1:9092 failed: Connection refused (after 0ms in state CONNECT)
%3|1790146816.913|FAIL|rdkafka#producer-1| [thrd:localhost:9092/1]: localhost:9092/1: Connect to ipv6#[::1]:9092 failed: Connection refused (after 0ms in state CONNECT)
2026-09-23 12:30:17,079 [ERROR] Delivery failed for record b'UK172': KafkaError{code=_MSG_TIMED_OUT,val=-192,str="Local: Message timed out"}
2026-09-23 12:30:17,079 [INFO] Produced SG248 | DEL -> CCU | status=ON_TIME delay=0min
%3|1790146817.861|FAIL|rdkafka#producer-1| [thrd:localhost:9092/bootstrap]: localhost:9092/bootstrap: Connect to ipv4#127.0.0.1:9092 failed: Connection refused (after 0ms in state CONNECT)
2026-09-23 12:30:18,084 [ERROR] Delivery failed for record b'AI381': KafkaError{code=_MSG_TIMED_OUT,val=-192,str="Local: Message timed out"}
2026-09-23 12:30:18,084 [INFO] Produced QP905 | BLR -> CCU | status=ON_TIME delay=0min
%3|1790146818.918|FAIL|rdkafka#producer-1| [thrd:localhost:9092/bootstrap]: localhost:9092/bootstrap: Connect to ipv6#[::1]:9092 failed: Connection refused (after 0ms in state CONNECT)
2026-09-23 12:30:19,085 [ERROR] Delivery failed for record b'AI364': KafkaError{code=_MSG_TIMED_OUT,val=-192,str="Local: Message timed out"}
2026-09-23 12:30:19,085 [INFO] Produced QP793 | CCU -> MAA | status=ON_TIME delay=0min
2026-09-23 12:30:20,090 [ERROR] Delivery failed for record b'QP622': KafkaError{code=_MSG_TIMED_OUT,val=-192,str="Local: Message timed out"}
2026-09-23 12:30:20,090 [INFO] Produced I5418 | MAA -> BLR | status=ON_TIME delay=0min
%3|1790146820.873|FAIL|rdkafka#producer-1| [thrd:localhost:9092/1]: localhost:9092/1: Connect to ipv4#127.0.0.1:9092 failed: Connection refused (after 0ms in state CONNECT)
2026-09-23 12:30:21,093 [ERROR] Delivery failed for record b'I5195': KafkaError{code=_MSG_TIMED_OUT,val=-192,str="Local: Message timed out"}
2026-09-23 12:30:21,093 [INFO] Produced AI643 | HYD -> MAA | status=ON_TIME delay=0min
%3|1790146821.878|FAIL|rdkafka#producer-1| [thrd:localhost:9092/1]: localhost:9092/1: Connect to ipv6#[::1]:9092 failed: Connection refused (after 0ms in state CONNECT)
%3|1790146821.934|FAIL|rdkafka#producer-1| [thrd:localhost:9092/1]: localhost:9092/1: Connect to ipv4#127.0.0.1:9092 failed: Connection refused (after 0ms in state CONNECT)
2026-09-23 12:30:22,098 [ERROR] Delivery failed for record b'I5620': KafkaError{code=_MSG_TIMED_OUT,val=-192,str="Local: Message timed out"}
2026-09-23 12:30:22,099 [INFO] Produced 6E543 | BOM -> BLR | status=DELAYED delay=54min
%3|1790146822.932|FAIL|rdkafka#producer-1| [thrd:localhost:9092/1]: localhost:9092/1: Connect to ipv6#[::1]:9092 failed: Connection refused (after 0ms in state CONNECT)
2026-09-23 12:30:23,104 [ERROR] Delivery failed for record b'SG904': KafkaError{code=_MSG_TIMED_OUT,val=-192,str="Local: Message timed out"}
2026-09-23 12:30:23,104 [INFO] Produced 6E909 | CCU -> BLR | status=CANCELLED delay=0min
%3|1790146823.884|FAIL|rdkafka#producer-1| [thrd:localhost:9092/1]: localhost:9092/1: Connect to ipv4#127.0.0.1:9092 failed: Connection refused (after 0ms in state CONNECT)
%3|1790146823.940|FAIL|rdkafka#producer-1| [thrd:localhost:9092/bootstrap]: localhost:9092/bootstrap: Connect to ipv4#127.0.0.1:9092 failed: Connection refused (after 0ms in state CONNECT)
2026-09-23 12:30:24,109 [ERROR] Delivery failed for record b'QP227': KafkaError{code=_MSG_TIMED_OUT,val=-192,str="Local: Message timed out"}
2026-09-23 12:30:24,109 [INFO] Produced UK633 | HYD -> CCU | status=ON_TIME delay=0min
%3|1790146824.883|FAIL|rdkafka#producer-1| [thrd:localhost:9092/bootstrap]: localhost:9092/bootstrap: Connect to ipv6#[::1]:9092 failed: Connection refused (after 0ms in state CONNECT)
2026-09-23 12:30:25,115 [ERROR] Delivery failed for record b'6E473': KafkaError{code=_MSG_TIMED_OUT,val=-192,str="Local: Message timed out"}
2026-09-23 12:30:25,115 [INFO] Produced SG212 | MAA -> CCU | status=ON_TIME delay=0min
%3|1790146825.889|FAIL|rdkafka#producer-1| [thrd:localhost:9092/bootstrap]: localhost:9092/bootstrap: Connect to ipv4#127.0.0.1:9092 failed: Connection refused (after 0ms in state CONNECT)
%3|1790146825.942|FAIL|rdkafka#producer-1| [thrd:localhost:9092/1]: localhost:9092/1: Connect to ipv6#[::1]:9092 failed: Connection refused (after 0ms in state CONNECT)
2026-09-23 12:30:26,117 [ERROR] Delivery failed for record b'UK556': KafkaError{code=_MSG_TIMED_OUT,val=-192,str="Local: Message timed out"}
2026-09-23 12:30:26,117 [INFO] Produced 6E402 | HYD -> BLR | status=ON_TIME delay=0min
%3|1790146826.890|FAIL|rdkafka#producer-1| [thrd:localhost:9092/1]: localhost:9092/1: Connect to ipv4#127.0.0.1:9092 failed: Connection refused (after 0ms in state CONNECT)
2026-09-23 12:30:27,122 [ERROR] Delivery failed for record b'SG437': KafkaError{code=_MSG_TIMED_OUT,val=-192,str="Local: Message timed out"}
2026-09-23 12:30:27,122 [INFO] Produced SG154 | CCU -> BOM | status=ON_TIME delay=0min
%3|1790146827.895|FAIL|rdkafka#producer-1| [thrd:localhost:9092/1]: localhost:9092/1: Connect to ipv6#[::1]:9092 failed: Connection refused (after 0ms in state CONNECT)
%3|1790146827.952|FAIL|rdkafka#producer-1| [thrd:localhost:9092/1]: localhost:9092/1: Connect to ipv4#127.0.0.1:9092 failed: Connection refused (after 0ms in state CONNECT)
2026-09-23 12:30:28,127 [ERROR] Delivery failed for record b'I5789': KafkaError{code=_MSG_TIMED_OUT,val=-192,str="Local: Message timed out"}
2026-09-23 12:30:28,128 [INFO] Produced SG887 | DEL -> BLR | status=DELAYED delay=53min
%3|1790146828.954|FAIL|rdkafka#producer-1| [thrd:localhost:9092/bootstrap]: localhost:9092/bootstrap: Connect to ipv6#[::1]:9092 failed: Connection refused (after 0ms in state CONNECT)
2026-09-23 12:30:29,129 [ERROR] Delivery failed for record b'AI277': KafkaError{code=_MSG_TIMED_OUT,val=-192,str="Local: Message timed out"}
2026-09-23 12:30:29,129 [INFO] Produced UK829 | CCU -> HYD | status=ON_TIME delay=0min
%3|1790146829.905|FAIL|rdkafka#producer-1| [thrd:localhost:9092/1]: localhost:9092/1: Connect to ipv4#127.0.0.1:9092 failed: Connection refused (after 0ms in state CONNECT, 1 identical error(s) suppressed)
%3|1790146829.961|FAIL|rdkafka#producer-1| [thrd:localhost:9092/1]: localhost:9092/1: Connect to ipv6#[::1]:9092 failed: Connection refused (after 0ms in state CONNECT)
2026-09-23 12:30:30,134 [ERROR] Delivery failed for record b'I5699': KafkaError{code=_MSG_TIMED_OUT,val=-192,str="Local: Message timed out"}
2026-09-23 12:30:30,134 [INFO] Produced I5450 | DEL -> BLR | status=ON_TIME delay=0min
%3|1790146830.906|FAIL|rdkafka#producer-1| [thrd:localhost:9092/bootstrap]: localhost:9092/bootstrap: Connect to ipv4#127.0.0.1:9092 failed: Connection refused (after 0ms in state CONNECT)
%3|1790146830.962|FAIL|rdkafka#producer-1| [thrd:localhost:9092/bootstrap]: localhost:9092/bootstrap: Connect to ipv6#[::1]:9092 failed: Connection refused (after 0ms in state CONNECT)
2026-09-23 12:30:31,139 [ERROR] Delivery failed for record b'UK263': KafkaError{code=_MSG_TIMED_OUT,val=-192,str="Local: Message timed out"}
2026-09-23 12:30:31,139 [INFO] Produced I5642 | HYD -> CCU | status=ON_TIME delay=0min
%3|1790146831.912|FAIL|rdkafka#producer-1| [thrd:localhost:9092/1]: localhost:9092/1: Connect to ipv4#127.0.0.1:9092 failed: Connection refused (after 0ms in state CONNECT)
%3|1790146831.969|FAIL|rdkafka#producer-1| [thrd:localhost:9092/bootstrap]: localhost:9092/bootstrap: Connect to ipv4#127.0.0.1:9092 failed: Connection refused (after 0ms in state CONNECT)
2026-09-23 12:30:32,144 [ERROR] Delivery failed for record b'I5110': KafkaError{code=_MSG_TIMED_OUT,val=-192,str="Local: Message timed out"}
2026-09-23 12:30:32,145 [INFO] Produced AI988 | MAA -> DEL | status=ON_TIME delay=0min
%3|1790146832.915|FAIL|rdkafka#producer-1| [thrd:localhost:9092/bootstrap]: localhost:9092/bootstrap: Connect to ipv6#[::1]:9092 failed: Connection refused (after 0ms in state CONNECT)
%3|1790146832.972|FAIL|rdkafka#producer-1| [thrd:localhost:9092/1]: localhost:9092/1: Connect to ipv6#[::1]:9092 failed: Connection refused (after 0ms in state CONNECT)
2026-09-23 12:30:33,146 [ERROR] Delivery failed for record b'QP883': KafkaError{code=_MSG_TIMED_OUT,val=-192,str="Local: Message timed out"}
2026-09-23 12:30:33,146 [INFO] Produced SG978 | BLR -> HYD | status=ON_TIME delay=0min
%3|1790146833.919|FAIL|rdkafka#producer-1| [thrd:localhost:9092/bootstrap]: localhost:9092/bootstrap: Connect to ipv4#127.0.0.1:9092 failed: Connection refused (after 0ms in state CONNECT)
%3|1790146833.976|FAIL|rdkafka#producer-1| [thrd:localhost:9092/1]: localhost:9092/1: Connect to ipv4#127.0.0.1:9092 failed: Connection refused (after 0ms in state CONNECT)
2026-09-23 12:30:34,147 [ERROR] Delivery failed for record b'QP484': KafkaError{code=_MSG_TIMED_OUT,val=-192,str="Local: Message timed out"}
2026-09-23 12:30:34,147 [INFO] Produced QP738 | MAA -> BLR | status=DELAYED delay=107min
%3|1790146834.922|FAIL|rdkafka#producer-1| [thrd:localhost:9092/bootstrap]: localhost:9092/bootstrap: Connect to ipv6#[::1]:9092 failed: Connection refused (after 0ms in state CONNECT)
%3|1790146834.973|FAIL|rdkafka#producer-1| [thrd:localhost:9092/bootstrap]: localhost:9092/bootstrap: Connect to ipv4#127.0.0.1:9092 failed: Connection refused (after 0ms in state CONNECT)
2026-09-23 12:30:35,152 [ERROR] Delivery failed for record b'AI452': KafkaError{code=_MSG_TIMED_OUT,val=-192,str="Local: Message timed out"}
2026-09-23 12:30:35,152 [INFO] Produced AI937 | DEL -> MAA | status=ON_TIME delay=0min
%3|1790146835.927|FAIL|rdkafka#producer-1| [thrd:localhost:9092/1]: localhost:9092/1: Connect to ipv6#[::1]:9092 failed: Connection refused (after 0ms in state CONNECT)
%3|1790146835.984|FAIL|rdkafka#producer-1| [thrd:localhost:9092/bootstrap]: localhost:9092/bootstrap: Connect to ipv6#[::1]:9092 failed: Connection refused (after 0ms in state CONNECT)
2026-09-23 12:30:36,158 [ERROR] Delivery failed for record b'6E346': KafkaError{code=_MSG_TIMED_OUT,val=-192,str="Local: Message timed out"}
2026-09-23 12:30:36,158 [INFO] Produced SG689 | CCU -> DEL | status=ON_TIME delay=0min
%3|1790146836.990|FAIL|rdkafka#producer-1| [thrd:localhost:9092/1]: localhost:9092/1: Connect to ipv4#127.0.0.1:9092 failed: Connection refused (after 0ms in state CONNECT)
2026-09-23 12:30:37,164 [ERROR] Delivery failed for record b'SG921': KafkaError{code=_MSG_TIMED_OUT,val=-192,str="Local: Message timed out"}
2026-09-23 12:30:37,164 [INFO] Produced AI672 | DEL -> HYD | status=DELAYED delay=108min
%3|1790146837.992|FAIL|rdkafka#producer-1| [thrd:localhost:9092/1]: localhost:9092/1: Connect to ipv6#[::1]:9092 failed: Connection refused (after 0ms in state CONNECT)
2026-09-23 12:30:38,169 [ERROR] Delivery failed for record b'6E980': KafkaError{code=_MSG_TIMED_OUT,val=-192,str="Local: Message timed out"}
2026-09-23 12:30:38,169 [INFO] Produced QP430 | CCU -> BOM | status=ON_TIME delay=0min
%3|1790146838.942|FAIL|rdkafka#producer-1| [thrd:localhost:9092/bootstrap]: localhost:9092/bootstrap: Connect to ipv6#[::1]:9092 failed: Connection refused (after 0ms in state CONNECT, 1 identical error(s) suppressed)
%3|1790146838.997|FAIL|rdkafka#producer-1| [thrd:localhost:9092/bootstrap]: localhost:9092/bootstrap: Connect to ipv4#127.0.0.1:9092 failed: Connection refused (after 0ms in state CONNECT)
2026-09-23 12:30:39,171 [ERROR] Delivery failed for record b'UK953': KafkaError{code=_MSG_TIMED_OUT,val=-192,str="Local: Message timed out"}
2026-09-23 12:30:39,171 [INFO] Produced I5751 | BLR -> CCU | status=DELAYED delay=8min
%3|1790146839.943|FAIL|rdkafka#producer-1| [thrd:localhost:9092/1]: localhost:9092/1: Connect to ipv4#127.0.0.1:9092 failed: Connection refused (after 0ms in state CONNECT)
2026-09-23 12:30:40,173 [ERROR] Delivery failed for record b'I5884': KafkaError{code=_MSG_TIMED_OUT,val=-192,str="Local: Message timed out"}
2026-09-23 12:30:40,173 [INFO] Produced I5503 | HYD -> CCU | status=ON_TIME delay=0min
%3|1790146840.945|FAIL|rdkafka#producer-1| [thrd:localhost:9092/1]: localhost:9092/1: Connect to ipv6#[::1]:9092 failed: Connection refused (after 0ms in state CONNECT)
%3|1790146840.998|FAIL|rdkafka#producer-1| [thrd:localhost:9092/bootstrap]: localhost:9092/bootstrap: Connect to ipv6#[::1]:9092 failed: Connection refused (after 0ms in state CONNECT)
2026-09-23 12:30:41,178 [ERROR] Delivery failed for record b'6E715': KafkaError{code=_MSG_TIMED_OUT,val=-192,str="Local: Message timed out"}
2026-09-23 12:30:41,178 [INFO] Produced 6E401 | MAA -> BOM | status=DELAYED delay=24min
%3|1790146841.950|FAIL|rdkafka#producer-1| [thrd:localhost:9092/1]: localhost:9092/1: Connect to ipv4#127.0.0.1:9092 failed: Connection refused (after 0ms in state CONNECT)
%3|1790146842.006|FAIL|rdkafka#producer-1| [thrd:localhost:9092/1]: localhost:9092/1: Connect to ipv6#[::1]:9092 failed: Connection refused (after 0ms in state CONNECT)
2026-09-23 12:30:42,180 [ERROR] Delivery failed for record b'I5867': KafkaError{code=_MSG_TIMED_OUT,val=-192,str="Local: Message timed out"}
2026-09-23 12:30:42,180 [INFO] Produced 6E780 | MAA -> CCU | status=DELAYED delay=97min
%3|1790146842.956|FAIL|rdkafka#producer-1| [thrd:localhost:9092/bootstrap]: localhost:9092/bootstrap: Connect to ipv4#127.0.0.1:9092 failed: Connection refused (after 0ms in state CONNECT)
%3|1790146843.011|FAIL|rdkafka#producer-1| [thrd:localhost:9092/bootstrap]: localhost:9092/bootstrap: Connect to ipv6#[::1]:9092 failed: Connection refused (after 0ms in state CONNECT)
2026-09-23 12:30:43,185 [ERROR] Delivery failed for record b'I5835': KafkaError{code=_MSG_TIMED_OUT,val=-192,str="Local: Message timed out"}
2026-09-23 12:30:43,185 [INFO] Produced AI981 | HYD -> BOM | status=ON_TIME delay=0min
%3|1790146843.961|FAIL|rdkafka#producer-1| [thrd:localhost:9092/bootstrap]: localhost:9092/bootstrap: Connect to ipv4#127.0.0.1:9092 failed: Connection refused (after 0ms in state CONNECT)
%3|1790146844.017|FAIL|rdkafka#producer-1| [thrd:localhost:9092/1]: localhost:9092/1: Connect to ipv4#127.0.0.1:9092 failed: Connection refused (after 0ms in state CONNECT)
2026-09-23 12:30:44,190 [ERROR] Delivery failed for record b'SG770': KafkaError{code=_MSG_TIMED_OUT,val=-192,str="Local: Message timed out"}
2026-09-23 12:30:44,191 [INFO] Produced AI469 | BOM -> MAA | status=ON_TIME delay=0min
%3|1790146844.966|FAIL|rdkafka#producer-1| [thrd:localhost:9092/1]: localhost:9092/1: Connect to ipv6#[::1]:9092 failed: Connection refused (after 0ms in state CONNECT)
%3|1790146845.019|FAIL|rdkafka#producer-1| [thrd:localhost:9092/bootstrap]: localhost:9092/bootstrap: Connect to ipv6#[::1]:9092 failed: Connection refused (after 1ms in state CONNECT)
2026-09-23 12:30:45,195 [ERROR] Delivery failed for record b'6E607': KafkaError{code=_MSG_TIMED_OUT,val=-192,str="Local: Message timed out"}
2026-09-23 12:30:45,196 [INFO] Produced AI842 | BOM -> DEL | status=DELAYED delay=18min
%3|1790146845.971|FAIL|rdkafka#producer-1| [thrd:localhost:9092/bootstrap]: localhost:9092/bootstrap: Connect to ipv4#127.0.0.1:9092 failed: Connection refused (after 0ms in state CONNECT)
2026-09-23 12:30:46,197 [ERROR] Delivery failed for record b'I5573': KafkaError{code=_MSG_TIMED_OUT,val=-192,str="Local: Message timed out"}
2026-09-23 12:30:46,197 [INFO] Produced AI523 | DEL -> MAA | status=DELAYED delay=118min
2026-09-23 12:30:47,199 [ERROR] Delivery failed for record b'UK438': KafkaError{code=_MSG_TIMED_OUT,val=-192,str="Local: Message timed out"}
2026-09-23 12:30:47,199 [INFO] Produced QP114 | HYD -> MAA | status=ON_TIME delay=0min
%3|1790146847.978|FAIL|rdkafka#producer-1| [thrd:localhost:9092/1]: localhost:9092/1: Connect to ipv4#127.0.0.1:9092 failed: Connection refused (after 0ms in state CONNECT)
%3|1790146848.032|FAIL|rdkafka#producer-1| [thrd:localhost:9092/1]: localhost:9092/1: Connect to ipv6#[::1]:9092 failed: Connection refused (after 0ms in state CONNECT)
2026-09-23 12:30:48,204 [ERROR] Delivery failed for record b'I5460': KafkaError{code=_MSG_TIMED_OUT,val=-192,str="Local: Message timed out"}
2026-09-23 12:30:48,204 [INFO] Produced SG763 | CCU -> BOM | status=ON_TIME delay=0min
%3|1790146849.038|FAIL|rdkafka#producer-1| [thrd:localhost:9092/bootstrap]: localhost:9092/bootstrap: Connect to ipv6#[::1]:9092 failed: Connection refused (after 0ms in state CONNECT)
2026-09-23 12:30:49,206 [ERROR] Delivery failed for record b'UK130': KafkaError{code=_MSG_TIMED_OUT,val=-192,str="Local: Message timed out"}
2026-09-23 12:30:49,206 [INFO] Produced UK913 | HYD -> BOM | status=ON_TIME delay=0min
%3|1790146849.985|FAIL|rdkafka#producer-1| [thrd:localhost:9092/1]: localhost:9092/1: Connect to ipv4#127.0.0.1:9092 failed: Connection refused (after 0ms in state CONNECT)
%3|1790146850.042|FAIL|rdkafka#producer-1| [thrd:localhost:9092/bootstrap]: localhost:9092/bootstrap: Connect to ipv4#127.0.0.1:9092 failed: Connection refused (after 0ms in state CONNECT)
2026-09-23 12:30:50,212 [ERROR] Delivery failed for record b'UK789': KafkaError{code=_MSG_TIMED_OUT,val=-192,str="Local: Message timed out"}
2026-09-23 12:30:50,212 [INFO] Produced I5890 | CCU -> BOM | status=DELAYED delay=46min
%3|1790146851.045|FAIL|rdkafka#producer-1| [thrd:localhost:9092/bootstrap]: localhost:9092/bootstrap: Connect to ipv6#[::1]:9092 failed: Connection refused (after 0ms in state CONNECT)
2026-09-23 12:30:51,217 [ERROR] Delivery failed for record b'AI307': KafkaError{code=_MSG_TIMED_OUT,val=-192,str="Local: Message timed out"}
2026-09-23 12:30:51,218 [INFO] Produced UK232 | BOM -> BLR | status=DELAYED delay=7min
%3|1790146851.992|FAIL|rdkafka#producer-1| [thrd:localhost:9092/1]: localhost:9092/1: Connect to ipv6#[::1]:9092 failed: Connection refused (after 0ms in state CONNECT)
%3|1790146852.049|FAIL|rdkafka#producer-1| [thrd:localhost:9092/1]: localhost:9092/1: Connect to ipv4#127.0.0.1:9092 failed: Connection refused (after 0ms in state CONNECT)
2026-09-23 12:30:52,219 [ERROR] Delivery failed for record b'AI916': KafkaError{code=_MSG_TIMED_OUT,val=-192,str="Local: Message timed out"}
2026-09-23 12:30:52,219 [INFO] Produced SG672 | DEL -> BOM | status=ON_TIME delay=0min
%3|1790146853.050|FAIL|rdkafka#producer-1| [thrd:localhost:9092/bootstrap]: localhost:9092/bootstrap: Connect to ipv4#127.0.0.1:9092 failed: Connection refused (after 0ms in state CONNECT)
2026-09-23 12:30:53,224 [ERROR] Delivery failed for record b'SG608': KafkaError{code=_MSG_TIMED_OUT,val=-192,str="Local: Message timed out"}
2026-09-23 12:30:53,224 [INFO] Produced AI905 | CCU -> HYD | status=DELAYED delay=54min
%3|1790146854.055|FAIL|rdkafka#producer-1| [thrd:localhost:9092/1]: localhost:9092/1: Connect to ipv6#[::1]:9092 failed: Connection refused (after 0ms in state CONNECT)
2026-09-23 12:30:54,229 [ERROR] Delivery failed for record b'AI193': KafkaError{code=_MSG_TIMED_OUT,val=-192,str="Local: Message timed out"}
2026-09-23 12:30:54,230 [INFO] Produced QP215 | DEL -> BOM | status=DELAYED delay=45min
%3|1790146855.005|FAIL|rdkafka#producer-1| [thrd:localhost:9092/1]: localhost:9092/1: Connect to ipv4#127.0.0.1:9092 failed: Connection refused (after 0ms in state CONNECT)
2026-09-23 12:30:55,235 [ERROR] Delivery failed for record b'6E223': KafkaError{code=_MSG_TIMED_OUT,val=-192,str="Local: Message timed out"}
2026-09-23 12:30:55,235 [INFO] Produced SG702 | HYD -> CCU | status=ON_TIME delay=0min
%3|1790146856.008|FAIL|rdkafka#producer-1| [thrd:localhost:9092/bootstrap]: localhost:9092/bootstrap: Connect to ipv6#[::1]:9092 failed: Connection refused (after 0ms in state CONNECT)
2026-09-23 12:30:56,240 [ERROR] Delivery failed for record b'AI966': KafkaError{code=_MSG_TIMED_OUT,val=-192,str="Local: Message timed out"}
2026-09-23 12:30:56,241 [INFO] Produced I5923 | DEL -> BLR | status=ON_TIME delay=0min
%3|1790146857.065|FAIL|rdkafka#producer-1| [thrd:localhost:9092/1]: localhost:9092/1: Connect to ipv6#[::1]:9092 failed: Connection refused (after 0ms in state CONNECT)
2026-09-23 12:30:57,246 [ERROR] Delivery failed for record b'AI147': KafkaError{code=_MSG_TIMED_OUT,val=-192,str="Local: Message timed out"}
2026-09-23 12:30:57,246 [INFO] Produced SG875 | BOM -> BLR | status=DELAYED delay=30min
2026-09-23 12:30:58,252 [ERROR] Delivery failed for record b'SG912': KafkaError{code=_MSG_TIMED_OUT,val=-192,str="Local: Message timed out"}
2026-09-23 12:30:58,252 [INFO] Produced QP813 | DEL -> HYD | status=ON_TIME delay=0min
%3|1790146859.071|FAIL|rdkafka#producer-1| [thrd:localhost:9092/bootstrap]: localhost:9092/bootstrap: Connect to ipv4#127.0.0.1:9092 failed: Connection refused (after 0ms in state CONNECT)
2026-09-23 12:30:59,257 [ERROR] Delivery failed for record b'AI603': KafkaError{code=_MSG_TIMED_OUT,val=-192,str="Local: Message timed out"}
2026-09-23 12:30:59,257 [INFO] Produced UK875 | DEL -> BLR | status=ON_TIME delay=0min
%3|1790146860.022|FAIL|rdkafka#producer-1| [thrd:localhost:9092/bootstrap]: localhost:9092/bootstrap: Connect to ipv6#[::1]:9092 failed: Connection refused (after 0ms in state CONNECT)
%3|1790146860.078|FAIL|rdkafka#producer-1| [thrd:localhost:9092/bootstrap]: localhost:9092/bootstrap: Connect to ipv4#127.0.0.1:9092 failed: Connection refused (after 0ms in state CONNECT)
2026-09-23 12:31:00,258 [ERROR] Delivery failed for record b'UK573': KafkaError{code=_MSG_TIMED_OUT,val=-192,str="Local: Message timed out"}
2026-09-23 12:31:00,259 [INFO] Produced 6E609 | BOM -> BLR | status=ON_TIME delay=0min
%3|1790146861.076|FAIL|rdkafka#producer-1| [thrd:localhost:9092/bootstrap]: localhost:9092/bootstrap: Connect to ipv6#[::1]:9092 failed: Connection refused (after 0ms in state CONNECT)
2026-09-23 12:31:01,264 [ERROR] Delivery failed for record b'QP744': KafkaError{code=_MSG_TIMED_OUT,val=-192,str="Local: Message timed out"}
2026-09-23 12:31:01,264 [INFO] Produced I5738 | BOM -> MAA | status=ON_TIME delay=0min
%3|1790146862.029|FAIL|rdkafka#producer-1| [thrd:localhost:9092/bootstrap]: localhost:9092/bootstrap: Connect to ipv4#127.0.0.1:9092 failed: Connection refused (after 0ms in state CONNECT)
%3|1790146862.085|FAIL|rdkafka#producer-1| [thrd:localhost:9092/bootstrap]: localhost:9092/bootstrap: Connect to ipv6#[::1]:9092 failed: Connection refused (after 0ms in state CONNECT)
2026-09-23 12:31:02,268 [ERROR] Delivery failed for record b'AI493': KafkaError{code=_MSG_TIMED_OUT,val=-192,str="Local: Message timed out"}
2026-09-23 12:31:02,268 [INFO] Produced 6E194 | CCU -> MAA | status=ON_TIME delay=0min
%3|1790146863.034|FAIL|rdkafka#producer-1| [thrd:localhost:9092/1]: localhost:9092/1: Connect to ipv6#[::1]:9092 failed: Connection refused (after 0ms in state CONNECT, 2 identical error(s) suppressed)
%3|1790146863.088|FAIL|rdkafka#producer-1| [thrd:localhost:9092/1]: localhost:9092/1: Connect to ipv4#127.0.0.1:9092 failed: Connection refused (after 0ms in state CONNECT)
2026-09-23 12:31:03,272 [ERROR] Delivery failed for record b'QP900': KafkaError{code=_MSG_TIMED_OUT,val=-192,str="Local: Message timed out"}
2026-09-23 12:31:03,272 [INFO] Produced UK781 | HYD -> DEL | status=ON_TIME delay=0min
%3|1790146864.038|FAIL|rdkafka#producer-1| [thrd:localhost:9092/1]: localhost:9092/1: Connect to ipv6#[::1]:9092 failed: Connection refused (after 0ms in state CONNECT)
%3|1790146864.091|FAIL|rdkafka#producer-1| [thrd:localhost:9092/1]: localhost:9092/1: Connect to ipv4#127.0.0.1:9092 failed: Connection refused (after 0ms in state CONNECT)
2026-09-23 12:31:04,273 [ERROR] Delivery failed for record b'AI239': KafkaError{code=_MSG_TIMED_OUT,val=-192,str="Local: Message timed out"}
2026-09-23 12:31:04,273 [INFO] Produced AI692 | DEL -> MAA | status=ON_TIME delay=0min
%3|1790146865.098|FAIL|rdkafka#producer-1| [thrd:localhost:9092/bootstrap]: localhost:9092/bootstrap: Connect to ipv4#127.0.0.1:9092 failed: Connection refused (after 0ms in state CONNECT)
2026-09-23 12:31:05,275 [ERROR] Delivery failed for record b'I5376': KafkaError{code=_MSG_TIMED_OUT,val=-192,str="Local: Message timed out"}
2026-09-23 12:31:05,275 [INFO] Produced SG527 | DEL -> BLR | status=ON_TIME delay=0min
%3|1790146866.099|FAIL|rdkafka#producer-1| [thrd:localhost:9092/1]: localhost:9092/1: Connect to ipv6#[::1]:9092 failed: Connection refused (after 0ms in state CONNECT)
2026-09-23 12:31:06,280 [ERROR] Delivery failed for record b'SG532': KafkaError{code=_MSG_TIMED_OUT,val=-192,str="Local: Message timed out"}
2026-09-23 12:31:06,280 [INFO] Produced UK783 | MAA -> DEL | status=DELAYED delay=69min
%3|1790146867.049|FAIL|rdkafka#producer-1| [thrd:localhost:9092/bootstrap]: localhost:9092/bootstrap: Connect to ipv6#[::1]:9092 failed: Connection refused (after 0ms in state CONNECT)
%3|1790146867.104|FAIL|rdkafka#producer-1| [thrd:localhost:9092/1]: localhost:9092/1: Connect to ipv4#127.0.0.1:9092 failed: Connection refused (after 0ms in state CONNECT)
2026-09-23 12:31:07,282 [ERROR] Delivery failed for record b'QP292': KafkaError{code=_MSG_TIMED_OUT,val=-192,str="Local: Message timed out"}
2026-09-23 12:31:07,282 [INFO] Produced I5428 | DEL -> CCU | status=ON_TIME delay=0min
%3|1790146868.050|FAIL|rdkafka#producer-1| [thrd:localhost:9092/1]: localhost:9092/1: Connect to ipv6#[::1]:9092 failed: Connection refused (after 0ms in state CONNECT)
2026-09-23 12:31:08,287 [ERROR] Delivery failed for record b'AI684': KafkaError{code=_MSG_TIMED_OUT,val=-192,str="Local: Message timed out"}
2026-09-23 12:31:08,288 [INFO] Produced AI122 | MAA -> BLR | status=DELAYED delay=64min
%3|1790146869.055|FAIL|rdkafka#producer-1| [thrd:localhost:9092/bootstrap]: localhost:9092/bootstrap: Connect to ipv4#127.0.0.1:9092 failed: Connection refused (after 0ms in state CONNECT)
2026-09-23 12:31:09,293 [ERROR] Delivery failed for record b'UK700': KafkaError{code=_MSG_TIMED_OUT,val=-192,str="Local: Message timed out"}
2026-09-23 12:31:09,293 [INFO] Produced 6E892 | BOM -> CCU | status=DELAYED delay=100min
%3|1790146870.061|FAIL|rdkafka#producer-1| [thrd:localhost:9092/bootstrap]: localhost:9092/bootstrap: Connect to ipv6#[::1]:9092 failed: Connection refused (after 0ms in state CONNECT)
%3|1790146870.117|FAIL|rdkafka#producer-1| [thrd:localhost:9092/bootstrap]: localhost:9092/bootstrap: Connect to ipv4#127.0.0.1:9092 failed: Connection refused (after 0ms in state CONNECT)
2026-09-23 12:31:10,295 [ERROR] Delivery failed for record b'SG205': KafkaError{code=_MSG_TIMED_OUT,val=-192,str="Local: Message timed out"}
2026-09-23 12:31:10,296 [INFO] Produced SG893 | CCU -> MAA | status=ON_TIME delay=0min
%3|1790146871.062|FAIL|rdkafka#producer-1| [thrd:localhost:9092/bootstrap]: localhost:9092/bootstrap: Connect to ipv4#127.0.0.1:9092 failed: Connection refused (after 0ms in state CONNECT, 1 identical error(s) suppressed)
%3|1790146871.115|FAIL|rdkafka#producer-1| [thrd:localhost:9092/bootstrap]: localhost:9092/bootstrap: Connect to ipv6#[::1]:9092 failed: Connection refused (after 0ms in state CONNECT)
2026-09-23 12:31:11,297 [ERROR] Delivery failed for record b'AI597': KafkaError{code=_MSG_TIMED_OUT,val=-192,str="Local: Message timed out"}
2026-09-23 12:31:11,298 [INFO] Produced 6E101 | CCU -> DEL | status=ON_TIME delay=0min
%3|1790146872.068|FAIL|rdkafka#producer-1| [thrd:localhost:9092/bootstrap]: localhost:9092/bootstrap: Connect to ipv4#127.0.0.1:9092 failed: Connection refused (after 0ms in state CONNECT)
2026-09-23 12:31:12,303 [ERROR] Delivery failed for record b'SG613': KafkaError{code=_MSG_TIMED_OUT,val=-192,str="Local: Message timed out"}
2026-09-23 12:31:12,303 [INFO] Produced QP563 | MAA -> BLR | status=ON_TIME delay=0min
%3|1790146873.071|FAIL|rdkafka#producer-1| [thrd:localhost:9092/1]: localhost:9092/1: Connect to ipv4#127.0.0.1:9092 failed: Connection refused (after 0ms in state CONNECT)
2026-09-23 12:31:13,304 [ERROR] Delivery failed for record b'UK117': KafkaError{code=_MSG_TIMED_OUT,val=-192,str="Local: Message timed out"}
2026-09-23 12:31:13,304 [INFO] Produced 6E812 | BLR -> MAA | status=ON_TIME delay=0min
%3|1790146874.076|FAIL|rdkafka#producer-1| [thrd:localhost:9092/1]: localhost:9092/1: Connect to ipv6#[::1]:9092 failed: Connection refused (after 0ms in state CONNECT)
2026-09-23 12:31:14,309 [ERROR] Delivery failed for record b'AI452': KafkaError{code=_MSG_TIMED_OUT,val=-192,str="Local: Message timed out"}
2026-09-23 12:31:14,309 [INFO] Produced SG419 | BLR -> BOM | status=ON_TIME delay=0min
%3|1790146875.139|FAIL|rdkafka#producer-1| [thrd:localhost:9092/bootstrap]: localhost:9092/bootstrap: Connect to ipv6#[::1]:9092 failed: Connection refused (after 0ms in state CONNECT)
2026-09-23 12:31:15,314 [ERROR] Delivery failed for record b'I5788': KafkaError{code=_MSG_TIMED_OUT,val=-192,str="Local: Message timed out"}
2026-09-23 12:31:15,314 [INFO] Produced I5526 | BLR -> HYD | status=ON_TIME delay=0min
%3|1790146876.141|FAIL|rdkafka#producer-1| [thrd:localhost:9092/bootstrap]: localhost:9092/bootstrap: Connect to ipv4#127.0.0.1:9092 failed: Connection refused (after 0ms in state CONNECT)
2026-09-23 12:31:16,319 [ERROR] Delivery failed for record b'I5775': KafkaError{code=_MSG_TIMED_OUT,val=-192,str="Local: Message timed out"}
2026-09-23 12:31:16,319 [INFO] Produced I5608 | DEL -> BOM | status=DELAYED delay=48min
%3|1790146877.093|FAIL|rdkafka#producer-1| [thrd:localhost:9092/bootstrap]: localhost:9092/bootstrap: Connect to ipv6#[::1]:9092 failed: Connection refused (after 0ms in state CONNECT)
2026-09-23 12:31:17,322 [ERROR] Delivery failed for record b'UK880': KafkaError{code=_MSG_TIMED_OUT,val=-192,str="Local: Message timed out"}
2026-09-23 12:31:17,322 [INFO] Produced I5446 | MAA -> HYD | status=ON_TIME delay=0min
%3|1790146878.099|FAIL|rdkafka#producer-1| [thrd:localhost:9092/1]: localhost:9092/1: Connect to ipv4#127.0.0.1:9092 failed: Connection refused (after 0ms in state CONNECT)
%3|1790146878.151|FAIL|rdkafka#producer-1| [thrd:localhost:9092/bootstrap]: localhost:9092/bootstrap: Connect to ipv4#127.0.0.1:9092 failed: Connection refused (after 0ms in state CONNECT)
2026-09-23 12:31:18,327 [ERROR] Delivery failed for record b'AI961': KafkaError{code=_MSG_TIMED_OUT,val=-192,str="Local: Message timed out"}
2026-09-23 12:31:18,328 [INFO] Produced SG908 | DEL -> BOM | status=ON_TIME delay=0min
%3|1790146879.154|FAIL|rdkafka#producer-1| [thrd:localhost:9092/1]: localhost:9092/1: Connect to ipv6#[::1]:9092 failed: Connection refused (after 0ms in state CONNECT)
2026-09-23 12:31:19,332 [ERROR] Delivery failed for record b'AI600': KafkaError{code=_MSG_TIMED_OUT,val=-192,str="Local: Message timed out"}
2026-09-23 12:31:19,332 [INFO] Produced SG122 | DEL -> CCU | status=ON_TIME delay=0min
%3|1790146880.102|FAIL|rdkafka#producer-1| [thrd:localhost:9092/bootstrap]: localhost:9092/bootstrap: Connect to ipv6#[::1]:9092 failed: Connection refused (after 0ms in state CONNECT)
%3|1790146880.154|FAIL|rdkafka#producer-1| [thrd:localhost:9092/bootstrap]: localhost:9092/bootstrap: Connect to ipv4#127.0.0.1:9092 failed: Connection refused (after 0ms in state CONNECT)
2026-09-23 12:31:20,337 [ERROR] Delivery failed for record b'AI802': KafkaError{code=_MSG_TIMED_OUT,val=-192,str="Local: Message timed out"}
2026-09-23 12:31:20,337 [INFO] Produced 6E168 | CCU -> DEL | status=ON_TIME delay=0min
2026-09-23 12:31:21,343 [ERROR] Delivery failed for record b'AI840': KafkaError{code=_MSG_TIMED_OUT,val=-192,str="Local: Message timed out"}
2026-09-23 12:31:21,343 [INFO] Produced I5932 | CCU -> BLR | status=DELAYED delay=80min
%3|1790146882.164|FAIL|rdkafka#producer-1| [thrd:localhost:9092/1]: localhost:9092/1: Connect to ipv4#127.0.0.1:9092 failed: Connection refused (after 0ms in state CONNECT)
2026-09-23 12:31:22,345 [ERROR] Delivery failed for record b'QP822': KafkaError{code=_MSG_TIMED_OUT,val=-192,str="Local: Message timed out"}
2026-09-23 12:31:22,345 [INFO] Produced UK490 | BLR -> BOM | status=DELAYED delay=45min
%3|1790146883.110|FAIL|rdkafka#producer-1| [thrd:localhost:9092/bootstrap]: localhost:9092/bootstrap: Connect to ipv6#[::1]:9092 failed: Connection refused (after 1ms in state CONNECT)
%3|1790146883.165|FAIL|rdkafka#producer-1| [thrd:localhost:9092/bootstrap]: localhost:9092/bootstrap: Connect to ipv4#127.0.0.1:9092 failed: Connection refused (after 0ms in state CONNECT)
2026-09-23 12:31:23,350 [ERROR] Delivery failed for record b'AI932': KafkaError{code=_MSG_TIMED_OUT,val=-192,str="Local: Message timed out"}
2026-09-23 12:31:23,350 [INFO] Produced QP255 | HYD -> BOM | status=ON_TIME delay=0min
%3|1790146884.112|FAIL|rdkafka#producer-1| [thrd:localhost:9092/bootstrap]: localhost:9092/bootstrap: Connect to ipv6#[::1]:9092 failed: Connection refused (after 1ms in state CONNECT)
%3|1790146884.168|FAIL|rdkafka#producer-1| [thrd:localhost:9092/1]: localhost:9092/1: Connect to ipv6#[::1]:9092 failed: Connection refused (after 0ms in state CONNECT)
2026-09-23 12:31:24,353 [ERROR] Delivery failed for record b'SG653': KafkaError{code=_MSG_TIMED_OUT,val=-192,str="Local: Message timed out"}
2026-09-23 12:31:24,354 [INFO] Produced I5173 | BOM -> DEL | status=ON_TIME delay=0min
%3|1790146885.113|FAIL|rdkafka#producer-1| [thrd:localhost:9092/1]: localhost:9092/1: Connect to ipv4#127.0.0.1:9092 failed: Connection refused (after 0ms in state CONNECT)
%3|1790146885.165|FAIL|rdkafka#producer-1| [thrd:localhost:9092/1]: localhost:9092/1: Connect to ipv6#[::1]:9092 failed: Connection refused (after 0ms in state CONNECT)
2026-09-23 12:31:25,357 [ERROR] Delivery failed for record b'SG485': KafkaError{code=_MSG_TIMED_OUT,val=-192,str="Local: Message timed out"}
2026-09-23 12:31:25,358 [INFO] Produced SG568 | HYD -> DEL | status=ON_TIME delay=0min
%3|1790146886.119|FAIL|rdkafka#producer-1| [thrd:localhost:9092/bootstrap]: localhost:9092/bootstrap: Connect to ipv4#127.0.0.1:9092 failed: Connection refused (after 0ms in state CONNECT)
%3|1790146886.172|FAIL|rdkafka#producer-1| [thrd:localhost:9092/bootstrap]: localhost:9092/bootstrap: Connect to ipv6#[::1]:9092 failed: Connection refused (after 0ms in state CONNECT)
2026-09-23 12:31:26,363 [ERROR] Delivery failed for record b'AI260': KafkaError{code=_MSG_TIMED_OUT,val=-192,str="Local: Message timed out"}
2026-09-23 12:31:26,363 [INFO] Produced SG933 | BLR -> HYD | status=ON_TIME delay=0min
%3|1790146887.122|FAIL|rdkafka#producer-1| [thrd:localhost:9092/1]: localhost:9092/1: Connect to ipv4#127.0.0.1:9092 failed: Connection refused (after 0ms in state CONNECT)
%3|1790146887.175|FAIL|rdkafka#producer-1| [thrd:localhost:9092/bootstrap]: localhost:9092/bootstrap: Connect to ipv4#127.0.0.1:9092 failed: Connection refused (after 0ms in state CONNECT)
2026-09-23 12:31:27,365 [ERROR] Delivery failed for record b'UK377': KafkaError{code=_MSG_TIMED_OUT,val=-192,str="Local: Message timed out"}
2026-09-23 12:31:27,365 [INFO] Produced I5770 | MAA -> CCU | status=ON_TIME delay=0min
%3|1790146888.126|FAIL|rdkafka#producer-1| [thrd:localhost:9092/bootstrap]: localhost:9092/bootstrap: Connect to ipv6#[::1]:9092 failed: Connection refused (after 0ms in state CONNECT)
%3|1790146888.182|FAIL|rdkafka#producer-1| [thrd:localhost:9092/bootstrap]: localhost:9092/bootstrap: Connect to ipv4#127.0.0.1:9092 failed: Connection refused (after 0ms in state CONNECT)
2026-09-23 12:31:28,368 [ERROR] Delivery failed for record b'AI932': KafkaError{code=_MSG_TIMED_OUT,val=-192,str="Local: Message timed out"}
2026-09-23 12:31:28,369 [INFO] Produced UK709 | DEL -> BLR | status=ON_TIME delay=0min
%3|1790146889.131|FAIL|rdkafka#producer-1| [thrd:localhost:9092/bootstrap]: localhost:9092/bootstrap: Connect to ipv6#[::1]:9092 failed: Connection refused (after 0ms in state CONNECT)
%3|1790146889.186|FAIL|rdkafka#producer-1| [thrd:localhost:9092/bootstrap]: localhost:9092/bootstrap: Connect to ipv4#127.0.0.1:9092 failed: Connection refused (after 1ms in state CONNECT)
2026-09-23 12:31:29,372 [ERROR] Delivery failed for record b'6E268': KafkaError{code=_MSG_TIMED_OUT,val=-192,str="Local: Message timed out"}
2026-09-23 12:31:29,372 [INFO] Produced QP211 | MAA -> CCU | status=ON_TIME delay=0min
%3|1790146890.133|FAIL|rdkafka#producer-1| [thrd:localhost:9092/1]: localhost:9092/1: Connect to ipv6#[::1]:9092 failed: Connection refused (after 0ms in state CONNECT)
%3|1790146890.189|FAIL|rdkafka#producer-1| [thrd:localhost:9092/bootstrap]: localhost:9092/bootstrap: Connect to ipv6#[::1]:9092 failed: Connection refused (after 1ms in state CONNECT)
2026-09-23 12:31:30,377 [ERROR] Delivery failed for record b'UK576': KafkaError{code=_MSG_TIMED_OUT,val=-192,str="Local: Message timed out"}
2026-09-23 12:31:30,377 [INFO] Produced 6E967 | HYD -> BLR | status=ON_TIME delay=0min
%3|1790146891.137|FAIL|rdkafka#producer-1| [thrd:localhost:9092/bootstrap]: localhost:9092/bootstrap: Connect to ipv4#127.0.0.1:9092 failed: Connection refused (after 0ms in state CONNECT)
2026-09-23 12:31:31,381 [ERROR] Delivery failed for record b'QP574': KafkaError{code=_MSG_TIMED_OUT,val=-192,str="Local: Message timed out"}
2026-09-23 12:31:31,382 [INFO] Produced UK533 | BLR -> DEL | status=ON_TIME delay=0min
%3|1790146892.139|FAIL|rdkafka#producer-1| [thrd:localhost:9092/1]: localhost:9092/1: Connect to ipv4#127.0.0.1:9092 failed: Connection refused (after 0ms in state CONNECT)
%3|1790146892.195|FAIL|rdkafka#producer-1| [thrd:localhost:9092/bootstrap]: localhost:9092/bootstrap: Connect to ipv6#[::1]:9092 failed: Connection refused (after 0ms in state CONNECT)
2026-09-23 12:31:32,387 [ERROR] Delivery failed for record b'UK741': KafkaError{code=_MSG_TIMED_OUT,val=-192,str="Local: Message timed out"}
2026-09-23 12:31:32,387 [INFO] Produced UK724 | MAA -> BOM | status=DELAYED delay=26min
%3|1790146893.144|FAIL|rdkafka#producer-1| [thrd:localhost:9092/bootstrap]: localhost:9092/bootstrap: Connect to ipv4#127.0.0.1:9092 failed: Connection refused (after 0ms in state CONNECT)
%3|1790146893.200|FAIL|rdkafka#producer-1| [thrd:localhost:9092/bootstrap]: localhost:9092/bootstrap: Connect to ipv6#[::1]:9092 failed: Connection refused (after 0ms in state CONNECT)
2026-09-23 12:31:33,393 [ERROR] Delivery failed for record b'AI603': KafkaError{code=_MSG_TIMED_OUT,val=-192,str="Local: Message timed out"}
2026-09-23 12:31:33,393 [INFO] Produced SG640 | HYD -> CCU | status=ON_TIME delay=0min
%3|1790146894.148|FAIL|rdkafka#producer-1| [thrd:localhost:9092/bootstrap]: localhost:9092/bootstrap: Connect to ipv4#127.0.0.1:9092 failed: Connection refused (after 0ms in state CONNECT)
%3|1790146894.204|FAIL|rdkafka#producer-1| [thrd:localhost:9092/1]: localhost:9092/1: Connect to ipv6#[::1]:9092 failed: Connection refused (after 0ms in state CONNECT)
2026-09-23 12:31:34,399 [ERROR] Delivery failed for record b'QP217': KafkaError{code=_MSG_TIMED_OUT,val=-192,str="Local: Message timed out"}
2026-09-23 12:31:34,399 [INFO] Produced 6E263 | HYD -> MAA | status=DELAYED delay=14min
%3|1790146895.207|FAIL|rdkafka#producer-1| [thrd:localhost:9092/1]: localhost:9092/1: Connect to ipv4#127.0.0.1:9092 failed: Connection refused (after 0ms in state CONNECT)
2026-09-23 12:31:35,403 [ERROR] Delivery failed for record b'QP848': KafkaError{code=_MSG_TIMED_OUT,val=-192,str="Local: Message timed out"}
2026-09-23 12:31:35,404 [INFO] Produced QP572 | HYD -> BLR | status=DELAYED delay=21min
%3|1790146896.151|FAIL|rdkafka#producer-1| [thrd:localhost:9092/bootstrap]: localhost:9092/bootstrap: Connect to ipv6#[::1]:9092 failed: Connection refused (after 0ms in state CONNECT)
%3|1790146896.207|FAIL|rdkafka#producer-1| [thrd:localhost:9092/bootstrap]: localhost:9092/bootstrap: Connect to ipv4#127.0.0.1:9092 failed: Connection refused (after 0ms in state CONNECT)
2026-09-23 12:31:36,408 [ERROR] Delivery failed for record b'6E684': KafkaError{code=_MSG_TIMED_OUT,val=-192,str="Local: Message timed out"}
2026-09-23 12:31:36,409 [INFO] Produced UK315 | CCU -> MAA | status=ON_TIME delay=0min
%3|1790146897.213|FAIL|rdkafka#producer-1| [thrd:localhost:9092/1]: localhost:9092/1: Connect to ipv4#127.0.0.1:9092 failed: Connection refused (after 0ms in state CONNECT, 1 identical error(s) suppressed)
2026-09-23 12:31:37,410 [ERROR] Delivery failed for record b'SG754': KafkaError{code=_MSG_TIMED_OUT,val=-192,str="Local: Message timed out"}
2026-09-23 12:31:37,411 [INFO] Produced QP228 | CCU -> BLR | status=ON_TIME delay=0min
%3|1790146898.158|FAIL|rdkafka#producer-1| [thrd:localhost:9092/1]: localhost:9092/1: Connect to ipv6#[::1]:9092 failed: Connection refused (after 0ms in state CONNECT)
%3|1790146898.212|FAIL|rdkafka#producer-1| [thrd:localhost:9092/1]: localhost:9092/1: Connect to ipv4#127.0.0.1:9092 failed: Connection refused (after 0ms in state CONNECT)
2026-09-23 12:31:38,416 [ERROR] Delivery failed for record b'AI656': KafkaError{code=_MSG_TIMED_OUT,val=-192,str="Local: Message timed out"}
2026-09-23 12:31:38,416 [INFO] Produced AI671 | MAA -> BLR | status=DELAYED delay=73min
%3|1790146899.163|FAIL|rdkafka#producer-1| [thrd:localhost:9092/bootstrap]: localhost:9092/bootstrap: Connect to ipv6#[::1]:9092 failed: Connection refused (after 0ms in state CONNECT)
%3|1790146899.219|FAIL|rdkafka#producer-1| [thrd:localhost:9092/bootstrap]: localhost:9092/bootstrap: Connect to ipv4#127.0.0.1:9092 failed: Connection refused (after 0ms in state CONNECT)
2026-09-23 12:31:39,420 [ERROR] Delivery failed for record b'AI506': KafkaError{code=_MSG_TIMED_OUT,val=-192,str="Local: Message timed out"}
2026-09-23 12:31:39,420 [INFO] Produced I5184 | DEL -> BOM | status=ON_TIME delay=0min
%3|1790146900.168|FAIL|rdkafka#producer-1| [thrd:localhost:9092/1]: localhost:9092/1: Connect to ipv6#[::1]:9092 failed: Connection refused (after 0ms in state CONNECT)
%3|1790146900.220|FAIL|rdkafka#producer-1| [thrd:localhost:9092/1]: localhost:9092/1: Connect to ipv4#127.0.0.1:9092 failed: Connection refused (after 0ms in state CONNECT)
2026-09-23 12:31:40,426 [ERROR] Delivery failed for record b'6E352': KafkaError{code=_MSG_TIMED_OUT,val=-192,str="Local: Message timed out"}
2026-09-23 12:31:40,426 [INFO] Produced AI903 | CCU -> BOM | status=ON_TIME delay=0min
%3|1790146901.229|FAIL|rdkafka#producer-1| [thrd:localhost:9092/bootstrap]: localhost:9092/bootstrap: Connect to ipv6#[::1]:9092 failed: Connection refused (after 0ms in state CONNECT)
2026-09-23 12:31:41,431 [ERROR] Delivery failed for record b'I5243': KafkaError{code=_MSG_TIMED_OUT,val=-192,str="Local: Message timed out"}
2026-09-23 12:31:41,432 [INFO] Produced QP807 | HYD -> DEL | status=ON_TIME delay=0min
%3|1790146902.173|FAIL|rdkafka#producer-1| [thrd:localhost:9092/bootstrap]: localhost:9092/bootstrap: Connect to ipv4#127.0.0.1:9092 failed: Connection refused (after 0ms in state CONNECT)
%3|1790146902.230|FAIL|rdkafka#producer-1| [thrd:localhost:9092/1]: localhost:9092/1: Connect to ipv6#[::1]:9092 failed: Connection refused (after 0ms in state CONNECT)
2026-09-23 12:31:42,437 [ERROR] Delivery failed for record b'QP805': KafkaError{code=_MSG_TIMED_OUT,val=-192,str="Local: Message timed out"}
2026-09-23 12:31:42,437 [INFO] Produced SG777 | MAA -> HYD | status=ON_TIME delay=0min
%3|1790146903.179|FAIL|rdkafka#producer-1| [thrd:localhost:9092/1]: localhost:9092/1: Connect to ipv4#127.0.0.1:9092 failed: Connection refused (after 0ms in state CONNECT)
%3|1790146903.236|FAIL|rdkafka#producer-1| [thrd:localhost:9092/bootstrap]: localhost:9092/bootstrap: Connect to ipv6#[::1]:9092 failed: Connection refused (after 0ms in state CONNECT)
2026-09-23 12:31:43,442 [ERROR] Delivery failed for record b'I5905': KafkaError{code=_MSG_TIMED_OUT,val=-192,str="Local: Message timed out"}
2026-09-23 12:31:43,442 [INFO] Produced QP838 | BLR -> CCU | status=ON_TIME delay=0min
%3|1790146904.185|FAIL|rdkafka#producer-1| [thrd:localhost:9092/1]: localhost:9092/1: Connect to ipv6#[::1]:9092 failed: Connection refused (after 0ms in state CONNECT)
%3|1790146904.238|FAIL|rdkafka#producer-1| [thrd:localhost:9092/1]: localhost:9092/1: Connect to ipv4#127.0.0.1:9092 failed: Connection refused (after 0ms in state CONNECT)
2026-09-23 12:31:44,443 [ERROR] Delivery failed for record b'6E292': KafkaError{code=_MSG_TIMED_OUT,val=-192,str="Local: Message timed out"}
2026-09-23 12:31:44,444 [INFO] Produced I5626 | HYD -> BLR | status=DELAYED delay=47min
%3|1790146905.192|FAIL|rdkafka#producer-1| [thrd:localhost:9092/bootstrap]: localhost:9092/bootstrap: Connect to ipv6#[::1]:9092 failed: Connection refused (after 1ms in state CONNECT, 1 identical error(s) suppressed)
%3|1790146905.246|FAIL|rdkafka#producer-1| [thrd:localhost:9092/bootstrap]: localhost:9092/bootstrap: Connect to ipv4#127.0.0.1:9092 failed: Connection refused (after 0ms in state CONNECT)
2026-09-23 12:31:45,448 [ERROR] Delivery failed for record b'6E482': KafkaError{code=_MSG_TIMED_OUT,val=-192,str="Local: Message timed out"}
2026-09-23 12:31:45,449 [INFO] Produced QP355 | HYD -> DEL | status=DELAYED delay=75min
2026-09-23 12:31:46,454 [ERROR] Delivery failed for record b'SG565': KafkaError{code=_MSG_TIMED_OUT,val=-192,str="Local: Message timed out"}
2026-09-23 12:31:46,454 [INFO] Produced 6E228 | HYD -> BLR | status=ON_TIME delay=0min
%3|1790146907.198|FAIL|rdkafka#producer-1| [thrd:localhost:9092/1]: localhost:9092/1: Connect to ipv6#[::1]:9092 failed: Connection refused (after 0ms in state CONNECT)
2026-09-23 12:31:47,455 [ERROR] Delivery failed for record b'UK649': KafkaError{code=_MSG_TIMED_OUT,val=-192,str="Local: Message timed out"}
2026-09-23 12:31:47,455 [INFO] Produced SG855 | MAA -> DEL | status=DELAYED delay=113min
%3|1790146908.204|FAIL|rdkafka#producer-1| [thrd:localhost:9092/bootstrap]: localhost:9092/bootstrap: Connect to ipv6#[::1]:9092 failed: Connection refused (after 0ms in state CONNECT)
%3|1790146908.260|FAIL|rdkafka#producer-1| [thrd:localhost:9092/1]: localhost:9092/1: Connect to ipv4#127.0.0.1:9092 failed: Connection refused (after 1ms in state CONNECT)
2026-09-23 12:31:48,459 [ERROR] Delivery failed for record b'AI199': KafkaError{code=_MSG_TIMED_OUT,val=-192,str="Local: Message timed out"}
2026-09-23 12:31:48,460 [INFO] Produced UK389 | HYD -> BLR | status=DELAYED delay=109min
%3|1790146909.262|FAIL|rdkafka#producer-1| [thrd:localhost:9092/1]: localhost:9092/1: Connect to ipv6#[::1]:9092 failed: Connection refused (after 0ms in state CONNECT)
2026-09-23 12:31:49,465 [ERROR] Delivery failed for record b'AI483': KafkaError{code=_MSG_TIMED_OUT,val=-192,str="Local: Message timed out"}
2026-09-23 12:31:49,465 [INFO] Produced SG742 | DEL -> HYD | status=DELAYED delay=113min
%3|1790146910.213|FAIL|rdkafka#producer-1| [thrd:localhost:9092/1]: localhost:9092/1: Connect to ipv4#127.0.0.1:9092 failed: Connection refused (after 0ms in state CONNECT)
2026-09-23 12:31:50,467 [ERROR] Delivery failed for record b'6E759': KafkaError{code=_MSG_TIMED_OUT,val=-192,str="Local: Message timed out"}
2026-09-23 12:31:50,468 [INFO] Produced SG640 | HYD -> MAA | status=DELAYED delay=35min
%3|1790146911.215|FAIL|rdkafka#producer-1| [thrd:localhost:9092/1]: localhost:9092/1: Connect to ipv6#[::1]:9092 failed: Connection refused (after 0ms in state CONNECT)
2026-09-23 12:31:51,470 [ERROR] Delivery failed for record b'UK618': KafkaError{code=_MSG_TIMED_OUT,val=-192,str="Local: Message timed out"}
2026-09-23 12:31:51,470 [INFO] Produced AI453 | BLR -> BOM | status=ON_TIME delay=0min
%3|1790146912.221|FAIL|rdkafka#producer-1| [thrd:localhost:9092/bootstrap]: localhost:9092/bootstrap: Connect to ipv4#127.0.0.1:9092 failed: Connection refused (after 0ms in state CONNECT)
%3|1790146912.277|FAIL|rdkafka#producer-1| [thrd:localhost:9092/bootstrap]: localhost:9092/bootstrap: Connect to ipv6#[::1]:9092 failed: Connection refused (after 0ms in state CONNECT)
2026-09-23 12:31:52,472 [ERROR] Delivery failed for record b'SG526': KafkaError{code=_MSG_TIMED_OUT,val=-192,str="Local: Message timed out"}
2026-09-23 12:31:52,472 [INFO] Produced I5241 | BLR -> BOM | status=ON_TIME delay=0min
%3|1790146913.277|FAIL|rdkafka#producer-1| [thrd:localhost:9092/1]: localhost:9092/1: Connect to ipv4#127.0.0.1:9092 failed: Connection refused (after 0ms in state CONNECT)
2026-09-23 12:31:53,474 [ERROR] Delivery failed for record b'UK152': KafkaError{code=_MSG_TIMED_OUT,val=-192,str="Local: Message timed out"}
2026-09-23 12:31:53,475 [INFO] Produced UK612 | HYD -> DEL | status=DELAYED delay=106min
%3|1790146914.229|FAIL|rdkafka#producer-1| [thrd:localhost:9092/1]: localhost:9092/1: Connect to ipv6#[::1]:9092 failed: Connection refused (after 0ms in state CONNECT)
%3|1790146914.285|FAIL|rdkafka#producer-1| [thrd:localhost:9092/bootstrap]: localhost:9092/bootstrap: Connect to ipv4#127.0.0.1:9092 failed: Connection refused (after 0ms in state CONNECT)
2026-09-23 12:31:54,480 [ERROR] Delivery failed for record b'AI300': KafkaError{code=_MSG_TIMED_OUT,val=-192,str="Local: Message timed out"}
2026-09-23 12:31:54,480 [INFO] Produced QP411 | BLR -> DEL | status=ON_TIME delay=0min
%3|1790146915.232|FAIL|rdkafka#producer-1| [thrd:localhost:9092/bootstrap]: localhost:9092/bootstrap: Connect to ipv6#[::1]:9092 failed: Connection refused (after 0ms in state CONNECT)
%3|1790146915.288|FAIL|rdkafka#producer-1| [thrd:localhost:9092/1]: localhost:9092/1: Connect to ipv4#127.0.0.1:9092 failed: Connection refused (after 0ms in state CONNECT)
2026-09-23 12:31:55,481 [ERROR] Delivery failed for record b'AI435': KafkaError{code=_MSG_TIMED_OUT,val=-192,str="Local: Message timed out"}
2026-09-23 12:31:55,482 [INFO] Produced QP187 | CCU -> MAA | status=DELAYED delay=96min
%3|1790146916.234|FAIL|rdkafka#producer-1| [thrd:localhost:9092/1]: localhost:9092/1: Connect to ipv6#[::1]:9092 failed: Connection refused (after 0ms in state CONNECT)
%3|1790146916.290|FAIL|rdkafka#producer-1| [thrd:localhost:9092/1]: localhost:9092/1: Connect to ipv4#127.0.0.1:9092 failed: Connection refused (after 0ms in state CONNECT)
2026-09-23 12:31:56,487 [ERROR] Delivery failed for record b'SG846': KafkaError{code=_MSG_TIMED_OUT,val=-192,str="Local: Message timed out"}
2026-09-23 12:31:56,487 [INFO] Produced AI806 | CCU -> BLR | status=ON_TIME delay=0min
%3|1790146917.292|FAIL|rdkafka#producer-1| [thrd:localhost:9092/1]: localhost:9092/1: Connect to ipv6#[::1]:9092 failed: Connection refused (after 0ms in state CONNECT)
2026-09-23 12:31:57,488 [ERROR] Delivery failed for record b'6E910': KafkaError{code=_MSG_TIMED_OUT,val=-192,str="Local: Message timed out"}
2026-09-23 12:31:57,488 [INFO] Produced AI213 | MAA -> BOM | status=ON_TIME delay=0min
%3|1790146918.236|FAIL|rdkafka#producer-1| [thrd:localhost:9092/1]: localhost:9092/1: Connect to ipv4#127.0.0.1:9092 failed: Connection refused (after 0ms in state CONNECT)
%3|1790146918.293|FAIL|rdkafka#producer-1| [thrd:localhost:9092/1]: localhost:9092/1: Connect to ipv6#[::1]:9092 failed: Connection refused (after 0ms in state CONNECT)
2026-09-23 12:31:58,492 [ERROR] Delivery failed for record b'6E276': KafkaError{code=_MSG_TIMED_OUT,val=-192,str="Local: Message timed out"}
2026-09-23 12:31:58,492 [INFO] Produced 6E179 | BOM -> DEL | status=ON_TIME delay=0min
%3|1790146919.239|FAIL|rdkafka#producer-1| [thrd:localhost:9092/1]: localhost:9092/1: Connect to ipv4#127.0.0.1:9092 failed: Connection refused (after 0ms in state CONNECT)
%3|1790146919.295|FAIL|rdkafka#producer-1| [thrd:localhost:9092/bootstrap]: localhost:9092/bootstrap: Connect to ipv4#127.0.0.1:9092 failed: Connection refused (after 0ms in state CONNECT)
2026-09-23 12:31:59,495 [ERROR] Delivery failed for record b'6E976': KafkaError{code=_MSG_TIMED_OUT,val=-192,str="Local: Message timed out"}
2026-09-23 12:31:59,495 [INFO] Produced AI231 | BOM -> DEL | status=ON_TIME delay=0min
%3|1790146920.242|FAIL|rdkafka#producer-1| [thrd:localhost:9092/bootstrap]: localhost:9092/bootstrap: Connect to ipv6#[::1]:9092 failed: Connection refused (after 0ms in state CONNECT)
%3|1790146920.298|FAIL|rdkafka#producer-1| [thrd:localhost:9092/bootstrap]: localhost:9092/bootstrap: Connect to ipv4#127.0.0.1:9092 failed: Connection refused (after 0ms in state CONNECT)
2026-09-23 12:32:00,498 [ERROR] Delivery failed for record b'I5637': KafkaError{code=_MSG_TIMED_OUT,val=-192,str="Local: Message timed out"}
2026-09-23 12:32:00,498 [INFO] Produced QP972 | DEL -> HYD | status=DELAYED delay=74min
%3|1790146921.243|FAIL|rdkafka#producer-1| [thrd:localhost:9092/bootstrap]: localhost:9092/bootstrap: Connect to ipv6#[::1]:9092 failed: Connection refused (after 0ms in state CONNECT)
%3|1790146921.295|FAIL|rdkafka#producer-1| [thrd:localhost:9092/bootstrap]: localhost:9092/bootstrap: Connect to ipv4#127.0.0.1:9092 failed: Connection refused (after 0ms in state CONNECT)
2026-09-23 12:32:01,504 [ERROR] Delivery failed for record b'6E841': KafkaError{code=_MSG_TIMED_OUT,val=-192,str="Local: Message timed out"}
2026-09-23 12:32:01,504 [INFO] Produced UK931 | MAA -> HYD | status=ON_TIME delay=0min
%3|1790146922.301|FAIL|rdkafka#producer-1| [thrd:localhost:9092/1]: localhost:9092/1: Connect to ipv6#[::1]:9092 failed: Connection refused (after 0ms in state CONNECT)
2026-09-23 12:32:02,508 [ERROR] Delivery failed for record b'UK276': KafkaError{code=_MSG_TIMED_OUT,val=-192,str="Local: Message timed out"}
2026-09-23 12:32:02,509 [INFO] Produced 6E864 | HYD -> MAA | status=DELAYED delay=63min
%3|1790146923.309|FAIL|rdkafka#producer-1| [thrd:localhost:9092/bootstrap]: localhost:9092/bootstrap: Connect to ipv6#[::1]:9092 failed: Connection refused (after 3ms in state CONNECT)
2026-09-23 12:32:03,512 [ERROR] Delivery failed for record b'I5804': KafkaError{code=_MSG_TIMED_OUT,val=-192,str="Local: Message timed out"}
2026-09-23 12:32:03,512 [INFO] Produced UK881 | DEL -> CCU | status=ON_TIME delay=0min
%3|1790146924.258|FAIL|rdkafka#producer-1| [thrd:localhost:9092/1]: localhost:9092/1: Connect to ipv4#127.0.0.1:9092 failed: Connection refused (after 0ms in state CONNECT)
2026-09-23 12:32:04,517 [ERROR] Delivery failed for record b'6E145': KafkaError{code=_MSG_TIMED_OUT,val=-192,str="Local: Message timed out"}
2026-09-23 12:32:04,518 [INFO] Produced UK969 | CCU -> HYD | status=ON_TIME delay=0min
%3|1790146925.263|FAIL|rdkafka#producer-1| [thrd:localhost:9092/bootstrap]: localhost:9092/bootstrap: Connect to ipv4#127.0.0.1:9092 failed: Connection refused (after 0ms in state CONNECT)
2026-09-23 12:32:05,520 [ERROR] Delivery failed for record b'UK559': KafkaError{code=_MSG_TIMED_OUT,val=-192,str="Local: Message timed out"}
2026-09-23 12:32:05,521 [INFO] Produced AI518 | DEL -> HYD | status=DELAYED delay=42min
%3|1790146926.263|FAIL|rdkafka#producer-1| [thrd:localhost:9092/bootstrap]: localhost:9092/bootstrap: Connect to ipv6#[::1]:9092 failed: Connection refused (after 0ms in state CONNECT)
%3|1790146926.319|FAIL|rdkafka#producer-1| [thrd:localhost:9092/1]: localhost:9092/1: Connect to ipv6#[::1]:9092 failed: Connection refused (after 0ms in state CONNECT)
2026-09-23 12:32:06,521 [ERROR] Delivery failed for record b'UK166': KafkaError{code=_MSG_TIMED_OUT,val=-192,str="Local: Message timed out"}
2026-09-23 12:32:06,522 [INFO] Produced UK200 | DEL -> MAA | status=ON_TIME delay=0min
%3|1790146927.267|FAIL|rdkafka#producer-1| [thrd:localhost:9092/1]: localhost:9092/1: Connect to ipv4#127.0.0.1:9092 failed: Connection refused (after 0ms in state CONNECT)
%3|1790146927.324|FAIL|rdkafka#producer-1| [thrd:localhost:9092/bootstrap]: localhost:9092/bootstrap: Connect to ipv4#127.0.0.1:9092 failed: Connection refused (after 0ms in state CONNECT)
2026-09-23 12:32:07,527 [ERROR] Delivery failed for record b'QP810': KafkaError{code=_MSG_TIMED_OUT,val=-192,str="Local: Message timed out"}
2026-09-23 12:32:07,527 [INFO] Produced 6E168 | MAA -> BOM | status=ON_TIME delay=0min
%3|1790146928.269|FAIL|rdkafka#producer-1| [thrd:localhost:9092/1]: localhost:9092/1: Connect to ipv4#127.0.0.1:9092 failed: Connection refused (after 0ms in state CONNECT, 1 identical error(s) suppressed)
%3|1790146928.325|FAIL|rdkafka#producer-1| [thrd:localhost:9092/1]: localhost:9092/1: Connect to ipv6#[::1]:9092 failed: Connection refused (after 0ms in state CONNECT)
2026-09-23 12:32:08,533 [ERROR] Delivery failed for record b'AI832': KafkaError{code=_MSG_TIMED_OUT,val=-192,str="Local: Message timed out"}
2026-09-23 12:32:08,533 [INFO] Produced UK541 | HYD -> DEL | status=DELAYED delay=3min
%3|1790146929.270|FAIL|rdkafka#producer-1| [thrd:localhost:9092/bootstrap]: localhost:9092/bootstrap: Connect to ipv6#[::1]:9092 failed: Connection refused (after 0ms in state CONNECT)
2026-09-23 12:32:09,538 [INFO] Produced I5504 | BOM -> CCU | status=DELAYED delay=57min
%3|1790146930.271|FAIL|rdkafka#producer-1| [thrd:localhost:9092/bootstrap]: localhost:9092/bootstrap: Connect to ipv4#127.0.0.1:9092 failed: Connection refused (after 0ms in state CONNECT)
%3|1790146930.323|FAIL|rdkafka#producer-1| [thrd:localhost:9092/bootstrap]: localhost:9092/bootstrap: Connect to ipv6#[::1]:9092 failed: Connection refused (after 0ms in state CONNECT)
2026-09-23 12:32:10,542 [ERROR] Delivery failed for record b'6E459': KafkaError{code=_MSG_TIMED_OUT,val=-192,str="Local: Message timed out"}
2026-09-23 12:32:10,543 [INFO] Produced I5395 | BOM -> MAA | status=DELAYED delay=89min
%3|1790146931.274|FAIL|rdkafka#producer-1| [thrd:localhost:9092/1]: localhost:9092/1: Connect to ipv4#127.0.0.1:9092 failed: Connection refused (after 0ms in state CONNECT)
%3|1790146931.331|FAIL|rdkafka#producer-1| [thrd:localhost:9092/1]: localhost:9092/1: Connect to ipv6#[::1]:9092 failed: Connection refused (after 0ms in state CONNECT)
2026-09-23 12:32:11,548 [ERROR] Delivery failed for record b'6E280': KafkaError{code=_MSG_TIMED_OUT,val=-192,str="Local: Message timed out"}
2026-09-23 12:32:11,548 [INFO] Produced I5571 | MAA -> DEL | status=DELAYED delay=40min
2026-09-23 12:32:12,549 [ERROR] Delivery failed for record b'UK915': KafkaError{code=_MSG_TIMED_OUT,val=-192,str="Local: Message timed out"}
2026-09-23 12:32:12,549 [INFO] Produced QP518 | BLR -> CCU | status=CANCELLED delay=0min
%3|1790146933.286|FAIL|rdkafka#producer-1| [thrd:localhost:9092/1]: localhost:9092/1: Connect to ipv4#127.0.0.1:9092 failed: Connection refused (after 0ms in state CONNECT)
%3|1790146933.337|FAIL|rdkafka#producer-1| [thrd:localhost:9092/1]: localhost:9092/1: Connect to ipv6#[::1]:9092 failed: Connection refused (after 0ms in state CONNECT)
2026-09-23 12:32:13,554 [ERROR] Delivery failed for record b'SG273': KafkaError{code=_MSG_TIMED_OUT,val=-192,str="Local: Message timed out"}
2026-09-23 12:32:13,554 [INFO] Produced QP223 | BOM -> DEL | status=DELAYED delay=23min
%3|1790146934.291|FAIL|rdkafka#producer-1| [thrd:localhost:9092/1]: localhost:9092/1: Connect to ipv4#127.0.0.1:9092 failed: Connection refused (after 0ms in state CONNECT)
%3|1790146934.343|FAIL|rdkafka#producer-1| [thrd:localhost:9092/1]: localhost:9092/1: Connect to ipv6#[::1]:9092 failed: Connection refused (after 0ms in state CONNECT)
2026-09-23 12:32:14,555 [ERROR] Delivery failed for record b'QP628': KafkaError{code=_MSG_TIMED_OUT,val=-192,str="Local: Message timed out"}
2026-09-23 12:32:14,555 [INFO] Produced SG323 | CCU -> HYD | status=ON_TIME delay=0min
%3|1790146935.295|FAIL|rdkafka#producer-1| [thrd:localhost:9092/bootstrap]: localhost:9092/bootstrap: Connect to ipv4#127.0.0.1:9092 failed: Connection refused (after 0ms in state CONNECT)
2026-09-23 12:32:15,561 [ERROR] Delivery failed for record b'AI237': KafkaError{code=_MSG_TIMED_OUT,val=-192,str="Local: Message timed out"}
2026-09-23 12:32:15,561 [INFO] Produced SG502 | DEL -> HYD | status=ON_TIME delay=0min
%3|1790146936.298|FAIL|rdkafka#producer-1| [thrd:localhost:9092/bootstrap]: localhost:9092/bootstrap: Connect to ipv6#[::1]:9092 failed: Connection refused (after 0ms in state CONNECT)
%3|1790146936.351|FAIL|rdkafka#producer-1| [thrd:localhost:9092/1]: localhost:9092/1: Connect to ipv4#127.0.0.1:9092 failed: Connection refused (after 0ms in state CONNECT)
2026-09-23 12:32:16,566 [ERROR] Delivery failed for record b'SG676': KafkaError{code=_MSG_TIMED_OUT,val=-192,str="Local: Message timed out"}
2026-09-23 12:32:16,566 [INFO] Produced 6E890 | BLR -> DEL | status=ON_TIME delay=0min
%3|1790146937.303|FAIL|rdkafka#producer-1| [thrd:localhost:9092/1]: localhost:9092/1: Connect to ipv6#[::1]:9092 failed: Connection refused (after 0ms in state CONNECT)
%3|1790146937.360|FAIL|rdkafka#producer-1| [thrd:localhost:9092/bootstrap]: localhost:9092/bootstrap: Connect to ipv4#127.0.0.1:9092 failed: Connection refused (after 0ms in state CONNECT)
2026-09-23 12:32:17,572 [ERROR] Delivery failed for record b'6E954': KafkaError{code=_MSG_TIMED_OUT,val=-192,str="Local: Message timed out"}
2026-09-23 12:32:17,572 [INFO] Produced UK707 | BOM -> MAA | status=DELAYED delay=41min
%3|1790146938.308|FAIL|rdkafka#producer-1| [thrd:localhost:9092/bootstrap]: localhost:9092/bootstrap: Connect to ipv6#[::1]:9092 failed: Connection refused (after 0ms in state CONNECT)
%3|1790146938.361|FAIL|rdkafka#producer-1| [thrd:localhost:9092/1]: localhost:9092/1: Connect to ipv4#127.0.0.1:9092 failed: Connection refused (after 0ms in state CONNECT)
2026-09-23 12:32:18,577 [ERROR] Delivery failed for record b'QP466': KafkaError{code=_MSG_TIMED_OUT,val=-192,str="Local: Message timed out"}
2026-09-23 12:32:18,578 [INFO] Produced SG597 | MAA -> HYD | status=DELAYED delay=3min
%3|1790146939.311|FAIL|rdkafka#producer-1| [thrd:localhost:9092/bootstrap]: localhost:9092/bootstrap: Connect to ipv6#[::1]:9092 failed: Connection refused (after 0ms in state CONNECT, 1 identical error(s) suppressed)
%3|1790146939.364|FAIL|rdkafka#producer-1| [thrd:localhost:9092/bootstrap]: localhost:9092/bootstrap: Connect to ipv4#127.0.0.1:9092 failed: Connection refused (after 0ms in state CONNECT)
2026-09-23 12:32:19,580 [ERROR] Delivery failed for record b'UK574': KafkaError{code=_MSG_TIMED_OUT,val=-192,str="Local: Message timed out"}
2026-09-23 12:32:19,580 [INFO] Produced I5149 | HYD -> BLR | status=ON_TIME delay=0min
%3|1790146940.371|FAIL|rdkafka#producer-1| [thrd:localhost:9092/bootstrap]: localhost:9092/bootstrap: Connect to ipv6#[::1]:9092 failed: Connection refused (after 0ms in state CONNECT)
2026-09-23 12:32:20,586 [ERROR] Delivery failed for record b'SG102': KafkaError{code=_MSG_TIMED_OUT,val=-192,str="Local: Message timed out"}
2026-09-23 12:32:20,586 [INFO] Produced I5502 | DEL -> MAA | status=ON_TIME delay=0min
%3|1790146941.315|FAIL|rdkafka#producer-1| [thrd:localhost:9092/bootstrap]: localhost:9092/bootstrap: Connect to ipv4#127.0.0.1:9092 failed: Connection refused (after 0ms in state CONNECT)
%3|1790146941.371|FAIL|rdkafka#producer-1| [thrd:localhost:9092/bootstrap]: localhost:9092/bootstrap: Connect to ipv6#[::1]:9092 failed: Connection refused (after 1ms in state CONNECT)
2026-09-23 12:32:21,587 [ERROR] Delivery failed for record b'SG519': KafkaError{code=_MSG_TIMED_OUT,val=-192,str="Local: Message timed out"}
2026-09-23 12:32:21,587 [INFO] Produced UK822 | BOM -> CCU | status=DELAYED delay=28min
%3|1790146942.318|FAIL|rdkafka#producer-1| [thrd:localhost:9092/bootstrap]: localhost:9092/bootstrap: Connect to ipv4#127.0.0.1:9092 failed: Connection refused (after 0ms in state CONNECT)
2026-09-23 12:32:22,592 [ERROR] Delivery failed for record b'AI836': KafkaError{code=_MSG_TIMED_OUT,val=-192,str="Local: Message timed out"}
2026-09-23 12:32:22,592 [INFO] Produced AI880 | DEL -> BLR | status=ON_TIME delay=0min
%3|1790146943.323|FAIL|rdkafka#producer-1| [thrd:localhost:9092/bootstrap]: localhost:9092/bootstrap: Connect to ipv6#[::1]:9092 failed: Connection refused (after 0ms in state CONNECT)
%3|1790146943.379|FAIL|rdkafka#producer-1| [thrd:localhost:9092/bootstrap]: localhost:9092/bootstrap: Connect to ipv4#127.0.0.1:9092 failed: Connection refused (after 0ms in state CONNECT)
2026-09-23 12:32:23,595 [ERROR] Delivery failed for record b'SG909': KafkaError{code=_MSG_TIMED_OUT,val=-192,str="Local: Message timed out"}
2026-09-23 12:32:23,595 [INFO] Produced UK276 | MAA -> DEL | status=ON_TIME delay=0min
%3|1790146944.381|FAIL|rdkafka#producer-1| [thrd:localhost:9092/bootstrap]: localhost:9092/bootstrap: Connect to ipv6#[::1]:9092 failed: Connection refused (after 0ms in state CONNECT)
2026-09-23 12:32:24,601 [ERROR] Delivery failed for record b'SG642': KafkaError{code=_MSG_TIMED_OUT,val=-192,str="Local: Message timed out"}
2026-09-23 12:32:24,601 [INFO] Produced AI946 | BLR -> BOM | status=ON_TIME delay=0min
%3|1790146945.331|FAIL|rdkafka#producer-1| [thrd:localhost:9092/1]: localhost:9092/1: Connect to ipv6#[::1]:9092 failed: Connection refused (after 0ms in state CONNECT)
%3|1790146945.387|FAIL|rdkafka#producer-1| [thrd:localhost:9092/1]: localhost:9092/1: Connect to ipv4#127.0.0.1:9092 failed: Connection refused (after 0ms in state CONNECT)
2026-09-23 12:32:25,603 [ERROR] Delivery failed for record b'UK700': KafkaError{code=_MSG_TIMED_OUT,val=-192,str="Local: Message timed out"}
2026-09-23 12:32:25,603 [INFO] Produced I5234 | HYD -> CCU | status=DELAYED delay=68min
%3|1790146946.337|FAIL|rdkafka#producer-1| [thrd:localhost:9092/1]: localhost:9092/1: Connect to ipv6#[::1]:9092 failed: Connection refused (after 0ms in state CONNECT)
%3|1790146946.388|FAIL|rdkafka#producer-1| [thrd:localhost:9092/bootstrap]: localhost:9092/bootstrap: Connect to ipv4#127.0.0.1:9092 failed: Connection refused (after 0ms in state CONNECT)
2026-09-23 12:32:26,608 [ERROR] Delivery failed for record b'QP119': KafkaError{code=_MSG_TIMED_OUT,val=-192,str="Local: Message timed out"}
2026-09-23 12:32:26,609 [INFO] Produced QP853 | BOM -> MAA | status=ON_TIME delay=0min
%3|1790146947.397|FAIL|rdkafka#producer-1| [thrd:localhost:9092/1]: localhost:9092/1: Connect to ipv4#127.0.0.1:9092 failed: Connection refused (after 0ms in state CONNECT)
2026-09-23 12:32:27,614 [ERROR] Delivery failed for record b'6E462': KafkaError{code=_MSG_TIMED_OUT,val=-192,str="Local: Message timed out"}
2026-09-23 12:32:27,614 [INFO] Produced UK942 | MAA -> HYD | status=ON_TIME delay=0min
%3|1790146948.399|FAIL|rdkafka#producer-1| [thrd:localhost:9092/1]: localhost:9092/1: Connect to ipv6#[::1]:9092 failed: Connection refused (after 0ms in state CONNECT)
2026-09-23 12:32:28,620 [ERROR] Delivery failed for record b'QP834': KafkaError{code=_MSG_TIMED_OUT,val=-192,str="Local: Message timed out"}
2026-09-23 12:32:28,620 [INFO] Produced AI280 | MAA -> DEL | status=ON_TIME delay=0min
%3|1790146949.349|FAIL|rdkafka#producer-1| [thrd:localhost:9092/bootstrap]: localhost:9092/bootstrap: Connect to ipv6#[::1]:9092 failed: Connection refused (after 1ms in state CONNECT)
%3|1790146949.403|FAIL|rdkafka#producer-1| [thrd:localhost:9092/1]: localhost:9092/1: Connect to ipv4#127.0.0.1:9092 failed: Connection refused (after 0ms in state CONNECT)
2026-09-23 12:32:29,625 [ERROR] Delivery failed for record b'6E349': KafkaError{code=_MSG_TIMED_OUT,val=-192,str="Local: Message timed out"}
2026-09-23 12:32:29,625 [INFO] Produced AI832 | CCU -> MAA | status=CANCELLED delay=0min
%3|1790146950.406|FAIL|rdkafka#producer-1| [thrd:localhost:9092/bootstrap]: localhost:9092/bootstrap: Connect to ipv4#127.0.0.1:9092 failed: Connection refused (after 0ms in state CONNECT)
2026-09-23 12:32:30,631 [ERROR] Delivery failed for record b'AI319': KafkaError{code=_MSG_TIMED_OUT,val=-192,str="Local: Message timed out"}
2026-09-23 12:32:30,631 [INFO] Produced 6E140 | CCU -> DEL | status=ON_TIME delay=0min
2026-09-23 12:32:31,636 [ERROR] Delivery failed for record b'AI227': KafkaError{code=_MSG_TIMED_OUT,val=-192,str="Local: Message timed out"}
2026-09-23 12:32:31,637 [INFO] Produced AI662 | BOM -> MAA | status=DELAYED delay=4min
%3|1790146952.360|FAIL|rdkafka#producer-1| [thrd:localhost:9092/1]: localhost:9092/1: Connect to ipv6#[::1]:9092 failed: Connection refused (after 0ms in state CONNECT)
%3|1790146952.417|FAIL|rdkafka#producer-1| [thrd:localhost:9092/bootstrap]: localhost:9092/bootstrap: Connect to ipv6#[::1]:9092 failed: Connection refused (after 0ms in state CONNECT)
2026-09-23 12:32:32,642 [ERROR] Delivery failed for record b'QP378': KafkaError{code=_MSG_TIMED_OUT,val=-192,str="Local: Message timed out"}
2026-09-23 12:32:32,642 [INFO] Produced AI903 | CCU -> BOM | status=DELAYED delay=18min
%3|1790146953.364|FAIL|rdkafka#producer-1| [thrd:localhost:9092/1]: localhost:9092/1: Connect to ipv4#127.0.0.1:9092 failed: Connection refused (after 0ms in state CONNECT)
%3|1790146953.418|FAIL|rdkafka#producer-1| [thrd:localhost:9092/1]: localhost:9092/1: Connect to ipv6#[::1]:9092 failed: Connection refused (after 0ms in state CONNECT)
2026-09-23 12:32:33,648 [ERROR] Delivery failed for record b'6E992': KafkaError{code=_MSG_TIMED_OUT,val=-192,str="Local: Message timed out"}
2026-09-23 12:32:33,648 [INFO] Produced SG389 | DEL -> BLR | status=ON_TIME delay=0min
2026-09-23 12:32:34,653 [ERROR] Delivery failed for record b'6E801': KafkaError{code=_MSG_TIMED_OUT,val=-192,str="Local: Message timed out"}
2026-09-23 12:32:34,653 [INFO] Produced 6E571 | BOM -> DEL | status=ON_TIME delay=0min
%3|1790146955.428|FAIL|rdkafka#producer-1| [thrd:localhost:9092/1]: localhost:9092/1: Connect to ipv4#127.0.0.1:9092 failed: Connection refused (after 0ms in state CONNECT)
2026-09-23 12:32:35,656 [ERROR] Delivery failed for record b'I5476': KafkaError{code=_MSG_TIMED_OUT,val=-192,str="Local: Message timed out"}
2026-09-23 12:32:35,656 [INFO] Produced 6E587 | MAA -> HYD | status=ON_TIME delay=0min
%3|1790146956.377|FAIL|rdkafka#producer-1| [thrd:localhost:9092/1]: localhost:9092/1: Connect to ipv6#[::1]:9092 failed: Connection refused (after 0ms in state CONNECT)
%3|1790146956.432|FAIL|rdkafka#producer-1| [thrd:localhost:9092/bootstrap]: localhost:9092/bootstrap: Connect to ipv4#127.0.0.1:9092 failed: Connection refused (after 0ms in state CONNECT)
2026-09-23 12:32:36,661 [ERROR] Delivery failed for record b'SG888': KafkaError{code=_MSG_TIMED_OUT,val=-192,str="Local: Message timed out"}
2026-09-23 12:32:36,662 [INFO] Produced SG383 | BLR -> CCU | status=DELAYED delay=86min
%3|1790146957.382|FAIL|rdkafka#producer-1| [thrd:localhost:9092/bootstrap]: localhost:9092/bootstrap: Connect to ipv6#[::1]:9092 failed: Connection refused (after 0ms in state CONNECT)
%3|1790146957.438|FAIL|rdkafka#producer-1| [thrd:localhost:9092/1]: localhost:9092/1: Connect to ipv4#127.0.0.1:9092 failed: Connection refused (after 0ms in state CONNECT)
2026-09-23 12:32:37,664 [ERROR] Delivery failed for record b'SG698': KafkaError{code=_MSG_TIMED_OUT,val=-192,str="Local: Message timed out"}
2026-09-23 12:32:37,665 [INFO] Produced 6E907 | DEL -> BLR | status=DELAYED delay=108min
%3|1790146958.384|FAIL|rdkafka#producer-1| [thrd:localhost:9092/bootstrap]: localhost:9092/bootstrap: Connect to ipv4#127.0.0.1:9092 failed: Connection refused (after 0ms in state CONNECT)
%3|1790146958.439|FAIL|rdkafka#producer-1| [thrd:localhost:9092/1]: localhost:9092/1: Connect to ipv6#[::1]:9092 failed: Connection refused (after 0ms in state CONNECT)
2026-09-23 12:32:38,669 [ERROR] Delivery failed for record b'SG504': KafkaError{code=_MSG_TIMED_OUT,val=-192,str="Local: Message timed out"}
2026-09-23 12:32:38,669 [INFO] Produced 6E253 | BOM -> MAA | status=DELAYED delay=21min
%3|1790146959.443|FAIL|rdkafka#producer-1| [thrd:localhost:9092/1]: localhost:9092/1: Connect to ipv6#[::1]:9092 failed: Connection refused (after 0ms in state CONNECT, 1 identical error(s) suppressed)
2026-09-23 12:32:39,675 [ERROR] Delivery failed for record b'6E886': KafkaError{code=_MSG_TIMED_OUT,val=-192,str="Local: Message timed out"}
2026-09-23 12:32:39,675 [INFO] Produced QP879 | DEL -> BOM | status=DELAYED delay=16min
%3|1790146960.393|FAIL|rdkafka#producer-1| [thrd:localhost:9092/1]: localhost:9092/1: Connect to ipv4#127.0.0.1:9092 failed: Connection refused (after 0ms in state CONNECT)
2026-09-23 12:32:40,678 [ERROR] Delivery failed for record b'AI891': KafkaError{code=_MSG_TIMED_OUT,val=-192,str="Local: Message timed out"}
2026-09-23 12:32:40,678 [INFO] Produced UK453 | HYD -> BLR | status=DELAYED delay=116min
%3|1790146961.397|FAIL|rdkafka#producer-1| [thrd:localhost:9092/1]: localhost:9092/1: Connect to ipv6#[::1]:9092 failed: Connection refused (after 0ms in state CONNECT)
%3|1790146961.448|FAIL|rdkafka#producer-1| [thrd:localhost:9092/bootstrap]: localhost:9092/bootstrap: Connect to ipv6#[::1]:9092 failed: Connection refused (after 0ms in state CONNECT)
2026-09-23 12:32:41,678 [ERROR] Delivery failed for record b'I5667': KafkaError{code=_MSG_TIMED_OUT,val=-192,str="Local: Message timed out"}
2026-09-23 12:32:41,678 [INFO] Produced QP578 | DEL -> BOM | status=ON_TIME delay=0min
%3|1790146962.398|FAIL|rdkafka#producer-1| [thrd:localhost:9092/1]: localhost:9092/1: Connect to ipv4#127.0.0.1:9092 failed: Connection refused (after 0ms in state CONNECT)
%3|1790146962.449|FAIL|rdkafka#producer-1| [thrd:localhost:9092/1]: localhost:9092/1: Connect to ipv6#[::1]:9092 failed: Connection refused (after 0ms in state CONNECT)
2026-09-23 12:32:42,679 [ERROR] Delivery failed for record b'QP647': KafkaError{code=_MSG_TIMED_OUT,val=-192,str="Local: Message timed out"}
2026-09-23 12:32:42,679 [INFO] Produced UK823 | BOM -> BLR | status=ON_TIME delay=0min
%3|1790146963.402|FAIL|rdkafka#producer-1| [thrd:localhost:9092/bootstrap]: localhost:9092/bootstrap: Connect to ipv4#127.0.0.1:9092 failed: Connection refused (after 0ms in state CONNECT)
%3|1790146963.457|FAIL|rdkafka#producer-1| [thrd:localhost:9092/bootstrap]: localhost:9092/bootstrap: Connect to ipv6#[::1]:9092 failed: Connection refused (after 0ms in state CONNECT)
2026-09-23 12:32:43,681 [ERROR] Delivery failed for record b'SG726': KafkaError{code=_MSG_TIMED_OUT,val=-192,str="Local: Message timed out"}
2026-09-23 12:32:43,681 [INFO] Produced AI905 | BOM -> MAA | status=ON_TIME delay=0min
%3|1790146964.406|FAIL|rdkafka#producer-1| [thrd:localhost:9092/1]: localhost:9092/1: Connect to ipv4#127.0.0.1:9092 failed: Connection refused (after 0ms in state CONNECT)
%3|1790146964.467|FAIL|rdkafka#producer-1| [thrd:localhost:9092/1]: localhost:9092/1: Connect to ipv6#[::1]:9092 failed: Connection refused (after 0ms in state CONNECT)
2026-09-23 12:32:44,683 [ERROR] Delivery failed for record b'SG605': KafkaError{code=_MSG_TIMED_OUT,val=-192,str="Local: Message timed out"}
2026-09-23 12:32:44,683 [INFO] Produced AI828 | CCU -> MAA | status=DELAYED delay=73min
%3|1790146965.411|FAIL|rdkafka#producer-1| [thrd:localhost:9092/bootstrap]: localhost:9092/bootstrap: Connect to ipv4#127.0.0.1:9092 failed: Connection refused (after 0ms in state CONNECT)
%3|1790146965.466|FAIL|rdkafka#producer-1| [thrd:localhost:9092/1]: localhost:9092/1: Connect to ipv4#127.0.0.1:9092 failed: Connection refused (after 0ms in state CONNECT)
2026-09-23 12:32:45,684 [ERROR] Delivery failed for record b'I5544': KafkaError{code=_MSG_TIMED_OUT,val=-192,str="Local: Message timed out"}
2026-09-23 12:32:45,684 [INFO] Produced I5531 | BLR -> HYD | status=DELAYED delay=113min
%3|1790146966.470|FAIL|rdkafka#producer-1| [thrd:localhost:9092/bootstrap]: localhost:9092/bootstrap: Connect to ipv6#[::1]:9092 failed: Connection refused (after 0ms in state CONNECT)
2026-09-23 12:32:46,688 [ERROR] Delivery failed for record b'6E977': KafkaError{code=_MSG_TIMED_OUT,val=-192,str="Local: Message timed out"}
2026-09-23 12:32:46,689 [INFO] Produced UK646 | DEL -> CCU | status=ON_TIME delay=0min
%3|1790146967.478|FAIL|rdkafka#producer-1| [thrd:localhost:9092/1]: localhost:9092/1: Connect to ipv6#[::1]:9092 failed: Connection refused (after 0ms in state CONNECT)
2026-09-23 12:32:47,691 [ERROR] Delivery failed for record b'QP883': KafkaError{code=_MSG_TIMED_OUT,val=-192,str="Local: Message timed out"}
2026-09-23 12:32:47,692 [INFO] Produced SG467 | CCU -> DEL | status=CANCELLED delay=0min
%3|1790146968.483|FAIL|rdkafka#producer-1| [thrd:localhost:9092/bootstrap]: localhost:9092/bootstrap: Connect to ipv4#127.0.0.1:9092 failed: Connection refused (after 0ms in state CONNECT)
2026-09-23 12:32:48,697 [ERROR] Delivery failed for record b'SG324': KafkaError{code=_MSG_TIMED_OUT,val=-192,str="Local: Message timed out"}
2026-09-23 12:32:48,697 [INFO] Produced 6E812 | DEL -> MAA | status=DELAYED delay=119min
%3|1790146969.431|FAIL|rdkafka#producer-1| [thrd:localhost:9092/bootstrap]: localhost:9092/bootstrap: Connect to ipv6#[::1]:9092 failed: Connection refused (after 0ms in state CONNECT)
%3|1790146969.487|FAIL|rdkafka#producer-1| [thrd:localhost:9092/1]: localhost:9092/1: Connect to ipv4#127.0.0.1:9092 failed: Connection refused (after 0ms in state CONNECT)
2026-09-23 12:32:49,699 [ERROR] Delivery failed for record b'QP232': KafkaError{code=_MSG_TIMED_OUT,val=-192,str="Local: Message timed out"}
2026-09-23 12:32:49,699 [INFO] Produced UK973 | BLR -> CCU | status=ON_TIME delay=0min
%3|1790146970.434|FAIL|rdkafka#producer-1| [thrd:localhost:9092/1]: localhost:9092/1: Connect to ipv6#[::1]:9092 failed: Connection refused (after 0ms in state CONNECT)
%3|1790146970.487|FAIL|rdkafka#producer-1| [thrd:localhost:9092/bootstrap]: localhost:9092/bootstrap: Connect to ipv4#127.0.0.1:9092 failed: Connection refused (after 0ms in state CONNECT)
2026-09-23 12:32:50,705 [ERROR] Delivery failed for record b'AI242': KafkaError{code=_MSG_TIMED_OUT,val=-192,str="Local: Message timed out"}
2026-09-23 12:32:50,705 [INFO] Produced QP685 | HYD -> BOM | status=DELAYED delay=49min
%3|1790146971.440|FAIL|rdkafka#producer-1| [thrd:localhost:9092/1]: localhost:9092/1: Connect to ipv4#127.0.0.1:9092 failed: Connection refused (after 0ms in state CONNECT)
%3|1790146971.495|FAIL|rdkafka#producer-1| [thrd:localhost:9092/bootstrap]: localhost:9092/bootstrap: Connect to ipv4#127.0.0.1:9092 failed: Connection refused (after 1ms in state CONNECT, 1 identical error(s) suppressed)
2026-09-23 12:32:51,710 [ERROR] Delivery failed for record b'I5991': KafkaError{code=_MSG_TIMED_OUT,val=-192,str="Local: Message timed out"}
2026-09-23 12:32:51,710 [INFO] Produced QP887 | DEL -> HYD | status=ON_TIME delay=0min
%3|1790146972.440|FAIL|rdkafka#producer-1| [thrd:localhost:9092/bootstrap]: localhost:9092/bootstrap: Connect to ipv6#[::1]:9092 failed: Connection refused (after 0ms in state CONNECT)
%3|1790146972.492|FAIL|rdkafka#producer-1| [thrd:localhost:9092/bootstrap]: localhost:9092/bootstrap: Connect to ipv4#127.0.0.1:9092 failed: Connection refused (after 0ms in state CONNECT)
2026-09-23 12:32:52,716 [ERROR] Delivery failed for record b'SG986': KafkaError{code=_MSG_TIMED_OUT,val=-192,str="Local: Message timed out"}
2026-09-23 12:32:52,716 [INFO] Produced QP324 | CCU -> MAA | status=ON_TIME delay=0min
%3|1790146973.444|FAIL|rdkafka#producer-1| [thrd:localhost:9092/bootstrap]: localhost:9092/bootstrap: Connect to ipv6#[::1]:9092 failed: Connection refused (after 1ms in state CONNECT)
%3|1790146973.499|FAIL|rdkafka#producer-1| [thrd:localhost:9092/bootstrap]: localhost:9092/bootstrap: Connect to ipv4#127.0.0.1:9092 failed: Connection refused (after 0ms in state CONNECT)
2026-09-23 12:32:53,720 [ERROR] Delivery failed for record b'SG234': KafkaError{code=_MSG_TIMED_OUT,val=-192,str="Local: Message timed out"}
2026-09-23 12:32:53,720 [INFO] Produced I5516 | BOM -> CCU | status=DELAYED delay=101min
%3|1790146974.445|FAIL|rdkafka#producer-1| [thrd:localhost:9092/1]: localhost:9092/1: Connect to ipv6#[::1]:9092 failed: Connection refused (after 0ms in state CONNECT)
%3|1790146974.500|FAIL|rdkafka#producer-1| [thrd:localhost:9092/1]: localhost:9092/1: Connect to ipv4#127.0.0.1:9092 failed: Connection refused (after 0ms in state CONNECT)
2026-09-23 12:32:54,726 [ERROR] Delivery failed for record b'I5373': KafkaError{code=_MSG_TIMED_OUT,val=-192,str="Local: Message timed out"}
2026-09-23 12:32:54,726 [INFO] Produced QP174 | HYD -> CCU | status=ON_TIME delay=0min
%3|1790146975.451|FAIL|rdkafka#producer-1| [thrd:localhost:9092/1]: localhost:9092/1: Connect to ipv6#[::1]:9092 failed: Connection refused (after 0ms in state CONNECT)
%3|1790146975.504|FAIL|rdkafka#producer-1| [thrd:localhost:9092/bootstrap]: localhost:9092/bootstrap: Connect to ipv6#[::1]:9092 failed: Connection refused (after 0ms in state CONNECT)
2026-09-23 12:32:55,731 [ERROR] Delivery failed for record b'6E303': KafkaError{code=_MSG_TIMED_OUT,val=-192,str="Local: Message timed out"}
2026-09-23 12:32:55,732 [INFO] Produced SG905 | CCU -> MAA | status=DELAYED delay=49min
%3|1790146976.510|FAIL|rdkafka#producer-1| [thrd:localhost:9092/bootstrap]: localhost:9092/bootstrap: Connect to ipv4#127.0.0.1:9092 failed: Connection refused (after 0ms in state CONNECT)
2026-09-23 12:32:56,737 [ERROR] Delivery failed for record b'AI478': KafkaError{code=_MSG_TIMED_OUT,val=-192,str="Local: Message timed out"}
2026-09-23 12:32:56,737 [INFO] Produced SG494 | DEL -> BOM | status=ON_TIME delay=0min
%3|1790146977.456|FAIL|rdkafka#producer-1| [thrd:localhost:9092/bootstrap]: localhost:9092/bootstrap: Connect to ipv6#[::1]:9092 failed: Connection refused (after 0ms in state CONNECT)
%3|1790146977.512|FAIL|rdkafka#producer-1| [thrd:localhost:9092/1]: localhost:9092/1: Connect to ipv4#127.0.0.1:9092 failed: Connection refused (after 0ms in state CONNECT)
2026-09-23 12:32:57,742 [ERROR] Delivery failed for record b'SG605': KafkaError{code=_MSG_TIMED_OUT,val=-192,str="Local: Message timed out"}
2026-09-23 12:32:57,743 [INFO] Produced 6E121 | BLR -> BOM | status=DELAYED delay=20min
%3|1790146978.462|FAIL|rdkafka#producer-1| [thrd:localhost:9092/bootstrap]: localhost:9092/bootstrap: Connect to ipv4#127.0.0.1:9092 failed: Connection refused (after 0ms in state CONNECT)
%3|1790146978.513|FAIL|rdkafka#producer-1| [thrd:localhost:9092/bootstrap]: localhost:9092/bootstrap: Connect to ipv6#[::1]:9092 failed: Connection refused (after 0ms in state CONNECT)
2026-09-23 12:32:58,746 [ERROR] Delivery failed for record b'6E577': KafkaError{code=_MSG_TIMED_OUT,val=-192,str="Local: Message timed out"}
2026-09-23 12:32:58,746 [INFO] Produced QP304 | BLR -> DEL | status=DELAYED delay=106min
2026-09-23 12:32:59,749 [ERROR] Delivery failed for record b'QP543': KafkaError{code=_MSG_TIMED_OUT,val=-192,str="Local: Message timed out"}
2026-09-23 12:32:59,749 [INFO] Produced AI898 | HYD -> BLR | status=ON_TIME delay=0min
%3|1790146980.466|FAIL|rdkafka#producer-1| [thrd:localhost:9092/1]: localhost:9092/1: Connect to ipv6#[::1]:9092 failed: Connection refused (after 0ms in state CONNECT)
%3|1790146980.522|FAIL|rdkafka#producer-1| [thrd:localhost:9092/bootstrap]: localhost:9092/bootstrap: Connect to ipv4#127.0.0.1:9092 failed: Connection refused (after 0ms in state CONNECT)
2026-09-23 12:33:00,753 [ERROR] Delivery failed for record b'AI419': KafkaError{code=_MSG_TIMED_OUT,val=-192,str="Local: Message timed out"}
2026-09-23 12:33:00,753 [INFO] Produced AI743 | CCU -> DEL | status=ON_TIME delay=0min
%3|1790146981.223|FAIL|rdkafka#producer-1| [thrd:localhost:9092/1]: localhost:9092/1: Connect to ipv4#127.0.0.1:9092 failed: Connection refused (after 1ms in state CONNECT)
%3|1790146981.471|FAIL|rdkafka#producer-1| [thrd:localhost:9092/1]: localhost:9092/1: Connect to ipv6#[::1]:9092 failed: Connection refused (after 0ms in state CONNECT)
%3|1790146981.524|FAIL|rdkafka#producer-1| [thrd:localhost:9092/bootstrap]: localhost:9092/bootstrap: Connect to ipv6#[::1]:9092 failed: Connection refused (after 0ms in state CONNECT)
2026-09-23 12:33:01,756 [ERROR] Delivery failed for record b'AI375': KafkaError{code=_MSG_TIMED_OUT,val=-192,str="Local: Message timed out"}
2026-09-23 12:33:01,756 [INFO] Produced SG112 | BOM -> HYD | status=DELAYED delay=7min
%3|1790146982.472|FAIL|rdkafka#producer-1| [thrd:localhost:9092/bootstrap]: localhost:9092/bootstrap: Connect to ipv4#127.0.0.1:9092 failed: Connection refused (after 0ms in state CONNECT)
2026-09-23 12:33:02,761 [ERROR] Delivery failed for record b'I5157': KafkaError{code=_MSG_TIMED_OUT,val=-192,str="Local: Message timed out"}
2026-09-23 12:33:02,762 [INFO] Produced AI317 | HYD -> CCU | status=CANCELLED delay=0min
%3|1790146983.477|FAIL|rdkafka#producer-1| [thrd:localhost:9092/bootstrap]: localhost:9092/bootstrap: Connect to ipv6#[::1]:9092 failed: Connection refused (after 0ms in state CONNECT)
%3|1790146983.530|FAIL|rdkafka#producer-1| [thrd:localhost:9092/1]: localhost:9092/1: Connect to ipv4#127.0.0.1:9092 failed: Connection refused (after 0ms in state CONNECT)
2026-09-23 12:33:03,764 [ERROR] Delivery failed for record b'I5416': KafkaError{code=_MSG_TIMED_OUT,val=-192,str="Local: Message timed out"}
2026-09-23 12:33:03,764 [INFO] Produced UK440 | DEL -> HYD | status=DELAYED delay=29min
%3|1790146984.481|FAIL|rdkafka#producer-1| [thrd:localhost:9092/1]: localhost:9092/1: Connect to ipv6#[::1]:9092 failed: Connection refused (after 0ms in state CONNECT)
%3|1790146984.536|FAIL|rdkafka#producer-1| [thrd:localhost:9092/1]: localhost:9092/1: Connect to ipv4#127.0.0.1:9092 failed: Connection refused (after 1ms in state CONNECT)
2026-09-23 12:33:04,769 [ERROR] Delivery failed for record b'I5129': KafkaError{code=_MSG_TIMED_OUT,val=-192,str="Local: Message timed out"}
2026-09-23 12:33:04,769 [INFO] Produced AI605 | MAA -> HYD | status=DELAYED delay=11min
%3|1790146985.486|FAIL|rdkafka#producer-1| [thrd:localhost:9092/1]: localhost:9092/1: Connect to ipv6#[::1]:9092 failed: Connection refused (after 0ms in state CONNECT)
2026-09-23 12:33:05,770 [ERROR] Delivery failed for record b'6E366': KafkaError{code=_MSG_TIMED_OUT,val=-192,str="Local: Message timed out"}
2026-09-23 12:33:05,770 [INFO] Produced UK694 | BLR -> MAA | status=ON_TIME delay=0min
%3|1790146986.487|FAIL|rdkafka#producer-1| [thrd:localhost:9092/1]: localhost:9092/1: Connect to ipv4#127.0.0.1:9092 failed: Connection refused (after 0ms in state CONNECT)
2026-09-23 12:33:06,775 [ERROR] Delivery failed for record b'6E515': KafkaError{code=_MSG_TIMED_OUT,val=-192,str="Local: Message timed out"}
2026-09-23 12:33:06,775 [INFO] Produced SG325 | CCU -> BLR | status=ON_TIME delay=0min
%3|1790146987.488|FAIL|rdkafka#producer-1| [thrd:localhost:9092/1]: localhost:9092/1: Connect to ipv6#[::1]:9092 failed: Connection refused (after 0ms in state CONNECT)
%3|1790146987.544|FAIL|rdkafka#producer-1| [thrd:localhost:9092/bootstrap]: localhost:9092/bootstrap: Connect to ipv4#127.0.0.1:9092 failed: Connection refused (after 0ms in state CONNECT)
2026-09-23 12:33:07,781 [ERROR] Delivery failed for record b'6E380': KafkaError{code=_MSG_TIMED_OUT,val=-192,str="Local: Message timed out"}
2026-09-23 12:33:07,781 [INFO] Produced UK299 | BLR -> CCU | status=ON_TIME delay=0min
%3|1790146988.492|FAIL|rdkafka#producer-1| [thrd:localhost:9092/bootstrap]: localhost:9092/bootstrap: Connect to ipv6#[::1]:9092 failed: Connection refused (after 0ms in state CONNECT)
%3|1790146988.545|FAIL|rdkafka#producer-1| [thrd:localhost:9092/1]: localhost:9092/1: Connect to ipv4#127.0.0.1:9092 failed: Connection refused (after 0ms in state CONNECT)
2026-09-23 12:33:08,786 [ERROR] Delivery failed for record b'SG562': KafkaError{code=_MSG_TIMED_OUT,val=-192,str="Local: Message timed out"}
2026-09-23 12:33:08,786 [INFO] Produced UK368 | BLR -> MAA | status=ON_TIME delay=0min
%3|1790146989.554|FAIL|rdkafka#producer-1| [thrd:localhost:9092/1]: localhost:9092/1: Connect to ipv4#127.0.0.1:9092 failed: Connection refused (after 0ms in state CONNECT, 1 identical error(s) suppressed)
2026-09-23 12:33:09,791 [ERROR] Delivery failed for record b'SG781': KafkaError{code=_MSG_TIMED_OUT,val=-192,str="Local: Message timed out"}
2026-09-23 12:33:09,791 [INFO] Produced QP951 | MAA -> BOM | status=ON_TIME delay=0min
%3|1790146990.503|FAIL|rdkafka#producer-1| [thrd:localhost:9092/1]: localhost:9092/1: Connect to ipv6#[::1]:9092 failed: Connection refused (after 0ms in state CONNECT)
%3|1790146990.560|FAIL|rdkafka#producer-1| [thrd:localhost:9092/1]: localhost:9092/1: Connect to ipv4#127.0.0.1:9092 failed: Connection refused (after 0ms in state CONNECT)
2026-09-23 12:33:10,797 [ERROR] Delivery failed for record b'AI718': KafkaError{code=_MSG_TIMED_OUT,val=-192,str="Local: Message timed out"}
2026-09-23 12:33:10,797 [INFO] Produced SG734 | BOM -> MAA | status=ON_TIME delay=0min
%3|1790146991.508|FAIL|rdkafka#producer-1| [thrd:localhost:9092/1]: localhost:9092/1: Connect to ipv6#[::1]:9092 failed: Connection refused (after 0ms in state CONNECT)
2026-09-23 12:33:11,797 [ERROR] Delivery failed for record b'I5547': KafkaError{code=_MSG_TIMED_OUT,val=-192,str="Local: Message timed out"}
2026-09-23 12:33:11,798 [INFO] Produced SG687 | DEL -> MAA | status=ON_TIME delay=0min
%3|1790146992.514|FAIL|rdkafka#producer-1| [thrd:localhost:9092/1]: localhost:9092/1: Connect to ipv4#127.0.0.1:9092 failed: Connection refused (after 0ms in state CONNECT)
2026-09-23 12:33:12,803 [ERROR] Delivery failed for record b'UK353': KafkaError{code=_MSG_TIMED_OUT,val=-192,str="Local: Message timed out"}
2026-09-23 12:33:12,803 [INFO] Produced QP743 | CCU -> BLR | status=DELAYED delay=62min
%3|1790146993.569|FAIL|rdkafka#producer-1| [thrd:localhost:9092/bootstrap]: localhost:9092/bootstrap: Connect to ipv4#127.0.0.1:9092 failed: Connection refused (after 0ms in state CONNECT)
2026-09-23 12:33:13,807 [ERROR] Delivery failed for record b'SG905': KafkaError{code=_MSG_TIMED_OUT,val=-192,str="Local: Message timed out"}
2026-09-23 12:33:13,807 [INFO] Produced UK854 | BLR -> HYD | status=ON_TIME delay=0min
%3|1790146994.522|FAIL|rdkafka#producer-1| [thrd:localhost:9092/bootstrap]: localhost:9092/bootstrap: Connect to ipv6#[::1]:9092 failed: Connection refused (after 0ms in state CONNECT)
2026-09-23 12:33:14,813 [ERROR] Delivery failed for record b'UK672': KafkaError{code=_MSG_TIMED_OUT,val=-192,str="Local: Message timed out"}
2026-09-23 12:33:14,813 [INFO] Produced QP246 | BLR -> DEL | status=DELAYED delay=94min
%3|1790146995.527|FAIL|rdkafka#producer-1| [thrd:localhost:9092/1]: localhost:9092/1: Connect to ipv6#[::1]:9092 failed: Connection refused (after 0ms in state CONNECT)
%3|1790146995.584|FAIL|rdkafka#producer-1| [thrd:localhost:9092/bootstrap]: localhost:9092/bootstrap: Connect to ipv4#127.0.0.1:9092 failed: Connection refused (after 0ms in state CONNECT)
2026-09-23 12:33:15,814 [ERROR] Delivery failed for record b'SG515': KafkaError{code=_MSG_TIMED_OUT,val=-192,str="Local: Message timed out"}
2026-09-23 12:33:15,814 [INFO] Produced SG934 | DEL -> BLR | status=ON_TIME delay=0min
%3|1790146996.529|FAIL|rdkafka#producer-1| [thrd:localhost:9092/1]: localhost:9092/1: Connect to ipv4#127.0.0.1:9092 failed: Connection refused (after 0ms in state CONNECT)
%3|1790146996.580|FAIL|rdkafka#producer-1| [thrd:localhost:9092/1]: localhost:9092/1: Connect to ipv6#[::1]:9092 failed: Connection refused (after 0ms in state CONNECT)
2026-09-23 12:33:16,819 [ERROR] Delivery failed for record b'QP152': KafkaError{code=_MSG_TIMED_OUT,val=-192,str="Local: Message timed out"}
2026-09-23 12:33:16,820 [INFO] Produced SG729 | CCU -> BLR | status=DELAYED delay=14min
%3|1790146997.585|FAIL|rdkafka#producer-1| [thrd:localhost:9092/bootstrap]: localhost:9092/bootstrap: Connect to ipv6#[::1]:9092 failed: Connection refused (after 0ms in state CONNECT)
2026-09-23 12:33:17,825 [ERROR] Delivery failed for record b'I5247': KafkaError{code=_MSG_TIMED_OUT,val=-192,str="Local: Message timed out"}
2026-09-23 12:33:17,825 [INFO] Produced 6E118 | HYD -> DEL | status=DELAYED delay=18min
%3|1790146998.594|FAIL|rdkafka#producer-1| [thrd:localhost:9092/1]: localhost:9092/1: Connect to ipv4#127.0.0.1:9092 failed: Connection refused (after 0ms in state CONNECT)
2026-09-23 12:33:18,829 [ERROR] Delivery failed for record b'UK388': KafkaError{code=_MSG_TIMED_OUT,val=-192,str="Local: Message timed out"}
2026-09-23 12:33:18,829 [INFO] Produced QP597 | MAA -> DEL | status=DELAYED delay=71min
%3|1790146999.543|FAIL|rdkafka#producer-1| [thrd:localhost:9092/bootstrap]: localhost:9092/bootstrap: Connect to ipv4#127.0.0.1:9092 failed: Connection refused (after 0ms in state CONNECT)
2026-09-23 12:33:19,835 [ERROR] Delivery failed for record b'UK381': KafkaError{code=_MSG_TIMED_OUT,val=-192,str="Local: Message timed out"}
2026-09-23 12:33:19,835 [INFO] Produced QP230 | MAA -> HYD | status=ON_TIME delay=0min
%3|1790147000.547|FAIL|rdkafka#producer-1| [thrd:localhost:9092/1]: localhost:9092/1: Connect to ipv6#[::1]:9092 failed: Connection refused (after 0ms in state CONNECT)
2026-09-23 12:33:20,840 [ERROR] Delivery failed for record b'SG203': KafkaError{code=_MSG_TIMED_OUT,val=-192,str="Local: Message timed out"}
2026-09-23 12:33:20,840 [INFO] Produced SG766 | DEL -> MAA | status=ON_TIME delay=0min
%3|1790147001.549|FAIL|rdkafka#producer-1| [thrd:localhost:9092/bootstrap]: localhost:9092/bootstrap: Connect to ipv6#[::1]:9092 failed: Connection refused (after 0ms in state CONNECT)
2026-09-23 12:33:21,846 [ERROR] Delivery failed for record b'I5598': KafkaError{code=_MSG_TIMED_OUT,val=-192,str="Local: Message timed out"}
2026-09-23 12:33:21,846 [INFO] Produced QP251 | HYD -> DEL | status=ON_TIME delay=0min
%3|1790147002.550|FAIL|rdkafka#producer-1| [thrd:localhost:9092/1]: localhost:9092/1: Connect to ipv4#127.0.0.1:9092 failed: Connection refused (after 0ms in state CONNECT)
%3|1790147002.604|FAIL|rdkafka#producer-1| [thrd:localhost:9092/1]: localhost:9092/1: Connect to ipv6#[::1]:9092 failed: Connection refused (after 0ms in state CONNECT)
2026-09-23 12:33:22,850 [ERROR] Delivery failed for record b'6E621': KafkaError{code=_MSG_TIMED_OUT,val=-192,str="Local: Message timed out"}
2026-09-23 12:33:22,850 [INFO] Produced UK381 | HYD -> BLR | status=DELAYED delay=59min
%3|1790147003.609|FAIL|rdkafka#producer-1| [thrd:localhost:9092/1]: localhost:9092/1: Connect to ipv4#127.0.0.1:9092 failed: Connection refused (after 0ms in state CONNECT)
2026-09-23 12:33:23,855 [ERROR] Delivery failed for record b'UK708': KafkaError{code=_MSG_TIMED_OUT,val=-192,str="Local: Message timed out"}
2026-09-23 12:33:23,856 [INFO] Produced 6E544 | DEL -> MAA | status=ON_TIME delay=0min
%3|1790147004.557|FAIL|rdkafka#producer-1| [thrd:localhost:9092/1]: localhost:9092/1: Connect to ipv6#[::1]:9092 failed: Connection refused (after 0ms in state CONNECT)
%3|1790147004.611|FAIL|rdkafka#producer-1| [thrd:localhost:9092/1]: localhost:9092/1: Connect to ipv4#127.0.0.1:9092 failed: Connection refused (after 0ms in state CONNECT)
2026-09-23 12:33:24,861 [ERROR] Delivery failed for record b'QP765': KafkaError{code=_MSG_TIMED_OUT,val=-192,str="Local: Message timed out"}
2026-09-23 12:33:24,861 [INFO] Produced 6E715 | HYD -> BLR | status=CANCELLED delay=0min
%3|1790147005.562|FAIL|rdkafka#producer-1| [thrd:localhost:9092/bootstrap]: localhost:9092/bootstrap: Connect to ipv4#127.0.0.1:9092 failed: Connection refused (after 0ms in state CONNECT)
%3|1790147005.617|FAIL|rdkafka#producer-1| [thrd:localhost:9092/1]: localhost:9092/1: Connect to ipv6#[::1]:9092 failed: Connection refused (after 0ms in state CONNECT)
2026-09-23 12:33:25,865 [ERROR] Delivery failed for record b'QP615': KafkaError{code=_MSG_TIMED_OUT,val=-192,str="Local: Message timed out"}
2026-09-23 12:33:25,866 [INFO] Produced AI282 | MAA -> HYD | status=ON_TIME delay=0min
%3|1790147006.565|FAIL|rdkafka#producer-1| [thrd:localhost:9092/bootstrap]: localhost:9092/bootstrap: Connect to ipv6#[::1]:9092 failed: Connection refused (after 0ms in state CONNECT)
2026-09-23 12:33:26,870 [ERROR] Delivery failed for record b'UK875': KafkaError{code=_MSG_TIMED_OUT,val=-192,str="Local: Message timed out"}
2026-09-23 12:33:26,870 [INFO] Produced QP892 | DEL -> CCU | status=ON_TIME delay=0min
%3|1790147007.570|FAIL|rdkafka#producer-1| [thrd:localhost:9092/bootstrap]: localhost:9092/bootstrap: Connect to ipv6#[::1]:9092 failed: Connection refused (after 1ms in state CONNECT, 1 identical error(s) suppressed)
%3|1790147007.626|FAIL|rdkafka#producer-1| [thrd:localhost:9092/1]: localhost:9092/1: Connect to ipv4#127.0.0.1:9092 failed: Connection refused (after 0ms in state CONNECT)
2026-09-23 12:33:27,874 [ERROR] Delivery failed for record b'I5260': KafkaError{code=_MSG_TIMED_OUT,val=-192,str="Local: Message timed out"}
2026-09-23 12:33:27,875 [INFO] Produced 6E932 | CCU -> DEL | status=ON_TIME delay=0min
%3|1790147008.572|FAIL|rdkafka#producer-1| [thrd:localhost:9092/bootstrap]: localhost:9092/bootstrap: Connect to ipv4#127.0.0.1:9092 failed: Connection refused (after 1ms in state CONNECT)
%3|1790147008.623|FAIL|rdkafka#producer-1| [thrd:localhost:9092/1]: localhost:9092/1: Connect to ipv6#[::1]:9092 failed: Connection refused (after 0ms in state CONNECT)
2026-09-23 12:33:28,879 [ERROR] Delivery failed for record b'6E191': KafkaError{code=_MSG_TIMED_OUT,val=-192,str="Local: Message timed out"}
2026-09-23 12:33:28,880 [INFO] Produced QP812 | BOM -> BLR | status=ON_TIME delay=0min
%3|1790147009.578|FAIL|rdkafka#producer-1| [thrd:localhost:9092/bootstrap]: localhost:9092/bootstrap: Connect to ipv6#[::1]:9092 failed: Connection refused (after 0ms in state CONNECT)
%3|1790147009.629|FAIL|rdkafka#producer-1| [thrd:localhost:9092/1]: localhost:9092/1: Connect to ipv4#127.0.0.1:9092 failed: Connection refused (after 0ms in state CONNECT)
2026-09-23 12:33:29,883 [ERROR] Delivery failed for record b'UK346': KafkaError{code=_MSG_TIMED_OUT,val=-192,str="Local: Message timed out"}
2026-09-23 12:33:29,883 [INFO] Produced UK114 | MAA -> HYD | status=ON_TIME delay=0min
%3|1790147010.581|FAIL|rdkafka#producer-1| [thrd:localhost:9092/1]: localhost:9092/1: Connect to ipv6#[::1]:9092 failed: Connection refused (after 0ms in state CONNECT)
%3|1790147010.634|FAIL|rdkafka#producer-1| [thrd:localhost:9092/bootstrap]: localhost:9092/bootstrap: Connect to ipv4#127.0.0.1:9092 failed: Connection refused (after 0ms in state CONNECT)
2026-09-23 12:33:30,888 [ERROR] Delivery failed for record b'AI313': KafkaError{code=_MSG_TIMED_OUT,val=-192,str="Local: Message timed out"}
2026-09-23 12:33:30,888 [INFO] Produced SG819 | HYD -> MAA | status=ON_TIME delay=0min
%3|1790147011.587|FAIL|rdkafka#producer-1| [thrd:localhost:9092/1]: localhost:9092/1: Connect to ipv4#127.0.0.1:9092 failed: Connection refused (after 0ms in state CONNECT)
%3|1790147011.643|FAIL|rdkafka#producer-1| [thrd:localhost:9092/bootstrap]: localhost:9092/bootstrap: Connect to ipv6#[::1]:9092 failed: Connection refused (after 0ms in state CONNECT)
2026-09-23 12:33:31,894 [ERROR] Delivery failed for record b'AI183': KafkaError{code=_MSG_TIMED_OUT,val=-192,str="Local: Message timed out"}
2026-09-23 12:33:31,894 [INFO] Produced I5417 | BLR -> BOM | status=ON_TIME delay=0min
%3|1790147012.588|FAIL|rdkafka#producer-1| [thrd:localhost:9092/bootstrap]: localhost:9092/bootstrap: Connect to ipv4#127.0.0.1:9092 failed: Connection refused (after 0ms in state CONNECT)
%3|1790147012.645|FAIL|rdkafka#producer-1| [thrd:localhost:9092/1]: localhost:9092/1: Connect to ipv6#[::1]:9092 failed: Connection refused (after 1ms in state CONNECT)
2026-09-23 12:33:32,899 [ERROR] Delivery failed for record b'6E812': KafkaError{code=_MSG_TIMED_OUT,val=-192,str="Local: Message timed out"}
2026-09-23 12:33:32,899 [INFO] Produced SG600 | CCU -> BOM | status=ON_TIME delay=0min
%3|1790147013.591|FAIL|rdkafka#producer-1| [thrd:localhost:9092/1]: localhost:9092/1: Connect to ipv4#127.0.0.1:9092 failed: Connection refused (after 0ms in state CONNECT)
2026-09-23 12:33:33,903 [ERROR] Delivery failed for record b'AI437': KafkaError{code=_MSG_TIMED_OUT,val=-192,str="Local: Message timed out"}
2026-09-23 12:33:33,903 [INFO] Produced UK712 | MAA -> BLR | status=ON_TIME delay=0min
%3|1790147014.593|FAIL|rdkafka#producer-1| [thrd:localhost:9092/1]: localhost:9092/1: Connect to ipv6#[::1]:9092 failed: Connection refused (after 0ms in state CONNECT)
%3|1790147014.648|FAIL|rdkafka#producer-1| [thrd:localhost:9092/1]: localhost:9092/1: Connect to ipv4#127.0.0.1:9092 failed: Connection refused (after 0ms in state CONNECT)
2026-09-23 12:33:34,909 [ERROR] Delivery failed for record b'AI375': KafkaError{code=_MSG_TIMED_OUT,val=-192,str="Local: Message timed out"}
2026-09-23 12:33:34,909 [INFO] Produced I5317 | BOM -> BLR | status=ON_TIME delay=0min
%3|1790147015.598|FAIL|rdkafka#producer-1| [thrd:localhost:9092/bootstrap]: localhost:9092/bootstrap: Connect to ipv6#[::1]:9092 failed: Connection refused (after 0ms in state CONNECT)
2026-09-23 12:33:35,914 [ERROR] Delivery failed for record b'AI542': KafkaError{code=_MSG_TIMED_OUT,val=-192,str="Local: Message timed out"}
2026-09-23 12:33:35,915 [INFO] Produced QP101 | CCU -> BLR | status=DELAYED delay=10min
%3|1790147016.603|FAIL|rdkafka#producer-1| [thrd:localhost:9092/1]: localhost:9092/1: Connect to ipv6#[::1]:9092 failed: Connection refused (after 0ms in state CONNECT)
2026-09-23 12:33:36,918 [ERROR] Delivery failed for record b'UK951': KafkaError{code=_MSG_TIMED_OUT,val=-192,str="Local: Message timed out"}
2026-09-23 12:33:36,918 [INFO] Produced I5497 | CCU -> DEL | status=DELAYED delay=95min
%3|1790147017.609|FAIL|rdkafka#producer-1| [thrd:localhost:9092/bootstrap]: localhost:9092/bootstrap: Connect to ipv4#127.0.0.1:9092 failed: Connection refused (after 1ms in state CONNECT)
2026-09-23 12:33:37,923 [ERROR] Delivery failed for record b'6E444': KafkaError{code=_MSG_TIMED_OUT,val=-192,str="Local: Message timed out"}
2026-09-23 12:33:37,923 [INFO] Produced AI573 | HYD -> DEL | status=ON_TIME delay=0min
%3|1790147018.664|FAIL|rdkafka#producer-1| [thrd:localhost:9092/bootstrap]: localhost:9092/bootstrap: Connect to ipv6#[::1]:9092 failed: Connection refused (after 0ms in state CONNECT)
2026-09-23 12:33:38,929 [ERROR] Delivery failed for record b'I5431': KafkaError{code=_MSG_TIMED_OUT,val=-192,str="Local: Message timed out"}
2026-09-23 12:33:38,929 [INFO] Produced AI823 | BOM -> MAA | status=ON_TIME delay=0min
%3|1790147019.669|FAIL|rdkafka#producer-1| [thrd:localhost:9092/bootstrap]: localhost:9092/bootstrap: Connect to ipv4#127.0.0.1:9092 failed: Connection refused (after 0ms in state CONNECT)
2026-09-23 12:33:39,931 [ERROR] Delivery failed for record b'6E131': KafkaError{code=_MSG_TIMED_OUT,val=-192,str="Local: Message timed out"}
2026-09-23 12:33:39,932 [INFO] Produced SG418 | MAA -> CCU | status=ON_TIME delay=0min
%3|1790147020.615|FAIL|rdkafka#producer-1| [thrd:localhost:9092/1]: localhost:9092/1: Connect to ipv6#[::1]:9092 failed: Connection refused (after 0ms in state CONNECT, 3 identical error(s) suppressed)
%3|1790147020.672|FAIL|rdkafka#producer-1| [thrd:localhost:9092/bootstrap]: localhost:9092/bootstrap: Connect to ipv6#[::1]:9092 failed: Connection refused (after 0ms in state CONNECT)
2026-09-23 12:33:40,937 [ERROR] Delivery failed for record b'QP504': KafkaError{code=_MSG_TIMED_OUT,val=-192,str="Local: Message timed out"}
2026-09-23 12:33:40,937 [INFO] Produced I5185 | HYD -> MAA | status=DELAYED delay=54min
%3|1790147021.617|FAIL|rdkafka#producer-1| [thrd:localhost:9092/bootstrap]: localhost:9092/bootstrap: Connect to ipv4#127.0.0.1:9092 failed: Connection refused (after 0ms in state CONNECT)
2026-09-23 12:33:41,942 [ERROR] Delivery failed for record b'UK516': KafkaError{code=_MSG_TIMED_OUT,val=-192,str="Local: Message timed out"}
2026-09-23 12:33:41,943 [INFO] Produced SG373 | DEL -> MAA | status=ON_TIME delay=0min
2026-09-23 12:33:42,947 [ERROR] Delivery failed for record b'AI218': KafkaError{code=_MSG_TIMED_OUT,val=-192,str="Local: Message timed out"}
2026-09-23 12:33:42,947 [INFO] Produced SG314 | HYD -> DEL | status=DELAYED delay=10min
%3|1790147023.628|FAIL|rdkafka#producer-1| [thrd:localhost:9092/bootstrap]: localhost:9092/bootstrap: Connect to ipv6#[::1]:9092 failed: Connection refused (after 0ms in state CONNECT)
%3|1790147023.684|FAIL|rdkafka#producer-1| [thrd:localhost:9092/1]: localhost:9092/1: Connect to ipv4#127.0.0.1:9092 failed: Connection refused (after 0ms in state CONNECT)
2026-09-23 12:33:43,953 [ERROR] Delivery failed for record b'QP686': KafkaError{code=_MSG_TIMED_OUT,val=-192,str="Local: Message timed out"}
2026-09-23 12:33:43,953 [INFO] Produced SG187 | MAA -> CCU | status=ON_TIME delay=0min
%3|1790147024.633|FAIL|rdkafka#producer-1| [thrd:localhost:9092/1]: localhost:9092/1: Connect to ipv6#[::1]:9092 failed: Connection refused (after 0ms in state CONNECT)
2026-09-23 12:33:44,954 [ERROR] Delivery failed for record b'SG270': KafkaError{code=_MSG_TIMED_OUT,val=-192,str="Local: Message timed out"}
2026-09-23 12:33:44,954 [INFO] Produced AI836 | BLR -> CCU | status=DELAYED delay=21min
%3|1790147025.638|FAIL|rdkafka#producer-1| [thrd:localhost:9092/bootstrap]: localhost:9092/bootstrap: Connect to ipv4#127.0.0.1:9092 failed: Connection refused (after 0ms in state CONNECT)
%3|1790147025.692|FAIL|rdkafka#producer-1| [thrd:localhost:9092/bootstrap]: localhost:9092/bootstrap: Connect to ipv6#[::1]:9092 failed: Connection refused (after 0ms in state CONNECT)
2026-09-23 12:33:45,959 [ERROR] Delivery failed for record b'6E356': KafkaError{code=_MSG_TIMED_OUT,val=-192,str="Local: Message timed out"}
2026-09-23 12:33:45,960 [INFO] Produced 6E109 | HYD -> BOM | status=ON_TIME delay=0min
%3|1790147026.639|FAIL|rdkafka#producer-1| [thrd:localhost:9092/bootstrap]: localhost:9092/bootstrap: Connect to ipv4#127.0.0.1:9092 failed: Connection refused (after 0ms in state CONNECT)
%3|1790147026.691|FAIL|rdkafka#producer-1| [thrd:localhost:9092/bootstrap]: localhost:9092/bootstrap: Connect to ipv6#[::1]:9092 failed: Connection refused (after 0ms in state CONNECT)
2026-09-23 12:33:46,965 [ERROR] Delivery failed for record b'I5764': KafkaError{code=_MSG_TIMED_OUT,val=-192,str="Local: Message timed out"}
2026-09-23 12:33:46,965 [INFO] Produced I5994 | BOM -> MAA | status=ON_TIME delay=0min
%3|1790147027.645|FAIL|rdkafka#producer-1| [thrd:localhost:9092/bootstrap]: localhost:9092/bootstrap: Connect to ipv4#127.0.0.1:9092 failed: Connection refused (after 0ms in state CONNECT)
%3|1790147027.700|FAIL|rdkafka#producer-1| [thrd:localhost:9092/1]: localhost:9092/1: Connect to ipv4#127.0.0.1:9092 failed: Connection refused (after 1ms in state CONNECT)
2026-09-23 12:33:47,971 [ERROR] Delivery failed for record b'AI822': KafkaError{code=_MSG_TIMED_OUT,val=-192,str="Local: Message timed out"}
2026-09-23 12:33:47,971 [INFO] Produced QP351 | DEL -> HYD | status=ON_TIME delay=0min
%3|1790147028.650|FAIL|rdkafka#producer-1| [thrd:localhost:9092/1]: localhost:9092/1: Connect to ipv6#[::1]:9092 failed: Connection refused (after 0ms in state CONNECT)
%3|1790147028.707|FAIL|rdkafka#producer-1| [thrd:localhost:9092/bootstrap]: localhost:9092/bootstrap: Connect to ipv6#[::1]:9092 failed: Connection refused (after 0ms in state CONNECT)
2026-09-23 12:33:48,976 [ERROR] Delivery failed for record b'SG395': KafkaError{code=_MSG_TIMED_OUT,val=-192,str="Local: Message timed out"}
2026-09-23 12:33:48,977 [INFO] Produced SG864 | HYD -> MAA | status=ON_TIME delay=0min
%3|1790147029.652|FAIL|rdkafka#producer-1| [thrd:localhost:9092/bootstrap]: localhost:9092/bootstrap: Connect to ipv4#127.0.0.1:9092 failed: Connection refused (after 0ms in state CONNECT)
2026-09-23 12:33:49,980 [ERROR] Delivery failed for record b'6E720': KafkaError{code=_MSG_TIMED_OUT,val=-192,str="Local: Message timed out"}
2026-09-23 12:33:49,981 [INFO] Produced QP953 | BOM -> MAA | status=ON_TIME delay=0min
%3|1790147030.657|FAIL|rdkafka#producer-1| [thrd:localhost:9092/1]: localhost:9092/1: Connect to ipv4#127.0.0.1:9092 failed: Connection refused (after 0ms in state CONNECT)
%3|1790147030.712|FAIL|rdkafka#producer-1| [thrd:localhost:9092/1]: localhost:9092/1: Connect to ipv6#[::1]:9092 failed: Connection refused (after 0ms in state CONNECT)
2026-09-23 12:33:50,986 [ERROR] Delivery failed for record b'I5220': KafkaError{code=_MSG_TIMED_OUT,val=-192,str="Local: Message timed out"}
2026-09-23 12:33:50,986 [INFO] Produced UK975 | MAA -> BLR | status=ON_TIME delay=0min
2026-09-23 12:33:51,992 [ERROR] Delivery failed for record b'SG656': KafkaError{code=_MSG_TIMED_OUT,val=-192,str="Local: Message timed out"}
2026-09-23 12:33:51,992 [INFO] Produced 6E139 | MAA -> HYD | status=DELAYED delay=57min
%3|1790147032.666|FAIL|rdkafka#producer-1| [thrd:localhost:9092/1]: localhost:9092/1: Connect to ipv4#127.0.0.1:9092 failed: Connection refused (after 0ms in state CONNECT)
2026-09-23 12:33:52,997 [ERROR] Delivery failed for record b'SG294': KafkaError{code=_MSG_TIMED_OUT,val=-192,str="Local: Message timed out"}
2026-09-23 12:33:52,997 [INFO] Produced SG396 | BOM -> BLR | status=ON_TIME delay=0min
%3|1790147033.671|FAIL|rdkafka#producer-1| [thrd:localhost:9092/1]: localhost:9092/1: Connect to ipv6#[::1]:9092 failed: Connection refused (after 1ms in state CONNECT)
%3|1790147033.727|FAIL|rdkafka#producer-1| [thrd:localhost:9092/bootstrap]: localhost:9092/bootstrap: Connect to ipv6#[::1]:9092 failed: Connection refused (after 1ms in state CONNECT)
2026-09-23 12:33:54,003 [ERROR] Delivery failed for record b'QP169': KafkaError{code=_MSG_TIMED_OUT,val=-192,str="Local: Message timed out"}
2026-09-23 12:33:54,003 [INFO] Produced 6E150 | CCU -> HYD | status=ON_TIME delay=0min
%3|1790147034.672|FAIL|rdkafka#producer-1| [thrd:localhost:9092/1]: localhost:9092/1: Connect to ipv4#127.0.0.1:9092 failed: Connection refused (after 1ms in state CONNECT)
%3|1790147034.727|FAIL|rdkafka#producer-1| [thrd:localhost:9092/1]: localhost:9092/1: Connect to ipv6#[::1]:9092 failed: Connection refused (after 0ms in state CONNECT)
2026-09-23 12:33:55,007 [ERROR] Delivery failed for record b'UK423': KafkaError{code=_MSG_TIMED_OUT,val=-192,str="Local: Message timed out"}
2026-09-23 12:33:55,007 [INFO] Produced QP832 | HYD -> DEL | status=ON_TIME delay=0min
%3|1790147035.678|FAIL|rdkafka#producer-1| [thrd:localhost:9092/1]: localhost:9092/1: Connect to ipv4#127.0.0.1:9092 failed: Connection refused (after 0ms in state CONNECT)
2026-09-23 12:33:56,013 [ERROR] Delivery failed for record b'QP530': KafkaError{code=_MSG_TIMED_OUT,val=-192,str="Local: Message timed out"}
2026-09-23 12:33:56,013 [INFO] Produced QP922 | BOM -> MAA | status=DELAYED delay=85min
%3|1790147036.738|FAIL|rdkafka#producer-1| [thrd:localhost:9092/bootstrap]: localhost:9092/bootstrap: Connect to ipv4#127.0.0.1:9092 failed: Connection refused (after 0ms in state CONNECT)
2026-09-23 12:33:57,017 [ERROR] Delivery failed for record b'6E514': KafkaError{code=_MSG_TIMED_OUT,val=-192,str="Local: Message timed out"}
2026-09-23 12:33:57,017 [INFO] Produced QP992 | DEL -> BOM | status=DELAYED delay=47min
%3|1790147037.685|FAIL|rdkafka#producer-1| [thrd:localhost:9092/1]: localhost:9092/1: Connect to ipv6#[::1]:9092 failed: Connection refused (after 0ms in state CONNECT)
%3|1790147037.739|FAIL|rdkafka#producer-1| [thrd:localhost:9092/1]: localhost:9092/1: Connect to ipv4#127.0.0.1:9092 failed: Connection refused (after 0ms in state CONNECT)
2026-09-23 12:33:58,023 [ERROR] Delivery failed for record b'6E283': KafkaError{code=_MSG_TIMED_OUT,val=-192,str="Local: Message timed out"}
2026-09-23 12:33:58,023 [INFO] Produced I5889 | MAA -> BOM | status=ON_TIME delay=0min
%3|1790147038.688|FAIL|rdkafka#producer-1| [thrd:localhost:9092/1]: localhost:9092/1: Connect to ipv6#[::1]:9092 failed: Connection refused (after 0ms in state CONNECT)
%3|1790147038.739|FAIL|rdkafka#producer-1| [thrd:localhost:9092/1]: localhost:9092/1: Connect to ipv4#127.0.0.1:9092 failed: Connection refused (after 0ms in state CONNECT)
2026-09-23 12:33:59,028 [ERROR] Delivery failed for record b'QP986': KafkaError{code=_MSG_TIMED_OUT,val=-192,str="Local: Message timed out"}
2026-09-23 12:33:59,028 [INFO] Produced AI510 | MAA -> CCU | status=ON_TIME delay=0min
%3|1790147039.692|FAIL|rdkafka#producer-1| [thrd:localhost:9092/bootstrap]: localhost:9092/bootstrap: Connect to ipv6#[::1]:9092 failed: Connection refused (after 0ms in state CONNECT)
2026-09-23 12:34:00,031 [ERROR] Delivery failed for record b'I5613': KafkaError{code=_MSG_TIMED_OUT,val=-192,str="Local: Message timed out"}
2026-09-23 12:34:00,031 [INFO] Produced 6E941 | MAA -> BLR | status=DELAYED delay=81min
%3|1790147040.698|FAIL|rdkafka#producer-1| [thrd:localhost:9092/bootstrap]: localhost:9092/bootstrap: Connect to ipv6#[::1]:9092 failed: Connection refused (after 1ms in state CONNECT, 1 identical error(s) suppressed)
%3|1790147040.752|FAIL|rdkafka#producer-1| [thrd:localhost:9092/bootstrap]: localhost:9092/bootstrap: Connect to ipv4#127.0.0.1:9092 failed: Connection refused (after 0ms in state CONNECT)
2026-09-23 12:34:01,032 [ERROR] Delivery failed for record b'UK163': KafkaError{code=_MSG_TIMED_OUT,val=-192,str="Local: Message timed out"}
2026-09-23 12:34:01,032 [INFO] Produced I5390 | HYD -> BLR | status=DELAYED delay=63min
%3|1790147041.703|FAIL|rdkafka#producer-1| [thrd:localhost:9092/1]: localhost:9092/1: Connect to ipv6#[::1]:9092 failed: Connection refused (after 0ms in state CONNECT)
%3|1790147041.756|FAIL|rdkafka#producer-1| [thrd:localhost:9092/1]: localhost:9092/1: Connect to ipv4#127.0.0.1:9092 failed: Connection refused (after 0ms in state CONNECT)
2026-09-23 12:34:02,035 [ERROR] Delivery failed for record b'6E603': KafkaError{code=_MSG_TIMED_OUT,val=-192,str="Local: Message timed out"}
2026-09-23 12:34:02,035 [INFO] Produced I5658 | HYD -> CCU | status=ON_TIME delay=0min
%3|1790147042.707|FAIL|rdkafka#producer-1| [thrd:localhost:9092/1]: localhost:9092/1: Connect to ipv6#[::1]:9092 failed: Connection refused (after 0ms in state CONNECT)
%3|1790147042.761|FAIL|rdkafka#producer-1| [thrd:localhost:9092/1]: localhost:9092/1: Connect to ipv4#127.0.0.1:9092 failed: Connection refused (after 0ms in state CONNECT)
2026-09-23 12:34:03,041 [ERROR] Delivery failed for record b'AI453': KafkaError{code=_MSG_TIMED_OUT,val=-192,str="Local: Message timed out"}
2026-09-23 12:34:03,041 [INFO] Produced QP488 | HYD -> CCU | status=DELAYED delay=13min
%3|1790147043.712|FAIL|rdkafka#producer-1| [thrd:localhost:9092/bootstrap]: localhost:9092/bootstrap: Connect to ipv6#[::1]:9092 failed: Connection refused (after 0ms in state CONNECT)
%3|1790147043.769|FAIL|rdkafka#producer-1| [thrd:localhost:9092/1]: localhost:9092/1: Connect to ipv6#[::1]:9092 failed: Connection refused (after 0ms in state CONNECT)
2026-09-23 12:34:04,045 [ERROR] Delivery failed for record b'UK544': KafkaError{code=_MSG_TIMED_OUT,val=-192,str="Local: Message timed out"}
2026-09-23 12:34:04,045 [INFO] Produced UK964 | BOM -> MAA | status=ON_TIME delay=0min
%3|1790147044.774|FAIL|rdkafka#producer-1| [thrd:localhost:9092/1]: localhost:9092/1: Connect to ipv4#127.0.0.1:9092 failed: Connection refused (after 0ms in state CONNECT)
2026-09-23 12:34:05,050 [ERROR] Delivery failed for record b'6E765': KafkaError{code=_MSG_TIMED_OUT,val=-192,str="Local: Message timed out"}
2026-09-23 12:34:05,050 [INFO] Produced SG336 | MAA -> HYD | status=DELAYED delay=89min
%3|1790147045.724|FAIL|rdkafka#producer-1| [thrd:localhost:9092/bootstrap]: localhost:9092/bootstrap: Connect to ipv4#127.0.0.1:9092 failed: Connection refused (after 0ms in state CONNECT)
2026-09-23 12:34:06,055 [ERROR] Delivery failed for record b'SG383': KafkaError{code=_MSG_TIMED_OUT,val=-192,str="Local: Message timed out"}
2026-09-23 12:34:06,055 [INFO] Produced AI267 | BOM -> CCU | status=ON_TIME delay=0min
%3|1790147046.729|FAIL|rdkafka#producer-1| [thrd:localhost:9092/1]: localhost:9092/1: Connect to ipv6#[::1]:9092 failed: Connection refused (after 0ms in state CONNECT)
%3|1790147046.785|FAIL|rdkafka#producer-1| [thrd:localhost:9092/bootstrap]: localhost:9092/bootstrap: Connect to ipv6#[::1]:9092 failed: Connection refused (after 0ms in state CONNECT)
2026-09-23 12:34:07,060 [ERROR] Delivery failed for record b'QP641': KafkaError{code=_MSG_TIMED_OUT,val=-192,str="Local: Message timed out"}
2026-09-23 12:34:07,060 [INFO] Produced UK256 | DEL -> HYD | status=ON_TIME delay=0min
%3|1790147047.734|FAIL|rdkafka#producer-1| [thrd:localhost:9092/bootstrap]: localhost:9092/bootstrap: Connect to ipv4#127.0.0.1:9092 failed: Connection refused (after 0ms in state CONNECT)
%3|1790147047.791|FAIL|rdkafka#producer-1| [thrd:localhost:9092/bootstrap]: localhost:9092/bootstrap: Connect to ipv6#[::1]:9092 failed: Connection refused (after 0ms in state CONNECT)
2026-09-23 12:34:08,065 [ERROR] Delivery failed for record b'QP591': KafkaError{code=_MSG_TIMED_OUT,val=-192,str="Local: Message timed out"}
2026-09-23 12:34:08,065 [INFO] Produced UK826 | BLR -> HYD | status=ON_TIME delay=0min
%3|1790147048.736|FAIL|rdkafka#producer-1| [thrd:localhost:9092/bootstrap]: localhost:9092/bootstrap: Connect to ipv4#127.0.0.1:9092 failed: Connection refused (after 0ms in state CONNECT)
2026-09-23 12:34:09,069 [ERROR] Delivery failed for record b'UK319': KafkaError{code=_MSG_TIMED_OUT,val=-192,str="Local: Message timed out"}
2026-09-23 12:34:09,069 [INFO] Produced AI562 | DEL -> BLR | status=ON_TIME delay=0min
%3|1790147049.742|FAIL|rdkafka#producer-1| [thrd:localhost:9092/1]: localhost:9092/1: Connect to ipv4#127.0.0.1:9092 failed: Connection refused (after 0ms in state CONNECT)
%3|1790147049.798|FAIL|rdkafka#producer-1| [thrd:localhost:9092/1]: localhost:9092/1: Connect to ipv6#[::1]:9092 failed: Connection refused (after 0ms in state CONNECT)
2026-09-23 12:34:10,074 [ERROR] Delivery failed for record b'AI528': KafkaError{code=_MSG_TIMED_OUT,val=-192,str="Local: Message timed out"}
2026-09-23 12:34:10,075 [INFO] Produced AI961 | MAA -> BLR | status=ON_TIME delay=0min
%3|1790147050.803|FAIL|rdkafka#producer-1| [thrd:localhost:9092/bootstrap]: localhost:9092/bootstrap: Connect to ipv6#[::1]:9092 failed: Connection refused (after 0ms in state CONNECT)
2026-09-23 12:34:11,080 [ERROR] Delivery failed for record b'QP528': KafkaError{code=_MSG_TIMED_OUT,val=-192,str="Local: Message timed out"}
2026-09-23 12:34:11,080 [INFO] Produced I5775 | MAA -> DEL | status=ON_TIME delay=0min
%3|1790147051.753|FAIL|rdkafka#producer-1| [thrd:localhost:9092/bootstrap]: localhost:9092/bootstrap: Connect to ipv4#127.0.0.1:9092 failed: Connection refused (after 0ms in state CONNECT)
%3|1790147051.809|FAIL|rdkafka#producer-1| [thrd:localhost:9092/1]: localhost:9092/1: Connect to ipv4#127.0.0.1:9092 failed: Connection refused (after 0ms in state CONNECT)
2026-09-23 12:34:12,085 [ERROR] Delivery failed for record b'AI186': KafkaError{code=_MSG_TIMED_OUT,val=-192,str="Local: Message timed out"}
2026-09-23 12:34:12,085 [INFO] Produced SG630 | DEL -> CCU | status=DELAYED delay=50min
%3|1790147052.758|FAIL|rdkafka#producer-1| [thrd:localhost:9092/bootstrap]: localhost:9092/bootstrap: Connect to ipv6#[::1]:9092 failed: Connection refused (after 0ms in state CONNECT)
%3|1790147052.814|FAIL|rdkafka#producer-1| [thrd:localhost:9092/bootstrap]: localhost:9092/bootstrap: Connect to ipv4#127.0.0.1:9092 failed: Connection refused (after 0ms in state CONNECT)
2026-09-23 12:34:13,090 [ERROR] Delivery failed for record b'UK670': KafkaError{code=_MSG_TIMED_OUT,val=-192,str="Local: Message timed out"}
2026-09-23 12:34:13,090 [INFO] Produced SG918 | MAA -> CCU | status=CANCELLED delay=0min
%3|1790147053.764|FAIL|rdkafka#producer-1| [thrd:localhost:9092/1]: localhost:9092/1: Connect to ipv6#[::1]:9092 failed: Connection refused (after 0ms in state CONNECT)
%3|1790147053.819|FAIL|rdkafka#producer-1| [thrd:localhost:9092/1]: localhost:9092/1: Connect to ipv4#127.0.0.1:9092 failed: Connection refused (after 0ms in state CONNECT)
2026-09-23 12:34:14,095 [ERROR] Delivery failed for record b'I5936': KafkaError{code=_MSG_TIMED_OUT,val=-192,str="Local: Message timed out"}
2026-09-23 12:34:14,095 [INFO] Produced UK165 | CCU -> HYD | status=ON_TIME delay=0min
%3|1790147054.767|FAIL|rdkafka#producer-1| [thrd:localhost:9092/1]: localhost:9092/1: Connect to ipv6#[::1]:9092 failed: Connection refused (after 0ms in state CONNECT)
%3|1790147054.824|FAIL|rdkafka#producer-1| [thrd:localhost:9092/bootstrap]: localhost:9092/bootstrap: Connect to ipv6#[::1]:9092 failed: Connection refused (after 0ms in state CONNECT)
2026-09-23 12:34:15,100 [ERROR] Delivery failed for record b'AI161': KafkaError{code=_MSG_TIMED_OUT,val=-192,str="Local: Message timed out"}
2026-09-23 12:34:15,100 [INFO] Produced AI255 | MAA -> BOM | status=DELAYED delay=78min
%3|1790147055.773|FAIL|rdkafka#producer-1| [thrd:localhost:9092/bootstrap]: localhost:9092/bootstrap: Connect to ipv4#127.0.0.1:9092 failed: Connection refused (after 0ms in state CONNECT)
%3|1790147055.829|FAIL|rdkafka#producer-1| [thrd:localhost:9092/1]: localhost:9092/1: Connect to ipv4#127.0.0.1:9092 failed: Connection refused (after 0ms in state CONNECT)
2026-09-23 12:34:16,105 [ERROR] Delivery failed for record b'I5134': KafkaError{code=_MSG_TIMED_OUT,val=-192,str="Local: Message timed out"}
2026-09-23 12:34:16,106 [INFO] Produced SG284 | BOM -> BLR | status=ON_TIME delay=0min
%3|1790147056.779|FAIL|rdkafka#producer-1| [thrd:localhost:9092/bootstrap]: localhost:9092/bootstrap: Connect to ipv6#[::1]:9092 failed: Connection refused (after 0ms in state CONNECT)
%3|1790147056.830|FAIL|rdkafka#producer-1| [thrd:localhost:9092/bootstrap]: localhost:9092/bootstrap: Connect to ipv4#127.0.0.1:9092 failed: Connection refused (after 0ms in state CONNECT)
2026-09-23 12:34:17,111 [ERROR] Delivery failed for record b'QP143': KafkaError{code=_MSG_TIMED_OUT,val=-192,str="Local: Message timed out"}
2026-09-23 12:34:17,111 [INFO] Produced UK270 | BLR -> BOM | status=ON_TIME delay=0min
